#include "colmap_data.h"

const uint8_t COLMAP[100][20][30] = {
  { /* sala 00 (0x00) */
    {0xE0,0xE0,0xE0,0xE0,0xE0,0xE0,0xE0,0xE0,0xE0,0xE0,0xE0,0xE0,0xE0,0xE0,0xE0,0xE0,0xE0,0xE0,0xE0,0xE0,0xE0,0xE0,0xE0,0xE0,0xE0,0xE0,0xE0,0xE0,0xE0,0xE0},
    {0xE0,0xE0,0xE0,0xE0,0xE0,0xE0,0xE0,0xE0,0xE0,0xE0,0xE0,0xE0,0xE0,0xE0,0xE0,0xE0,0xE0,0xE0,0xE0,0xE0,0xE0,0xE0,0xE0,0xE0,0xE0,0xE0,0xE0,0xE0,0xE0,0xE0},
    {0xE0,0xE0,0xE0,0xE0,0xE0,0xE0,0xE0,0xE0,0xE0,0xE0,0xE0,0xE0,0xE0,0xE0,0xE0,0xE0,0xE0,0xE0,0xE0,0xE0,0xE0,0xE0,0xE0,0xE0,0xE0,0x00,0x00,0x00,0xA0,0xA0},
    {0xE0,0xE0,0xE0,0xE0,0xE0,0xE0,0xE0,0xE0,0xE0,0xE0,0xE0,0xE0,0xE0,0xE0,0xE0,0xE0,0xE0,0xE0,0xE0,0xE0,0xE0,0xE0,0xE0,0xE0,0x00,0x00,0x00,0x00,0xA2,0xA2},
    {0xE0,0xE0,0x24,0x20,0x00,0x00,0x00,0x00,0x00,0x00,0x00,0x00,0x00,0x00,0x00,0x00,0x00,0x00,0x00,0x00,0x00,0x00,0x00,0x00,0x00,0x00,0x00,0x00,0xA2,0xA2},
    {0xE0,0xE0,0x20,0x20,0x00,0x00,0x00,0x00,0x00,0x00,0x00,0x00,0x00,0x00,0x00,0x00,0x00,0x00,0x00,0x00,0x00,0x00,0x00,0x00,0x00,0x00,0xE0,0xE0,0xA0,0xA0},
    {0xE0,0xE0,0x24,0x20,0x00,0x00,0x00,0x00,0x00,0x00,0x00,0x00,0x00,0x00,0x00,0x00,0x00,0x00,0x00,0x00,0x00,0x00,0x00,0x00,0xE0,0xE0,0xE0,0xE0,0xE0,0xE0},
    {0xE0,0xE0,0x20,0x20,0x00,0x00,0x00,0x00,0x00,0x00,0x00,0x00,0x00,0x00,0x00,0x00,0x00,0x00,0x00,0x00,0x00,0x00,0xE0,0xE0,0xE0,0xE0,0xE0,0xE0,0xE0,0xE0},
    {0xE0,0xE0,0x00,0x00,0x00,0x00,0xE0,0xE0,0xE0,0xE0,0xE0,0xE0,0xE0,0xE0,0x00,0x00,0x00,0x00,0x00,0x00,0x00,0x00,0xE0,0xE0,0xE0,0xE0,0xE0,0xE0,0xE0,0xE0},
    {0x00,0xE0,0x00,0x00,0xE0,0xE0,0xE0,0xE0,0xE0,0xE0,0xE0,0xE0,0xE0,0xE0,0x00,0x00,0x00,0x00,0x00,0x00,0x00,0x00,0xE0,0xE0,0xE0,0xE0,0xE0,0xE0,0xE0,0xE0},
    {0x00,0x00,0x00,0x00,0xE0,0xE0,0xE0,0xE0,0xE0,0xE0,0xE0,0xE0,0xE0,0xE0,0x00,0x00,0x00,0x00,0x00,0x00,0x00,0x00,0xE0,0xE0,0xE0,0xE0,0xE0,0xE0,0xE0,0xE0},
    {0x00,0x00,0x00,0x00,0xE0,0xE0,0xE0,0xE0,0xE0,0xE0,0xE0,0xE0,0xE0,0xE0,0x00,0x00,0x00,0x00,0x00,0x00,0x00,0x00,0xE0,0xE0,0xE0,0xE0,0xE0,0xE0,0xE0,0xE0},
    {0x00,0x00,0x00,0x00,0xE0,0xE0,0xE0,0xE0,0xE0,0xE0,0x00,0x00,0x00,0x00,0x00,0x00,0x00,0x00,0xA0,0xA0,0x00,0x00,0x00,0x00,0x00,0x00,0xE0,0xE0,0xE0,0xE0},
    {0x00,0x00,0x00,0x00,0x00,0xE0,0xE0,0xE0,0xE0,0xE0,0x00,0x00,0x00,0x00,0x00,0x00,0xA0,0xA0,0x00,0x00,0x00,0x00,0x00,0x00,0x00,0x00,0xE0,0xE0,0xE0,0xE0},
    {0x00,0x00,0x00,0x00,0x00,0x00,0xE0,0xE0,0xE0,0xE0,0x00,0x00,0x00,0x00,0xA0,0xA0,0x00,0x00,0x00,0x00,0x00,0x00,0x00,0x00,0x00,0x00,0xE0,0xE0,0xE0,0xE0},
    {0x00,0x00,0x00,0x00,0x00,0x00,0xE0,0xE0,0xE0,0xE0,0x00,0x00,0xA0,0xA0,0x00,0x00,0x00,0x00,0x00,0x00,0x00,0x00,0x00,0x00,0x00,0x00,0xE0,0xE0,0xE0,0xE0},
    {0x00,0x00,0x00,0x00,0x00,0x00,0xE0,0xE0,0xE0,0xE0,0xA0,0xA0,0x00,0x00,0x00,0x00,0x00,0x00,0x00,0x00,0x00,0x00,0x00,0x00,0x00,0x00,0xE0,0xE0,0xE0,0xE0},
    {0x00,0x00,0x00,0x00,0x00,0x00,0xE0,0xE0,0xE0,0xE0,0x00,0x00,0x00,0x00,0x00,0x00,0x00,0x00,0x00,0x00,0x00,0x00,0x24,0x20,0x24,0x20,0xE0,0xE0,0xE0,0xE0},
    {0x00,0x00,0x00,0x00,0x00,0x00,0xE0,0xE0,0xE0,0xE0,0x00,0x00,0x00,0x00,0x00,0x00,0x00,0x00,0x00,0x00,0x00,0x00,0x20,0x20,0x20,0x20,0xE0,0xE0,0xE0,0xE0},
    {0x00,0x00,0x00,0x00,0x00,0x00,0xE0,0xE0,0xE0,0xE0,0xE0,0xE0,0xE0,0xE0,0xE0,0xE0,0xE0,0xE0,0xE0,0xE0,0xE0,0xE0,0xE0,0xE0,0xE0,0xE0,0xE0,0xE0,0xE0,0xE0},
  },
  { /* sala 01 (0x01) */
    {0xE0,0xE0,0xE0,0xE0,0xE0,0xE0,0xE0,0xE0,0xE0,0xE0,0xE0,0xE0,0xE0,0xE0,0xE0,0xE0,0xE0,0xE0,0xE0,0xE0,0xE0,0xE0,0xE0,0xE0,0xE0,0xE0,0xE0,0xE0,0xE0,0xE0},
    {0xE0,0xE0,0xE0,0xE0,0xE0,0xE0,0xE0,0xE0,0xE0,0xE0,0xE0,0xE0,0xE0,0xE0,0xE0,0xE0,0xE0,0xE0,0xE0,0xE0,0xE0,0xE0,0xE0,0xE0,0xE0,0xE0,0xE0,0xE0,0xE0,0xE0},
    {0xA0,0xA0,0x00,0x00,0xE0,0xE0,0xE0,0xE0,0xE0,0xE0,0xE0,0xE0,0xE0,0xE0,0xE0,0xE0,0xE0,0xE0,0xE0,0xE0,0xE0,0xE0,0xE0,0xE0,0xE0,0xE0,0x00,0x00,0xA0,0xA0},
    {0xA2,0xA2,0x00,0x00,0x00,0x00,0xE0,0xE0,0xE0,0xE0,0xE0,0xE0,0xE0,0xE0,0xE0,0xE0,0xE0,0xE0,0xE0,0xE0,0xE0,0xE0,0xE0,0xE0,0x00,0x00,0x00,0x00,0xA2,0xA2},
    {0xA2,0xA2,0x00,0x00,0x00,0x00,0xA1,0xA1,0xA1,0xA1,0xA1,0xA1,0xA1,0xA1,0xA1,0xA1,0xA1,0xA1,0xA1,0xA1,0xA0,0xA0,0xA1,0xA1,0x00,0x00,0x00,0x00,0xA2,0xA2},
    {0xA0,0xA0,0x00,0x00,0x00,0x00,0x00,0x00,0x00,0x00,0x00,0x00,0xA8,0xA8,0x00,0x00,0x00,0x00,0x00,0x00,0x20,0x20,0x00,0x00,0x00,0x00,0x00,0x00,0xA0,0xA0},
    {0xE0,0xE0,0x00,0x00,0x00,0x00,0x00,0x00,0x00,0x00,0x00,0x00,0xA8,0xA8,0x00,0x00,0x00,0x00,0x00,0x00,0x20,0x20,0x00,0x00,0x00,0x00,0x00,0x00,0xE0,0xE0},
    {0xE0,0xE0,0x00,0x00,0x00,0x00,0xE0,0xE0,0xE0,0xE0,0xE0,0xE0,0xE0,0xE0,0xE0,0xE0,0xE0,0xE0,0xE0,0xE0,0x20,0x20,0x00,0x00,0xE0,0xE0,0xE0,0xE0,0xE0,0xE0},
    {0xE0,0xE0,0x00,0x00,0x00,0x00,0x38,0x38,0x00,0x00,0x00,0x00,0x00,0x00,0x00,0x00,0x00,0x00,0xA8,0xA8,0x20,0x20,0x00,0x00,0x00,0x00,0x24,0x20,0xE0,0xE0},
    {0xE0,0xE0,0x00,0x00,0x00,0x00,0x38,0x38,0x00,0x00,0x00,0x00,0x00,0x00,0x00,0x00,0x00,0x00,0xA8,0xA8,0x20,0x20,0x00,0x00,0x00,0x00,0x20,0x20,0xE0,0xE0},
    {0xE0,0xE0,0x00,0x00,0x00,0x00,0xE0,0xE0,0xE0,0xE0,0xE0,0xE0,0xE0,0xE0,0xE0,0xE0,0xE0,0xE0,0xE0,0xE0,0xA0,0xA0,0x00,0x00,0x00,0x00,0xE0,0xE0,0xE0,0xE0},
    {0xE0,0xE0,0x00,0x00,0x00,0x00,0x38,0x38,0x00,0x00,0x00,0x00,0x00,0x00,0x00,0x00,0x00,0x00,0xA8,0xA8,0x00,0x00,0x00,0x00,0x00,0x00,0x24,0x20,0xE0,0xE0},
    {0xE0,0xE0,0x00,0x00,0x00,0x00,0x38,0x38,0x00,0x00,0x00,0x00,0x00,0x00,0x00,0x00,0x00,0x00,0xA8,0xA8,0x00,0x00,0x00,0x00,0x00,0x00,0x20,0x20,0xE0,0xE0},
    {0xE0,0xE0,0x00,0x00,0x00,0x00,0xE0,0xE0,0xE0,0xE0,0xE0,0xE0,0xE0,0xE0,0xE0,0xE0,0xE0,0xE0,0xE0,0xE0,0x00,0x00,0x00,0x00,0x00,0x00,0xE0,0xE0,0xE0,0xE0},
    {0xE0,0xE0,0x00,0x00,0x00,0x00,0x38,0x38,0x00,0x00,0x00,0x00,0x00,0x00,0x00,0x00,0x00,0x00,0xA8,0xA8,0xA0,0xA0,0x00,0x00,0x00,0x00,0x24,0x20,0xE0,0xE0},
    {0xE0,0xE0,0x00,0x00,0x00,0x00,0x38,0x38,0x00,0x00,0x00,0x00,0x00,0x00,0x00,0x00,0x00,0x00,0xA8,0xA8,0x00,0x00,0x00,0x00,0x00,0x00,0x20,0x20,0xE0,0xE0},
    {0xE0,0xE0,0x00,0x00,0x00,0x00,0xE0,0xE0,0xE0,0xE0,0xE0,0xE0,0xE0,0xE0,0xE0,0xE0,0xE0,0xE0,0xE0,0xE0,0x00,0x00,0x00,0x00,0x00,0x00,0xE0,0xE0,0xE0,0xE0},
    {0xE0,0xE0,0x00,0x00,0x00,0x00,0xA8,0xA8,0x00,0x00,0x00,0x00,0x00,0x00,0x00,0x00,0x00,0x00,0x00,0x00,0x00,0x00,0x00,0x00,0x00,0x00,0x24,0x20,0xE0,0xE0},
    {0xE0,0xE0,0x00,0x00,0x00,0x00,0xA8,0xA8,0x00,0x00,0x00,0x00,0x00,0x00,0x00,0x00,0x00,0x00,0x00,0x00,0x00,0x00,0x00,0x00,0x00,0x00,0x20,0x20,0xE0,0xE0},
    {0xE0,0xE0,0xE0,0xE0,0xE0,0xE0,0xE0,0xE0,0xE0,0xE0,0xE0,0xE0,0xE0,0xE0,0xE0,0xE0,0xE0,0xE0,0xE0,0xE0,0xE0,0xE0,0xE0,0xE0,0xE0,0xE0,0xE0,0xE0,0xE0,0xE0},
  },
  { /* sala 02 (0x02) */
    {0xE0,0xE0,0xE0,0xE0,0xE0,0xE0,0xE0,0xE0,0xE0,0xE0,0xE0,0xE0,0xE0,0xE0,0xE0,0xE0,0xE0,0xE0,0xE0,0xE0,0xE0,0xE0,0xE0,0xE0,0xE0,0xE0,0xE0,0xE0,0xE0,0xE0},
    {0xE0,0xE0,0xE0,0xE0,0xE0,0xE0,0xE0,0xE0,0xE0,0xE0,0xE0,0xE0,0xE0,0xE0,0xE0,0xE0,0xE0,0xE0,0xE0,0xE0,0xE0,0xE0,0xE0,0xE0,0xE0,0xE0,0xE0,0xE0,0xE0,0xE0},
    {0xA0,0xA0,0x00,0x00,0xE0,0xE0,0xE0,0xE0,0xE0,0xE0,0xE0,0xE0,0xE0,0xE0,0xE0,0xE0,0xE0,0xE0,0xE0,0xE0,0xE0,0xE0,0xE0,0xE0,0xE0,0xE0,0xE0,0xE0,0xE0,0xE0},
    {0xA2,0xA2,0x00,0x00,0x00,0xE0,0xE0,0xE0,0xE0,0xE0,0xE0,0xE0,0xE0,0xE0,0xE0,0xE0,0xE0,0xE0,0xE0,0xE0,0xE0,0xE0,0xE0,0xE0,0xE0,0xE0,0xE0,0xE0,0xE0,0xE0},
    {0xA2,0xA2,0x00,0x00,0x00,0x00,0x00,0x00,0x00,0x00,0x00,0x00,0x00,0x00,0x00,0x00,0x00,0x00,0x00,0x00,0x00,0x00,0x00,0x00,0x00,0x00,0x00,0x00,0xA0,0xA0},
    {0xA0,0xA0,0x00,0x00,0x00,0x00,0x00,0x00,0x00,0x00,0x00,0x00,0x00,0x00,0x00,0x00,0x00,0x00,0x00,0x00,0x00,0x00,0x00,0x00,0x00,0x00,0x00,0x00,0xA2,0xA2},
    {0xE0,0xE0,0x00,0x00,0x00,0x00,0x00,0x00,0x00,0x00,0x00,0x00,0x00,0x00,0x00,0x00,0x00,0x00,0x00,0x00,0x00,0x00,0x00,0x00,0x00,0x00,0x00,0x00,0xA2,0xA2},
    {0xE0,0xE0,0xA0,0xA0,0x00,0x00,0x00,0x00,0x00,0x00,0x00,0x00,0x00,0x00,0x00,0x00,0x00,0x00,0x00,0x00,0x00,0x00,0x00,0x00,0xA0,0xA0,0xE0,0xE0,0xA0,0xA0},
    {0xE0,0xE0,0x24,0x20,0x00,0x00,0x00,0x00,0x00,0x00,0x00,0x00,0x00,0x00,0x00,0x00,0x00,0x00,0x00,0x00,0x00,0x00,0x00,0x00,0x00,0x00,0x24,0x20,0xE0,0xE0},
    {0xE0,0xE0,0x20,0x20,0x00,0x00,0x00,0x00,0x00,0x00,0x00,0x00,0x00,0x00,0x00,0x00,0x00,0x00,0x00,0x00,0x00,0x00,0x00,0x00,0x00,0x00,0x20,0x20,0xE0,0xE0},
    {0xE0,0xE0,0x00,0x00,0x00,0x00,0x00,0x00,0x00,0x00,0x00,0x00,0x00,0x00,0x00,0x00,0x00,0x00,0x00,0x00,0x00,0x00,0x00,0x00,0x00,0x00,0x00,0x00,0xE0,0xE0},
    {0xE0,0xE0,0xE0,0xE0,0x00,0x00,0x00,0x00,0x00,0x00,0x00,0x00,0x00,0x00,0xA0,0xA0,0xA0,0xA0,0x00,0x00,0x00,0x00,0x00,0x00,0x00,0x00,0x00,0x00,0xE0,0xE0},
    {0xE0,0xE0,0x00,0x00,0x00,0x00,0x00,0x00,0x00,0x00,0x00,0x00,0x00,0x00,0x00,0x00,0x00,0x00,0x00,0x00,0x00,0x00,0x00,0x00,0x00,0x00,0x00,0x00,0xE0,0xE0},
    {0xE0,0xE0,0x00,0x00,0x00,0x00,0x00,0x00,0x00,0x00,0x00,0x00,0x00,0x00,0x00,0x00,0x00,0x00,0x00,0x00,0x00,0x00,0x00,0x00,0x00,0x00,0x00,0x00,0xE0,0xE0},
    {0xE0,0xE0,0x00,0x00,0x00,0x00,0x00,0x00,0x00,0x00,0x00,0x00,0x00,0x00,0x00,0x00,0x00,0x00,0x00,0x00,0x00,0x00,0x00,0x00,0x00,0x00,0x00,0x00,0xE0,0xE0},
    {0xE0,0xE0,0xA0,0xA0,0x00,0x00,0x00,0x00,0x00,0x00,0x00,0x00,0x00,0x00,0x00,0x00,0x00,0x00,0x00,0x00,0x00,0x00,0x00,0x00,0xA0,0xA0,0xE0,0xE0,0xE0,0xE0},
    {0xE0,0xE0,0x00,0x00,0x00,0x00,0x00,0x00,0x00,0x00,0x00,0x00,0x00,0x00,0x00,0x00,0x00,0x00,0x00,0x00,0x00,0x00,0x00,0x00,0x00,0x00,0x00,0x00,0xE0,0xE0},
    {0xE0,0xE0,0x24,0x20,0x10,0x10,0x10,0x10,0x10,0x10,0x10,0x10,0x10,0x10,0x10,0x10,0x10,0x10,0x10,0x10,0x10,0x10,0x10,0x10,0x00,0x00,0x24,0x20,0xE0,0xE0},
    {0xE0,0xE0,0x20,0x20,0x10,0x10,0x10,0x10,0x10,0x10,0x10,0x10,0x10,0x10,0x10,0x10,0x10,0x10,0x10,0x10,0x10,0x10,0x10,0x10,0x00,0x00,0x20,0x20,0xE0,0xE0},
    {0xE0,0xE0,0xE0,0xE0,0xE0,0xE0,0xE0,0xE0,0xE0,0xE0,0xE0,0xE0,0xE0,0xE0,0xE0,0xE0,0xE0,0xE0,0xE0,0xE0,0xE0,0xE0,0xE0,0xE0,0xE0,0xE0,0xE0,0xE0,0xE0,0xE0},
  },
  { /* sala 03 (0x03) */
    {0xE0,0xE0,0xE0,0xE0,0xE0,0xE0,0xE0,0xE0,0x00,0x00,0x00,0x00,0x00,0x00,0x00,0x00,0x00,0x00,0x00,0x00,0x00,0x00,0x00,0x00,0x00,0x00,0x00,0x00,0x00,0x00},
    {0xE0,0xE0,0xE0,0xE0,0xE0,0xE0,0xE0,0xE0,0x00,0x00,0x00,0x00,0x00,0x00,0xE0,0xE0,0xE0,0xE0,0xE0,0xE0,0xE0,0xE0,0xE0,0xE0,0xE0,0xE0,0xE0,0xE0,0xE0,0xE0},
    {0xE0,0xE0,0xE0,0xE0,0xE0,0xE0,0xE0,0xE0,0x00,0x00,0x00,0x00,0x00,0x00,0xE0,0xE0,0xE0,0xE0,0xE0,0xE0,0xE0,0xE0,0xE0,0xE0,0xE0,0xE0,0xE0,0xE0,0xE0,0xE0},
    {0xE0,0xE0,0xE0,0xE0,0xE0,0xE0,0xE0,0xE0,0x00,0x00,0x00,0x00,0x00,0x00,0xE0,0xE0,0xE0,0xE0,0xE0,0xE0,0xE0,0xE0,0xE0,0xE0,0xE0,0xE0,0xE0,0xE0,0xE0,0xE0},
    {0xA0,0xA0,0x00,0x00,0x00,0x00,0xE0,0xE0,0x00,0x00,0x00,0x00,0x00,0x00,0xE0,0xE0,0xE0,0xE0,0xE0,0xE0,0xE0,0xE0,0xE0,0xE0,0xE0,0xE0,0xE0,0xE0,0xE0,0xE0},
    {0xA2,0xA2,0x00,0x00,0x00,0x00,0xE0,0xE0,0x00,0x00,0x00,0x00,0x00,0x00,0xE0,0xE0,0xE0,0xE0,0xE0,0xE0,0xE0,0xE0,0xE0,0xE0,0xE0,0xE0,0xE0,0xE0,0xE0,0xE0},
    {0xA2,0xA2,0x00,0x00,0x00,0x00,0xE0,0xE0,0x00,0x00,0x00,0x00,0x00,0x00,0xE0,0xE0,0xE0,0xE0,0x24,0x20,0x24,0x20,0x00,0x00,0x00,0x00,0x00,0x00,0x00,0x00},
    {0xA0,0xA0,0xE0,0xE0,0x00,0x00,0xE0,0x00,0x00,0x00,0x00,0x00,0x00,0x00,0xE0,0xE0,0xE0,0xE0,0x20,0x20,0x20,0x20,0x00,0x00,0x00,0x00,0x00,0x00,0x00,0x00},
    {0xE0,0xE0,0xE0,0xE0,0x00,0x00,0x00,0x00,0x00,0x00,0x00,0x00,0x00,0x00,0xE0,0xE0,0xE0,0xE0,0x00,0x00,0x00,0x00,0x00,0x00,0x00,0x00,0x00,0x00,0x00,0x00},
    {0xE0,0xE0,0xE0,0xE0,0x00,0x00,0x00,0x00,0x00,0x00,0x00,0x00,0x00,0x00,0xE0,0xE0,0xE0,0xE0,0x00,0x00,0x00,0x00,0x00,0x00,0x00,0x00,0x00,0x00,0x00,0x00},
    {0xE0,0xE0,0xE0,0xE0,0x00,0x00,0x00,0x00,0x00,0x00,0x00,0x00,0x00,0x00,0xE0,0xE0,0xE0,0xE0,0xA0,0xA0,0xA0,0xA0,0xA0,0xA0,0xA0,0xA0,0xA0,0xA0,0xA0,0xA0},
    {0xE0,0xE0,0xE0,0x00,0x00,0x00,0x00,0x00,0x00,0x00,0x00,0x00,0x00,0x00,0xE0,0xE0,0xE0,0xE0,0x00,0x00,0x00,0x00,0x00,0x00,0x00,0x00,0x00,0x00,0xE0,0xE0},
    {0xE0,0xE0,0x00,0x00,0x00,0x00,0x00,0x00,0x00,0x00,0x00,0x00,0x00,0x00,0xE0,0xE0,0xE0,0xE0,0x00,0x00,0x00,0x00,0x00,0x00,0x00,0x00,0x00,0x00,0xE0,0xE0},
    {0xE0,0xE0,0x00,0x00,0x00,0x00,0x00,0x00,0x00,0x00,0x00,0x00,0x00,0x00,0xE0,0xE0,0xE0,0xE0,0x24,0x20,0x00,0x00,0x00,0x00,0x00,0x00,0x00,0x00,0xE0,0xE0},
    {0xE0,0xE0,0x00,0x00,0x00,0x00,0x00,0x00,0x00,0x00,0x00,0x00,0x00,0x00,0xE0,0xE0,0xE0,0xE0,0x20,0x20,0x00,0x00,0x00,0x00,0x00,0x00,0x00,0x00,0xE0,0xE0},
    {0xE0,0xE0,0x00,0x00,0x00,0x00,0x00,0x00,0x00,0x00,0x00,0x00,0x00,0x00,0x00,0xE0,0xE0,0xE0,0xE0,0xE0,0xE0,0xE0,0xA0,0xA0,0xA0,0xA0,0xE0,0xE0,0xE0,0xE0},
    {0xE0,0xE0,0x00,0x00,0x00,0x00,0x00,0x00,0x00,0x00,0x00,0x00,0x00,0x00,0x00,0x00,0x00,0x00,0x00,0x00,0x00,0x00,0x00,0x00,0x00,0x00,0xE0,0xE0,0xE0,0xE0},
    {0xE0,0xE0,0x00,0x00,0x00,0x00,0x38,0x38,0x00,0x00,0x00,0x00,0x00,0x00,0x00,0x00,0x00,0x00,0x00,0x00,0x00,0x00,0x00,0x00,0x00,0x00,0x00,0xE0,0xE0,0xE0},
    {0xE0,0xE0,0x00,0x00,0x00,0x00,0x38,0x38,0x00,0x00,0x00,0x00,0x00,0x00,0x00,0x00,0x00,0x00,0x00,0x00,0x00,0x00,0x00,0x00,0x00,0x00,0x00,0x00,0xE0,0xE0},
    {0xE0,0xE0,0x00,0x00,0x00,0x00,0x00,0x00,0x00,0x00,0x00,0x00,0x00,0x00,0x00,0x00,0x00,0x00,0x00,0x00,0x00,0x00,0x00,0x00,0x00,0x00,0x00,0x00,0xE0,0xE0},
  },
  { /* sala 04 (0x04) */
    {0x00,0x00,0x00,0x00,0x00,0x00,0x00,0x00,0x00,0x00,0x00,0x00,0x00,0x00,0x00,0x00,0x00,0x00,0x00,0x00,0x00,0x00,0x00,0x00,0x00,0x00,0x00,0x00,0x00,0x00},
    {0xE0,0xE0,0xE0,0xE0,0xE0,0xE0,0xE0,0xE0,0xE0,0xE0,0xE0,0xE0,0xE0,0xE0,0xE0,0xE0,0xE0,0xE0,0xE0,0xE0,0xE0,0xE0,0xE0,0xE0,0xE0,0xE0,0xE0,0xE0,0xE0,0xE0},
    {0xE0,0xE0,0xE0,0xE0,0xE0,0xE0,0xE0,0xE0,0xE0,0xE0,0xE0,0xE0,0xE0,0xE0,0xE0,0xE0,0xE0,0xE0,0xE0,0xE0,0xE0,0xE0,0xE0,0xE0,0xE0,0xE0,0xE0,0xE0,0xE0,0xE0},
    {0xE0,0xE0,0xE0,0xE0,0xE0,0xE0,0xE0,0xE0,0xE0,0xE0,0xE0,0xE0,0xE0,0xE0,0xE0,0xE0,0xE0,0xE0,0xE0,0xE0,0xE0,0xE0,0xE0,0xE0,0xE0,0xE0,0xE0,0xE0,0xE0,0xE0},
    {0xE0,0xE0,0xE0,0xE0,0xE0,0xE0,0xE0,0xE0,0xE0,0xE0,0xE0,0xE0,0x00,0x00,0x00,0x00,0x24,0x20,0x24,0x20,0x24,0x20,0x24,0x20,0x24,0x20,0x24,0x20,0xE0,0xE0},
    {0xE0,0xE0,0xE0,0xE0,0xE0,0xE0,0xE0,0xE0,0xE0,0xE0,0xE0,0x00,0x00,0x00,0x00,0x00,0x20,0x20,0x20,0x20,0x20,0x20,0x20,0x20,0x20,0x20,0x20,0x20,0xE0,0xE0},
    {0x00,0x00,0x00,0x00,0x00,0x00,0x00,0x00,0x00,0x00,0x00,0x00,0x00,0x00,0x00,0x00,0x38,0x38,0x00,0x00,0x38,0x38,0x00,0x00,0x38,0x38,0x00,0x00,0xE0,0xE0},
    {0x00,0x00,0x00,0x00,0x00,0x00,0x00,0x00,0x00,0x00,0x00,0x00,0x00,0x00,0x00,0x00,0x38,0x38,0x00,0x00,0x38,0x38,0x00,0x00,0x38,0x38,0x00,0x00,0xE0,0xE0},
    {0x00,0x00,0x00,0x00,0x00,0x00,0x00,0x00,0x00,0x00,0x00,0x00,0x00,0x00,0x00,0x00,0xA8,0xA8,0x00,0x00,0xA8,0xA8,0x00,0x00,0xA8,0xA8,0x00,0x00,0xE0,0xE0},
    {0x00,0x00,0x00,0x00,0x00,0x00,0x00,0x00,0x00,0x00,0x00,0x00,0x00,0x00,0x00,0x00,0xA8,0xA8,0x00,0x00,0xA8,0xA8,0x00,0x00,0xA8,0xA8,0x00,0x00,0xE0,0xE0},
    {0xA0,0xA0,0x00,0x00,0x00,0x00,0x00,0x00,0x00,0x00,0xE0,0xE0,0xE0,0xE0,0xE0,0xE0,0xE0,0xE0,0xE0,0xE0,0xE0,0xE0,0xE0,0xE0,0xE0,0xE0,0xE0,0xE0,0xE0,0xE0},
    {0xE0,0xE0,0x00,0x00,0x00,0x00,0x00,0x00,0x00,0x00,0x00,0x00,0x00,0x00,0x00,0x00,0x00,0x00,0x00,0x00,0x00,0x00,0x00,0x00,0x00,0x00,0x00,0x00,0xE0,0xE0},
    {0xE0,0xE0,0x00,0x00,0x00,0x00,0x00,0x00,0x00,0x00,0x00,0x00,0x00,0x00,0x00,0x00,0x00,0x00,0x00,0x00,0x38,0x38,0x00,0x00,0x00,0x00,0x00,0x00,0xE0,0xE0},
    {0xE0,0xE0,0x00,0x00,0x00,0x00,0x00,0x00,0x00,0x00,0x00,0x00,0x00,0x00,0x00,0x00,0x00,0x00,0x00,0x00,0x38,0x38,0x00,0x00,0x00,0x00,0x00,0x00,0xA0,0xA0},
    {0xE0,0xE0,0x00,0x00,0x00,0x00,0x00,0x00,0x00,0x00,0x00,0x00,0x00,0x00,0x00,0x00,0x00,0x00,0x00,0x00,0xA8,0xA8,0x00,0x00,0x00,0x00,0x00,0x00,0xA2,0xA2},
    {0xE0,0xE0,0x00,0x00,0x00,0x00,0x00,0x00,0x00,0x00,0x00,0x00,0x00,0x00,0x00,0x00,0x00,0x00,0x00,0x00,0xA8,0xA8,0x00,0x00,0x00,0x00,0x00,0x00,0xA2,0xA2},
    {0xE0,0xE0,0x24,0x20,0x24,0x20,0x24,0x20,0x24,0x20,0x24,0x20,0x24,0x20,0xE0,0xE0,0xE0,0xE0,0xE0,0xE0,0xE0,0xE0,0xE0,0xE0,0x00,0x00,0xE0,0xE0,0xA0,0xA0},
    {0xE0,0xE0,0x20,0x20,0x20,0x20,0x20,0x20,0x20,0x20,0x20,0x20,0x20,0x20,0x00,0x00,0x00,0x00,0x00,0x00,0x00,0x00,0x00,0x00,0x00,0x00,0x00,0x00,0xE0,0xE0},
    {0xE0,0xE0,0x00,0x00,0x00,0x00,0x00,0x00,0x00,0x00,0x00,0x00,0x00,0x00,0x00,0x00,0x00,0x00,0x00,0x00,0x00,0x00,0x00,0x00,0x00,0x00,0x00,0x00,0xE0,0xE0},
    {0xE0,0xE0,0xE0,0xE0,0xE0,0xE0,0xE0,0xE0,0xE0,0xE0,0xE0,0xE0,0xE0,0xE0,0xE0,0xE0,0xE0,0xE0,0xE0,0xE0,0xE0,0xE0,0xE0,0xE0,0xE0,0xE0,0xE0,0xE0,0xE0,0xE0},
  },
  { /* sala 05 (0x05) */
    {0x00,0x00,0x00,0x00,0x00,0x00,0x00,0x00,0x00,0x00,0x00,0x00,0x00,0x00,0x00,0x00,0x00,0x00,0xE0,0xE0,0xE0,0xE0,0xE0,0xE0,0x00,0x00,0x00,0x00,0xE0,0xE0},
    {0xE0,0xE0,0xE0,0xE0,0xE0,0xE0,0xE0,0xE0,0xE0,0xE0,0xE0,0xE0,0xE0,0xE0,0xE0,0xE0,0xE0,0xE0,0xE0,0xE0,0xE0,0xE0,0xE0,0x00,0x00,0x00,0x00,0x00,0xA0,0xA0},
    {0xE0,0xE0,0xE0,0xE0,0xE0,0xE0,0xE0,0xE0,0xE0,0xE0,0xE0,0xE0,0xE0,0xE0,0xE0,0xE0,0xE0,0xE0,0xE0,0xE0,0xE0,0xE0,0x00,0x00,0x00,0x00,0x00,0x00,0xA2,0xA2},
    {0xE0,0xE0,0xE0,0xE0,0xE0,0xE0,0xE0,0xE0,0xE0,0xE0,0xE0,0xE0,0xE0,0xE0,0xE0,0xE0,0xE0,0xE0,0xE0,0xE0,0xE0,0x00,0x00,0x00,0x00,0x00,0x00,0x00,0xA2,0xA2},
    {0xE0,0xE0,0x00,0x00,0x00,0x00,0x00,0x00,0x00,0x00,0x00,0x00,0x00,0x00,0x00,0x00,0x00,0x00,0xE0,0xE0,0x00,0x00,0x00,0x00,0x00,0x00,0xE0,0xE0,0xA0,0xA0},
    {0xE0,0xE0,0x00,0x00,0x00,0x00,0x00,0x00,0x00,0x00,0x00,0x00,0x00,0x00,0x00,0x00,0x00,0x00,0xE0,0xE0,0x00,0x00,0x00,0x00,0x00,0x00,0xE0,0xE0,0xE0,0xE0},
    {0xE0,0xE0,0x00,0x00,0x00,0x00,0x00,0x00,0x00,0x00,0x00,0x00,0x00,0x00,0x00,0x00,0x00,0x00,0xE0,0xE0,0x00,0x00,0x00,0x00,0xE0,0xE0,0xE0,0xE0,0xE0,0xE0},
    {0xE0,0xE0,0x00,0x00,0x00,0x00,0x00,0x00,0x00,0x00,0x00,0x00,0x00,0x00,0x00,0x00,0x00,0x00,0xE0,0xE0,0x00,0x00,0x00,0x00,0xE0,0xE0,0xE0,0xE0,0xE0,0xE0},
    {0xE0,0xE0,0x24,0x20,0x24,0x20,0x24,0x20,0xE0,0xE0,0x10,0x10,0x00,0x00,0x00,0x00,0x10,0x10,0xE0,0xE0,0x00,0x00,0x00,0x00,0xE0,0xE0,0xE0,0xE0,0xE0,0xE0},
    {0xE0,0xE0,0x20,0x20,0x20,0x20,0x20,0x20,0xE0,0xE0,0x10,0x10,0x00,0x00,0x00,0x00,0x10,0x10,0xE0,0xE0,0x00,0x00,0x00,0x00,0x00,0xE0,0xE0,0xE0,0xE0,0xE0},
    {0xE0,0xE0,0xE0,0xE0,0xE0,0xE0,0xE0,0xE0,0xE0,0xE0,0x10,0x10,0x00,0x00,0x00,0x00,0x10,0x10,0xE0,0xE0,0xE0,0xE0,0x00,0x00,0x00,0x00,0xE0,0xE0,0xE0,0xE0},
    {0xE0,0xE0,0xE0,0xE0,0xE0,0xE0,0xE0,0xE0,0xE0,0xE0,0x00,0x00,0x00,0x00,0x00,0x00,0x00,0x00,0xE0,0xE0,0xE0,0xE0,0x00,0x00,0x00,0x00,0x00,0xE0,0xE0,0xE0},
    {0xE0,0xE0,0x00,0x00,0x00,0x00,0x00,0x00,0x00,0x00,0x00,0x00,0x00,0x00,0x00,0x00,0x00,0x00,0x00,0x00,0x00,0x00,0x00,0x00,0x00,0x00,0x00,0x00,0xE0,0xE0},
    {0xA0,0xA0,0x00,0x00,0x00,0x00,0x00,0x00,0x00,0x00,0x00,0x00,0x00,0x00,0x00,0x00,0x00,0x00,0x00,0x00,0x00,0x00,0x00,0x00,0x00,0x00,0x00,0x00,0xE0,0xE0},
    {0xA2,0xA2,0x00,0x00,0x00,0x00,0xE0,0xE0,0xE0,0xE0,0x10,0x10,0xA0,0xA0,0xA0,0xA0,0x10,0x10,0xE0,0xE0,0xE0,0xE0,0xE0,0xE0,0xE0,0xE0,0xE0,0xE0,0xE0,0xE0},
    {0xA2,0xA2,0x00,0x00,0x00,0x00,0xE0,0xE0,0xE0,0xE0,0x10,0x10,0x00,0x20,0x20,0x00,0x10,0x10,0xE0,0xE0,0xE0,0xE0,0xE0,0xE0,0xE0,0xE0,0xE0,0xE0,0xE0,0xE0},
    {0xA0,0xA0,0x00,0x00,0x00,0x00,0xE0,0xE0,0xE0,0xE0,0x10,0x10,0x00,0x20,0x20,0x00,0x10,0x10,0xE0,0xE0,0x00,0x00,0x00,0x00,0x00,0x00,0x00,0x00,0xA0,0xA0},
    {0xE0,0xE0,0xE0,0xE0,0x00,0x00,0xE0,0xE0,0xE0,0xE0,0x10,0x10,0x00,0x20,0x20,0x00,0x10,0x10,0xE0,0xE0,0x00,0x00,0x00,0x00,0x00,0x00,0x00,0x00,0xA2,0xA2},
    {0xE0,0xE0,0xE0,0xE0,0x00,0x00,0xE0,0xE0,0xE0,0xE0,0x10,0x10,0x00,0x20,0x20,0x00,0x10,0x10,0xE0,0xE0,0x00,0x00,0x00,0x00,0x00,0x00,0x00,0x00,0xA2,0xA2},
    {0xE0,0xE0,0xE0,0xE0,0xE0,0xE0,0xE0,0xE0,0xE0,0xE0,0xE0,0xE0,0xE0,0xE0,0xE0,0xE0,0xE0,0xE0,0xE0,0xE0,0xE0,0xE0,0xE0,0xE0,0x00,0x00,0xE0,0xE0,0xA0,0xA0},
  },
  { /* sala 06 (0x06) */
    {0xE0,0xE0,0x00,0x00,0x00,0x00,0xE0,0xE0,0xE0,0xE0,0xE0,0xE0,0x00,0x00,0x00,0x00,0x00,0x00,0x00,0x00,0x00,0x00,0x00,0x00,0x00,0x00,0x00,0x00,0x00,0x00},
    {0xA0,0xA0,0x00,0x00,0x00,0x00,0x00,0xE0,0xE0,0xE0,0xE0,0xE0,0xE0,0xE0,0xE0,0xE0,0xE0,0xE0,0xE0,0xE0,0xE0,0xE0,0xE0,0xE0,0xE0,0xE0,0xE0,0xE0,0xE0,0xE0},
    {0xA2,0xA2,0x00,0x00,0x00,0x00,0x00,0x00,0xE0,0xE0,0xE0,0xE0,0xE0,0xE0,0xE0,0xE0,0xE0,0xE0,0xE0,0xE0,0xE0,0xE0,0xE0,0xE0,0xE0,0xE0,0xE0,0xE0,0xE0,0xE0},
    {0xA2,0xA2,0x00,0x00,0x00,0x00,0x00,0x00,0x00,0xE0,0xE0,0xE0,0xE0,0xE0,0xE0,0xE0,0xE0,0xE0,0xE0,0xE0,0xE0,0xE0,0xE0,0xE0,0xE0,0xE0,0xE0,0xE0,0xE0,0xE0},
    {0xA0,0xA0,0xE0,0xE0,0x00,0x00,0x00,0x00,0x00,0x00,0x00,0x00,0x00,0x00,0x00,0x00,0x00,0x00,0x00,0x00,0x00,0x00,0x00,0x00,0x00,0x00,0x00,0x00,0xE0,0xE0},
    {0xE0,0xE0,0xE0,0xE0,0x00,0x00,0x00,0x00,0x00,0x00,0x00,0x00,0x00,0x00,0x00,0x00,0x00,0x00,0x00,0x00,0x00,0x00,0x00,0x00,0x00,0x00,0x00,0x00,0xE0,0xE0},
    {0xE0,0xE0,0xE0,0xE0,0xE0,0xE0,0x00,0x00,0x00,0x00,0x00,0x00,0x00,0x00,0x00,0x00,0x00,0x00,0x00,0x00,0x00,0x00,0x00,0x00,0x00,0x00,0x00,0x00,0xE0,0xE0},
    {0xE0,0xE0,0xE0,0xE0,0xE0,0xE0,0xE0,0xE0,0xE0,0xE0,0xE0,0xE0,0xE0,0xE0,0xE0,0xE0,0x00,0x00,0xE0,0xE0,0xE0,0xE0,0xE0,0xE0,0xE0,0xE0,0xE0,0xE0,0xE0,0xE0},
    {0xE0,0xE0,0x00,0x00,0x00,0x00,0x00,0x00,0x00,0x00,0x00,0x00,0x00,0x00,0x00,0x00,0x00,0x00,0x00,0x00,0x00,0x00,0x00,0x00,0x00,0x00,0x00,0x00,0xE0,0xE0},
    {0xE0,0xE0,0x00,0x00,0x00,0x00,0x00,0x00,0x00,0x00,0x00,0x00,0x00,0x00,0x00,0x00,0x00,0x00,0x00,0x00,0x00,0x00,0x00,0x00,0x00,0x00,0x00,0x00,0xE0,0xE0},
    {0xE0,0xE0,0xA0,0xA0,0xA0,0xA0,0xA0,0xA0,0xE0,0xE0,0xE0,0xE0,0xE0,0xE0,0x00,0x00,0x00,0x00,0x00,0x00,0xE0,0xE0,0xE0,0xE0,0xE0,0xE0,0x00,0x00,0xE0,0xE0},
    {0xE0,0xE0,0x00,0x00,0x00,0x00,0x00,0x00,0x00,0x00,0xA0,0xA0,0x00,0x00,0x00,0x00,0x00,0x00,0x00,0x00,0x00,0x00,0xA0,0xA0,0x00,0x00,0x00,0x00,0xE0,0xE0},
    {0xE0,0xE0,0x00,0x00,0x00,0x00,0x00,0x00,0x00,0x00,0xA0,0xA0,0x00,0x00,0x00,0x00,0x00,0x00,0x00,0x00,0x00,0x00,0xA0,0xA0,0x00,0x00,0x00,0x00,0xE0,0xE0},
    {0xE0,0xE0,0x38,0x38,0x00,0x00,0x00,0x00,0x00,0x00,0xA0,0xA0,0x00,0x00,0x00,0x00,0x00,0x00,0x00,0x00,0x00,0x00,0xA0,0xA0,0x00,0x00,0x00,0x00,0xE0,0xE0},
    {0xE0,0xE0,0xE0,0xE0,0x00,0x00,0xA0,0xA0,0x00,0x00,0xA0,0xA0,0x24,0x20,0x00,0x00,0x00,0x00,0x00,0x00,0x24,0x20,0xA0,0xA0,0x00,0x00,0x00,0x00,0xE0,0xE0},
    {0xE0,0xE0,0x00,0x00,0x00,0x00,0x00,0x00,0x00,0x00,0xA0,0xA0,0x20,0x20,0x00,0x00,0x00,0x00,0x00,0x00,0x20,0x20,0xA0,0xA0,0x00,0x00,0x00,0x00,0xE0,0xE0},
    {0xA0,0xA0,0x00,0x00,0x00,0x00,0x00,0x00,0xE0,0xE0,0xE0,0xE0,0xE0,0xE0,0x00,0x00,0x00,0x00,0x00,0x00,0x00,0x00,0xA0,0xA0,0x00,0x00,0x00,0x00,0xA0,0xA0},
    {0xA2,0xA2,0x00,0x00,0x00,0x00,0x00,0x00,0x00,0x00,0x00,0x00,0xA8,0xA8,0x00,0x00,0x00,0x00,0x00,0x00,0x00,0x00,0xA0,0xA0,0x00,0x00,0x00,0x00,0xA2,0xA2},
    {0xA2,0xA2,0x00,0x00,0x00,0x00,0x00,0x00,0x00,0x00,0x00,0x00,0xA8,0xA8,0x00,0x00,0x00,0x00,0x00,0x00,0x00,0x00,0xA0,0xA0,0x00,0x00,0x00,0x00,0xA2,0xA2},
    {0xA0,0xA0,0xE0,0xE0,0xE0,0xE0,0xE0,0xE0,0xE0,0xE0,0xE0,0xE0,0xE0,0xE0,0x00,0x00,0x00,0x00,0x00,0x00,0xE0,0xE0,0xE0,0xE0,0xE0,0xE0,0xE0,0xE0,0xA0,0xA0},
  },
  { /* sala 07 (0x07) */
    {0x00,0x00,0x00,0x00,0x00,0x00,0x00,0x00,0x00,0x00,0x00,0x00,0x00,0x00,0x00,0x00,0x00,0x00,0x00,0x00,0xE0,0xE0,0xE0,0xE0,0xE0,0xE0,0xE0,0xE0,0xE0,0xE0},
    {0xE0,0xE0,0xE0,0xE0,0xE0,0xE0,0xE0,0xE0,0xE0,0xE0,0xE0,0xE0,0xE0,0xE0,0xE0,0xE0,0xE0,0xE0,0xE0,0xE0,0xE0,0xE0,0xE0,0xE0,0xE0,0xE0,0xE0,0xE0,0xE0,0xE0},
    {0xE0,0xE0,0xE0,0xE0,0xE0,0xE0,0xE0,0xE0,0xE0,0xE0,0xE0,0xE0,0xE0,0xE0,0xE0,0xE0,0xE0,0xE0,0xE0,0xE0,0xE0,0xE0,0xE0,0xE0,0xE0,0xE0,0xE0,0xE0,0xE0,0xE0},
    {0xE0,0xE0,0xE0,0xE0,0xE0,0xE0,0xE0,0xE0,0xE0,0xE0,0xE0,0xE0,0xE0,0xE0,0xE0,0xE0,0xE0,0xE0,0xE0,0xE0,0xE0,0xE0,0xE0,0xE0,0xE0,0xE0,0xE0,0xE0,0xE0,0xE0},
    {0xE0,0xE0,0x10,0x10,0x00,0x00,0x00,0x00,0x00,0x00,0x00,0x00,0x00,0x00,0x00,0x00,0x00,0x00,0x00,0x00,0xA1,0xA1,0xA1,0xA1,0xA0,0xA0,0xA1,0xA1,0xE0,0xE0},
    {0xE0,0xE0,0x10,0x10,0x00,0x00,0x00,0x00,0x00,0x00,0x00,0x00,0x00,0x00,0x00,0x00,0x00,0x00,0xA8,0xA8,0x00,0x00,0x00,0x00,0x20,0x20,0xE0,0xE0,0xE0,0xE0},
    {0xE0,0xE0,0x10,0x10,0x00,0x00,0x00,0x00,0x00,0x00,0x00,0x00,0x00,0x00,0x00,0x00,0x00,0x00,0xA8,0xA8,0x00,0x00,0x00,0x00,0x20,0x20,0x00,0x00,0xE0,0xE0},
    {0xE0,0xE0,0x00,0x00,0x00,0x00,0x00,0x00,0x00,0x00,0xA0,0xA0,0x00,0x00,0x00,0x00,0xE0,0xE0,0xE0,0xE0,0xE0,0xE0,0xE0,0xE0,0x20,0x20,0x00,0x00,0xE0,0xE0},
    {0xE0,0xE0,0x10,0x10,0x00,0x00,0x00,0x00,0x00,0x00,0x00,0x00,0x00,0x00,0x00,0x00,0xA0,0xA0,0x00,0x00,0x00,0x00,0x00,0x00,0x20,0x20,0x00,0x00,0xE0,0xE0},
    {0xE0,0xE0,0x10,0x10,0x00,0x00,0x00,0x00,0x00,0x00,0x00,0x00,0x00,0x00,0x38,0x38,0xA0,0xA0,0x00,0x00,0x00,0x00,0x00,0x00,0x20,0x20,0x00,0x00,0xE0,0xE0},
    {0xE0,0xE0,0x00,0x00,0x00,0x00,0xA0,0xA0,0x00,0x00,0x00,0x00,0x00,0x00,0xE0,0xE0,0xE0,0xE0,0x00,0x00,0x00,0x00,0x00,0x00,0x20,0x20,0xE0,0xE0,0xE0,0xE0},
    {0xE0,0xE0,0x10,0x10,0x00,0x00,0x00,0x00,0x00,0x00,0x00,0x00,0x00,0x00,0x00,0x00,0x00,0x00,0x00,0x00,0x00,0x00,0x00,0x00,0x20,0x20,0x00,0x00,0xE0,0xE0},
    {0xE0,0xE0,0x10,0x10,0x00,0x00,0x00,0x00,0x00,0x00,0x00,0x00,0x00,0x00,0x00,0x00,0x00,0x00,0x00,0x00,0x00,0x00,0xA8,0xA8,0x20,0x20,0x00,0x00,0xE0,0xE0},
    {0xE0,0xE0,0x10,0x10,0x00,0x00,0x00,0x00,0x00,0x00,0x00,0x00,0x00,0x00,0x00,0x00,0x00,0x00,0x00,0x00,0x00,0x00,0xA8,0xA8,0x20,0x20,0x00,0x00,0xE0,0xE0},
    {0xE0,0xE0,0x10,0x10,0x00,0x00,0x00,0x00,0x00,0x00,0x00,0x00,0x00,0x00,0x38,0x38,0x00,0x00,0x00,0x00,0x00,0x00,0xE0,0xE0,0xA0,0xA0,0xE0,0xE0,0xE0,0xE0},
    {0xE0,0xE0,0xE0,0xE0,0xE0,0xE0,0xE0,0xE0,0x00,0x00,0x00,0x00,0x00,0x00,0xE0,0xE0,0x00,0x00,0x00,0x00,0x00,0x00,0x00,0x00,0x00,0x00,0x10,0x10,0xE0,0xE0},
    {0xA0,0xA0,0x00,0x00,0x00,0x00,0x00,0x00,0x00,0x00,0x00,0x00,0x00,0x00,0x00,0x00,0x00,0x00,0x00,0x00,0x00,0x00,0x00,0x00,0x00,0x00,0x10,0x10,0xA0,0xA0},
    {0xA2,0xA2,0x00,0x00,0x00,0x00,0x00,0x00,0x00,0x00,0xA8,0xA8,0x00,0x00,0x00,0x00,0xA8,0xA8,0x00,0x00,0x00,0x00,0x00,0x00,0x00,0x00,0x00,0x00,0xA2,0xA2},
    {0xA2,0xA2,0x00,0x00,0x00,0x00,0x00,0x00,0x00,0x00,0xA8,0xA8,0x00,0x00,0x00,0x00,0xA8,0xA8,0x00,0x00,0x00,0x00,0x00,0x00,0xA0,0xA0,0x00,0x00,0xA2,0xA2},
    {0xA0,0xA0,0xE0,0xE0,0xE0,0xE0,0xE0,0xE0,0xE0,0xE0,0xE0,0xE0,0xE0,0xE0,0xE0,0xE0,0xE0,0xE0,0xE0,0xE0,0xA0,0xA0,0xE0,0xE0,0xE0,0xE0,0xE0,0xE0,0xA0,0xA0},
  },
  { /* sala 08 (0x08) */
    {0xE0,0xE0,0xE0,0xE0,0xE0,0xE0,0xE0,0xE0,0xE0,0xE0,0xE0,0xE0,0xE0,0xE0,0xE0,0xE0,0xE0,0xE0,0xE0,0xE0,0xE0,0xE0,0xE0,0xE0,0xE0,0xE0,0xE0,0xE0,0xE0,0xE0},
    {0xE0,0xE0,0x00,0x00,0x00,0x00,0x00,0x00,0x00,0x00,0x00,0x00,0x00,0x00,0x00,0x00,0xA8,0xA8,0x00,0x00,0x00,0x00,0x00,0x00,0x00,0x00,0x00,0x00,0xA0,0xA0},
    {0xE0,0xE0,0x00,0x00,0x00,0x00,0x00,0x00,0x00,0x00,0x00,0x00,0x00,0x00,0x00,0x00,0xA8,0xA8,0x00,0x00,0x00,0x00,0x00,0x00,0x00,0x00,0x00,0x00,0xA2,0xA2},
    {0xE0,0xE0,0x00,0x00,0x18,0x18,0x00,0x00,0xA8,0xA8,0x00,0x00,0x00,0x00,0xE0,0xE0,0xE0,0xE0,0xE0,0xE0,0x00,0x00,0x00,0x00,0x00,0x00,0x00,0x00,0xA2,0xA2},
    {0xE0,0xE0,0x00,0x00,0xA8,0xA8,0x00,0x00,0xA8,0xA8,0x00,0x00,0xA8,0xA8,0x00,0x00,0x00,0x00,0x00,0x00,0xA8,0xA8,0x00,0x00,0x00,0x00,0x00,0x00,0xA0,0xA0},
    {0xE0,0xE0,0xE0,0xE0,0xE0,0xE0,0xE0,0xE0,0xE0,0xE0,0x00,0x00,0xA8,0xA8,0x00,0x00,0x00,0x00,0x00,0x00,0xA8,0xA8,0x00,0x00,0x00,0x00,0x00,0x00,0xE0,0xE0},
    {0xE0,0xE0,0xE0,0xE0,0xE0,0xE0,0xE0,0xE0,0xE0,0xE0,0xE0,0xE0,0xE0,0xE0,0xE0,0xE0,0x00,0x00,0xE0,0xE0,0xE0,0xE0,0xE0,0xE0,0x00,0x00,0x00,0x00,0xE0,0xE0},
    {0xE0,0xE0,0x00,0x00,0x00,0x00,0xA8,0xA8,0x00,0x00,0x00,0x00,0x00,0x00,0x00,0x00,0x00,0x00,0x00,0x00,0x00,0x00,0x00,0x00,0x00,0x00,0x00,0x00,0xE0,0xE0},
    {0xE0,0xE0,0x00,0x00,0x00,0x00,0xA8,0xA8,0x00,0x00,0x00,0x00,0x00,0x00,0x00,0x00,0xA8,0xA8,0x00,0x00,0x00,0x00,0x00,0x00,0x00,0x00,0xE0,0xE0,0xE0,0xE0},
    {0xE0,0xE0,0x00,0x00,0x00,0xE0,0xE0,0xE0,0x00,0x00,0x00,0x00,0x00,0x00,0x00,0x00,0xA8,0xA8,0x00,0x00,0x00,0x00,0x00,0x00,0x00,0x00,0x00,0x00,0xE0,0xE0},
    {0xE0,0xE0,0x00,0x00,0x00,0x00,0x00,0x00,0x00,0x00,0x00,0x00,0x00,0x00,0xE0,0xE0,0xE0,0xE0,0x00,0x00,0xE0,0xE0,0x00,0x00,0x00,0x00,0x00,0x00,0xE0,0xE0},
    {0xE0,0xE0,0x00,0x00,0x00,0x00,0x00,0x00,0x00,0x00,0x00,0x00,0x00,0x00,0x00,0x00,0x00,0x00,0x00,0x00,0x00,0x00,0x00,0x00,0x00,0x00,0x00,0x00,0xE0,0xE0},
    {0xE0,0xE0,0x00,0x00,0x00,0x00,0xA8,0xA8,0x00,0x00,0xA8,0xA8,0x00,0x00,0xA8,0xA8,0x00,0x00,0x00,0x00,0x00,0x00,0x00,0x00,0x00,0x00,0x00,0x00,0xE0,0xE0},
    {0xE0,0xE0,0x00,0x00,0x00,0x00,0xA8,0xA8,0x00,0x00,0xA8,0xA8,0x00,0x00,0xA8,0xA8,0x00,0x00,0x00,0x00,0x00,0x00,0x00,0x00,0x00,0x00,0x00,0x00,0xE0,0xE0},
    {0xE0,0xE0,0x00,0x00,0xE0,0xE0,0xE0,0xE0,0x00,0x00,0x00,0xE0,0xE0,0xE0,0xE0,0xE0,0xE0,0xE0,0xE0,0xE0,0xE0,0xE0,0x00,0x00,0x00,0x00,0x00,0x00,0xE0,0xE0},
    {0xE0,0xE0,0x00,0x00,0x00,0x00,0x00,0x00,0x00,0x00,0x00,0x00,0x00,0x00,0x00,0x00,0x00,0x00,0x00,0x00,0xE0,0xE0,0xE0,0xE0,0x00,0x00,0x00,0x00,0xE0,0xE0},
    {0xA0,0xA0,0x00,0x00,0x00,0x00,0x00,0x00,0x00,0x00,0x00,0x00,0x00,0x00,0x00,0x00,0x00,0x00,0x00,0x00,0xE0,0xE0,0xE0,0xE0,0x00,0x00,0x00,0x00,0xE0,0xE0},
    {0xA2,0xA2,0x00,0x00,0x00,0x00,0x00,0x00,0x00,0x00,0x00,0x00,0x00,0x00,0xA8,0xA8,0x00,0x00,0x00,0x00,0x00,0x00,0x00,0x00,0x00,0x00,0x00,0x00,0xE0,0xE0},
    {0xA2,0xA2,0x00,0x00,0x00,0x00,0x00,0x00,0x00,0x00,0x00,0x00,0x00,0x00,0xA8,0xA8,0x00,0x00,0x00,0x00,0x00,0x00,0x00,0x00,0x00,0x00,0x00,0x00,0xE0,0xE0},
    {0xA0,0xA0,0xE0,0xE0,0xE0,0xE0,0xE0,0xE0,0xE0,0xE0,0xE0,0xE0,0xE0,0xE0,0xE0,0xE0,0xE0,0xE0,0xE0,0xE0,0xE0,0xE0,0xE0,0xE0,0xE0,0xE0,0xE0,0xE0,0xE0,0xE0},
  },
  { /* sala 09 (0x09) */
    {0xE0,0xE0,0xE0,0xE0,0xE0,0xE0,0xE0,0xE0,0xE0,0xE0,0xE0,0xE0,0xE0,0xE0,0xE0,0xE0,0xE0,0xE0,0xE0,0xE0,0xE0,0xE0,0xE0,0xE0,0xE0,0xE0,0xE0,0xE0,0xE0,0xE0},
    {0xA0,0xA0,0x00,0x00,0x00,0x00,0x00,0x00,0x00,0x00,0x00,0x00,0x00,0x00,0x00,0x00,0x00,0x00,0xA8,0xA8,0x00,0x00,0x00,0x00,0x00,0x00,0x00,0x00,0xE0,0xE0},
    {0xA2,0xA2,0x00,0x00,0x00,0x00,0x00,0x00,0x00,0x00,0x00,0x00,0x00,0x00,0x00,0x00,0x00,0x00,0xA8,0xA8,0x00,0x00,0x00,0x00,0x00,0x00,0x00,0x00,0xE0,0xE0},
    {0xA2,0xA2,0x00,0x00,0xE0,0xE0,0xE0,0xE0,0xE0,0xE0,0x00,0x00,0x00,0x00,0x00,0x00,0xE0,0xE0,0xE0,0xE0,0xE0,0xE0,0xE0,0xE0,0x10,0x10,0x00,0x00,0xE0,0xE0},
    {0xA0,0xA0,0x00,0x00,0x00,0x00,0x00,0x00,0x38,0x38,0x00,0x00,0x00,0x00,0x38,0x38,0x00,0x00,0x00,0x00,0x00,0x00,0xE0,0xE0,0x10,0x10,0x00,0x00,0xE0,0xE0},
    {0xE0,0xE0,0x00,0x00,0x00,0x00,0x00,0x00,0x38,0x38,0x00,0x00,0x00,0x00,0x38,0x38,0x00,0x00,0x00,0x00,0x00,0x00,0xE0,0xE0,0x10,0x10,0x00,0x00,0xE0,0xE0},
    {0xE0,0xE0,0x00,0x00,0xE0,0xE0,0xE0,0xE0,0xE0,0xE0,0xE0,0xE0,0xE0,0xE0,0xE0,0xE0,0xE0,0xE0,0xE0,0xE0,0x00,0x00,0x10,0x10,0x10,0x10,0x00,0x00,0xE0,0xE0},
    {0xE0,0xE0,0x00,0x00,0xA0,0xA0,0x10,0x10,0x10,0x10,0xE0,0xE0,0x00,0x00,0x00,0x00,0x00,0x00,0xE0,0xE0,0x00,0x00,0x10,0x10,0x10,0x10,0x00,0x00,0xE0,0xE0},
    {0xE0,0xE0,0x00,0x00,0xA0,0xA0,0x10,0x10,0x10,0x10,0xA0,0xA0,0x00,0x00,0x00,0x00,0x00,0x00,0xE0,0xE0,0x00,0x00,0x10,0x10,0x10,0x10,0x00,0x00,0xE0,0xE0},
    {0xE0,0xE0,0x00,0x00,0xA0,0xA0,0x00,0x00,0x00,0x00,0xA2,0xA2,0x00,0x00,0x24,0x20,0x00,0x00,0xE0,0xE0,0x00,0x00,0x10,0x10,0x10,0x10,0x00,0x00,0xE0,0xE0},
    {0xE0,0xE0,0x00,0x00,0xA0,0xA0,0x00,0x00,0x00,0x00,0xA2,0xA2,0x00,0x00,0x20,0x20,0x00,0x00,0xE0,0xE0,0x00,0x00,0x10,0x10,0x10,0x10,0x00,0x00,0xE0,0xE0},
    {0xE0,0xE0,0x00,0x00,0xA0,0xA0,0x00,0x00,0xE0,0xE0,0xE0,0xE0,0xE0,0xE0,0xE0,0xE0,0xE0,0xE0,0xE0,0xE0,0x00,0x00,0x10,0x10,0x10,0x10,0x00,0x00,0xE0,0xE0},
    {0xE0,0xE0,0x00,0x00,0xA0,0xA0,0x00,0x00,0x00,0x00,0x00,0x00,0x38,0x38,0x00,0x00,0x38,0x38,0x00,0x00,0x00,0x00,0x10,0x10,0x10,0x10,0x00,0x00,0xE0,0xE0},
    {0xE0,0xE0,0x00,0x00,0xA0,0xA0,0x00,0x00,0x00,0x00,0x00,0x00,0x38,0x38,0x00,0x00,0x38,0x38,0x00,0x00,0x00,0x00,0x10,0x10,0x10,0x10,0x00,0x00,0xE0,0xE0},
    {0xE0,0xE0,0x00,0x00,0xA0,0xA0,0x00,0x00,0xE0,0xE0,0xE0,0xE0,0xE0,0xE0,0xE0,0xE0,0xE0,0xE0,0xE0,0xE0,0xE0,0xE0,0xE0,0xE0,0x10,0x10,0x00,0x00,0xE0,0xE0},
    {0xE0,0xE0,0x00,0x00,0xA0,0xA0,0x00,0x00,0xE0,0xE0,0xE0,0xE0,0xE0,0xE0,0xE0,0xE0,0xE0,0xE0,0xE0,0xE0,0xE0,0xE0,0xE0,0xE0,0x10,0x10,0x00,0x00,0xE0,0xE0},
    {0xE0,0xE0,0x00,0x00,0xE0,0xE0,0x00,0x00,0xE0,0xE0,0xE0,0xE0,0xE0,0xE0,0xE0,0xE0,0xE0,0xE0,0xE0,0xE0,0xE0,0xE0,0xE0,0xE0,0x10,0x10,0x00,0x00,0xE0,0xE0},
    {0xE0,0xE0,0x00,0x00,0x00,0x00,0x00,0x00,0x00,0x00,0x00,0x00,0x00,0x00,0x00,0x00,0x00,0x00,0x00,0x00,0x00,0x00,0x00,0x00,0x00,0x00,0x00,0x00,0xE0,0xE0},
    {0xE0,0xE0,0x00,0x00,0x00,0x00,0x00,0x00,0x00,0x00,0x00,0x00,0x00,0x00,0x00,0x00,0x00,0x00,0x00,0x00,0x00,0x00,0x00,0x00,0x00,0x00,0x00,0x00,0xE0,0xE0},
    {0xE0,0xE0,0xE0,0xE0,0xE0,0xE0,0xE0,0xE0,0xE0,0xE0,0xE0,0xE0,0xE0,0xE0,0x00,0x00,0xE0,0xE0,0xE0,0xE0,0xE0,0xE0,0xE0,0xE0,0xE0,0xE0,0xA0,0xA0,0xE0,0xE0},
  },
  { /* sala 10 (0x10) */
    {0x00,0x00,0x00,0x00,0x00,0x00,0xE0,0xE0,0xE0,0xE0,0x00,0x00,0xE0,0xE0,0xE0,0xE0,0xE0,0xE0,0xE0,0xE0,0xE0,0xE0,0xE0,0xE0,0xE0,0xE0,0xE0,0xE0,0xE0,0xE0},
    {0x00,0x00,0x00,0x00,0x00,0x00,0xE0,0xE0,0x00,0x00,0x00,0x00,0x00,0x00,0x00,0x00,0x00,0x00,0x00,0x00,0x00,0x00,0x00,0x00,0x00,0x00,0x00,0x00,0x00,0x00},
    {0x00,0x00,0x00,0x00,0x00,0x00,0xE0,0xE0,0x00,0x00,0x00,0x00,0x00,0x00,0x00,0x00,0x24,0x20,0x00,0x00,0x00,0x00,0x00,0x00,0xA8,0xA8,0x00,0x00,0x00,0x00},
    {0x00,0x00,0x00,0x00,0x00,0x00,0xE0,0xE0,0x00,0x00,0x00,0x00,0x00,0x00,0x00,0x00,0x20,0x20,0x00,0x00,0x00,0x00,0x00,0x00,0xA8,0xA8,0x00,0x00,0x00,0x00},
    {0x00,0x00,0x00,0x00,0x00,0x00,0xE0,0xE0,0x00,0x00,0x00,0x00,0xE0,0xE0,0xE0,0xE0,0xE0,0xE0,0xE0,0xE0,0x00,0x00,0xE0,0xE0,0xE0,0xE0,0xE0,0xE0,0xA0,0xA0},
    {0x00,0x00,0x00,0x00,0x00,0x00,0xA0,0xA0,0x00,0x00,0x00,0x00,0xA0,0xA0,0x00,0x00,0x00,0x00,0x00,0x00,0x00,0x00,0x00,0x00,0x00,0x00,0x24,0x20,0xE0,0xE0},
    {0x00,0x00,0x00,0x00,0x00,0x00,0xA0,0xA0,0x00,0x00,0x00,0x00,0xA0,0xA0,0x00,0x00,0x00,0x00,0x00,0x00,0x00,0x00,0x00,0x00,0x00,0x00,0x20,0x20,0xE0,0xE0},
    {0x00,0x00,0x00,0x00,0x00,0x00,0xA0,0xA0,0x00,0x00,0x00,0x00,0xA0,0xA0,0x00,0x00,0x00,0x00,0x00,0x00,0x00,0x00,0x00,0x00,0x00,0x00,0x00,0x00,0xE0,0xE0},
    {0x00,0x00,0x00,0x00,0x00,0x00,0xA0,0xA0,0x00,0x00,0x00,0x00,0xA0,0xA0,0x00,0x00,0x00,0x00,0x38,0x38,0x00,0x00,0x00,0x00,0x00,0x00,0x00,0x00,0xE0,0xE0},
    {0x00,0x00,0x00,0x00,0x00,0x00,0xA0,0xA0,0x00,0x00,0x00,0x00,0xA0,0xA0,0x00,0x00,0x00,0x00,0x38,0x38,0x00,0x00,0x00,0x00,0x00,0x00,0x00,0x00,0xE0,0xE0},
    {0x00,0x00,0x00,0x00,0x00,0x00,0xA0,0xA0,0x00,0x00,0x00,0x00,0xA0,0xA0,0x24,0x20,0x00,0x00,0x00,0x00,0x00,0x00,0x00,0x00,0x00,0x00,0x00,0x00,0xE0,0xE0},
    {0x00,0x00,0x00,0x00,0x00,0x00,0xA0,0xA0,0x00,0x00,0x00,0x00,0xA0,0xA0,0x20,0x20,0x00,0x00,0x00,0x00,0x00,0x00,0x00,0x00,0x00,0x00,0x00,0x00,0xE0,0xE0},
    {0x00,0x00,0x00,0x00,0x00,0x00,0xA0,0xA0,0x00,0x00,0x00,0x00,0xA0,0xA0,0x24,0x20,0x00,0x00,0x00,0x00,0xE0,0xE0,0x00,0x00,0x00,0x00,0x00,0x00,0xE0,0xE0},
    {0x00,0x00,0x00,0x00,0x00,0x00,0xA0,0xA0,0x00,0x00,0x00,0x00,0xA0,0xA0,0x20,0x20,0x00,0x00,0x00,0x00,0xE0,0xE0,0x10,0x10,0x10,0x10,0x10,0x10,0xE0,0xE0},
    {0x00,0x00,0x00,0x00,0xE0,0xE0,0xE0,0xE0,0x00,0x00,0x00,0x00,0xE0,0xE0,0xE0,0xE0,0x00,0x00,0x00,0x00,0xE0,0xE0,0x10,0x10,0x10,0x10,0x10,0x10,0xE0,0xE0},
    {0x00,0x00,0x00,0x00,0x00,0x00,0xE0,0xE0,0x00,0x00,0x00,0x00,0x00,0x00,0x00,0x00,0x00,0x00,0x00,0x00,0xE0,0xE0,0x10,0x10,0x10,0x10,0x10,0x10,0xE0,0xE0},
    {0x00,0x00,0x00,0x00,0x00,0x00,0xE0,0xE0,0x00,0x00,0x00,0x00,0x00,0x00,0x00,0x00,0x00,0x00,0xE0,0xE0,0xE0,0xE0,0xE0,0xE0,0x10,0x10,0x10,0x10,0xA0,0xA0},
    {0x00,0x00,0x00,0x00,0x00,0x00,0xE0,0xE0,0x00,0x00,0x00,0x00,0x00,0x00,0x00,0x00,0x00,0x00,0xE0,0xE0,0xE0,0xE0,0xE0,0xE0,0x10,0x10,0x10,0x10,0xA2,0xA2},
    {0x00,0x00,0x00,0x00,0x00,0x00,0xE0,0xE0,0x00,0x00,0x00,0x00,0x00,0x00,0x00,0x00,0xE0,0xE0,0xE0,0xE0,0xE0,0xE0,0xE0,0xE0,0xE0,0xE0,0x10,0x10,0xA2,0xA2},
    {0x00,0x00,0x00,0x00,0x00,0x00,0xE0,0xE0,0xA0,0xA0,0xA0,0xA0,0xE0,0xE0,0xE0,0xE0,0xE0,0xE0,0xE0,0xE0,0xE0,0xE0,0xE0,0xE0,0xE0,0xE0,0xE0,0xE0,0xA0,0xA0},
  },
  { /* sala 11 (0x11) */
    {0xE0,0xE0,0xE0,0xE0,0xE0,0xE0,0xE0,0xE0,0xE0,0xE0,0xE0,0xE0,0xE0,0xE0,0xE0,0xE0,0xE0,0xE0,0xE0,0xE0,0xE0,0xE0,0xE0,0xE0,0xE0,0xE0,0xE0,0xE0,0xE0,0xE0},
    {0x00,0x00,0x00,0x00,0x00,0x00,0x00,0x00,0x00,0x00,0x00,0x00,0x00,0x00,0x00,0x00,0x00,0x00,0x00,0x00,0x00,0x00,0x00,0x00,0x00,0x00,0x00,0x00,0x00,0x00},
    {0x00,0x00,0x00,0x00,0x00,0x00,0x00,0x00,0x00,0x00,0x00,0x00,0x00,0x00,0x00,0x00,0x00,0x00,0x00,0x00,0x00,0x00,0x00,0x00,0x00,0x00,0x00,0x00,0x00,0x00},
    {0x00,0x00,0x00,0x00,0x00,0x00,0x00,0x00,0x00,0x00,0x00,0x00,0x00,0x00,0x00,0x00,0x00,0x00,0x00,0x00,0x00,0x00,0x00,0x00,0x00,0x00,0x00,0x00,0x00,0x00},
    {0xA0,0xA0,0xE0,0xE0,0xE0,0xE0,0x00,0x00,0x00,0x00,0xE0,0xE0,0x00,0x00,0x00,0x00,0x00,0x00,0xE0,0xE0,0x00,0x00,0x00,0x00,0xE0,0xE0,0xE0,0xE0,0xA0,0xA0},
    {0xE0,0xE0,0x00,0x00,0x00,0x00,0x00,0x00,0x00,0x00,0xA0,0xA0,0x00,0x00,0x00,0x00,0x00,0x00,0xA0,0xA0,0x00,0x00,0x00,0x00,0x00,0x00,0x00,0x00,0xE0,0xE0},
    {0xE0,0xE0,0x00,0x00,0x00,0x00,0x00,0x00,0x00,0x00,0xA0,0xA0,0x00,0x00,0x00,0x00,0x00,0x00,0xA0,0xA0,0x00,0x00,0x00,0x00,0x00,0x00,0x00,0x00,0xE0,0xE0},
    {0xE0,0xE0,0x00,0x00,0x00,0x00,0x00,0x00,0x00,0x00,0xA0,0xA0,0x00,0x00,0x00,0x00,0x00,0x00,0xA0,0xA0,0x00,0x00,0x00,0x00,0x00,0x00,0x00,0x00,0xE0,0xE0},
    {0xE0,0xE0,0x00,0x00,0x00,0x00,0x00,0x00,0x00,0x00,0xA0,0xA0,0x00,0x00,0x00,0x00,0x00,0x00,0xA0,0xA0,0x00,0x00,0x00,0x00,0x00,0x00,0x00,0x00,0xE0,0xE0},
    {0xE0,0xE0,0x00,0x00,0x00,0x00,0x00,0x00,0x00,0x00,0xA0,0xA0,0x00,0x00,0x00,0x00,0x00,0x00,0xA0,0xA0,0x00,0x00,0x00,0x00,0x00,0x00,0x00,0x00,0xE0,0xE0},
    {0xE0,0xE0,0x24,0x20,0x00,0x00,0x00,0x00,0x24,0x20,0xA0,0xA0,0x24,0x20,0x00,0x00,0x24,0x20,0xA0,0xA0,0x24,0x20,0x00,0x00,0x00,0x00,0x24,0x20,0xE0,0xE0},
    {0xE0,0xE0,0x20,0x20,0x00,0x00,0x00,0x00,0x20,0x20,0xA0,0xA0,0x20,0x20,0x00,0x00,0x20,0x20,0xA0,0xA0,0x20,0x20,0x00,0x00,0x00,0x00,0x20,0x20,0xE0,0xE0},
    {0xE0,0xE0,0xE0,0xE0,0xE0,0xE0,0x00,0x00,0xE0,0xE0,0xE0,0xE0,0xE0,0xE0,0x00,0x00,0xE0,0xE0,0xE0,0xE0,0xE0,0xE0,0x00,0x00,0xE0,0xE0,0xE0,0xE0,0xE0,0xE0},
    {0xE0,0xE0,0x10,0x10,0x10,0x10,0x10,0x10,0x10,0x10,0x10,0x10,0x10,0x10,0x10,0x10,0x10,0x10,0x10,0x10,0x10,0x10,0x10,0x10,0x10,0x10,0x10,0x10,0xE0,0xE0},
    {0xE0,0xE0,0x10,0x10,0x10,0x10,0x10,0x10,0x10,0x10,0x10,0x10,0x10,0x10,0x10,0x10,0x10,0x10,0x10,0x10,0x10,0x10,0x10,0x10,0x10,0x10,0x10,0x10,0xE0,0xE0},
    {0xE0,0xE0,0x10,0x10,0x10,0x10,0x10,0x10,0x10,0x10,0x10,0x10,0x10,0x10,0x10,0x10,0x10,0x10,0x10,0x10,0x10,0x10,0x10,0x10,0x10,0x10,0x10,0x10,0xE0,0xE0},
    {0xA0,0xA0,0x10,0x10,0x10,0x10,0x10,0x10,0xE0,0xE0,0xE0,0xE0,0xE0,0xE0,0x10,0x10,0xE0,0xE0,0xE0,0xE0,0xE0,0xE0,0x10,0x10,0x10,0x10,0x10,0x10,0xA0,0xA0},
    {0xA2,0xA2,0x10,0x10,0x10,0x10,0x10,0x10,0x10,0x10,0x10,0x10,0x10,0x10,0x10,0x10,0x10,0x10,0x10,0x10,0x10,0x10,0x10,0x10,0x10,0x10,0x10,0x10,0xA2,0xA2},
    {0xA2,0xA2,0x10,0x10,0x10,0x10,0x10,0x10,0x10,0x10,0x10,0x10,0x10,0x10,0x10,0x10,0x10,0x10,0x10,0x10,0x10,0x10,0x10,0x10,0x10,0x10,0x10,0x10,0xA2,0xA2},
    {0xA0,0xA0,0xE0,0xE0,0xE0,0xE0,0xE0,0xE0,0xE0,0xE0,0xE0,0xE0,0xE0,0xE0,0xE0,0xE0,0xE0,0xE0,0xE0,0xE0,0xE0,0xE0,0xE0,0xE0,0xE0,0xE0,0xE0,0xE0,0xA0,0xA0},
  },
  { /* sala 12 (0x12) */
    {0xE0,0xE0,0xE0,0xE0,0xE0,0xE0,0xE0,0xE0,0xE0,0xE0,0xE0,0xE0,0xE0,0xE0,0xE0,0xE0,0xE0,0xE0,0xE0,0xE0,0xE0,0xE0,0xE0,0xE0,0xE0,0xE0,0xE0,0xE0,0xE0,0xE0},
    {0x00,0x00,0x00,0x00,0x00,0x00,0x00,0x00,0x00,0x00,0x00,0x00,0x00,0x00,0x00,0x00,0x00,0x00,0x00,0x00,0x00,0x00,0x00,0x00,0x00,0x00,0x00,0x00,0xA0,0xA0},
    {0x00,0x00,0x00,0x00,0x00,0x00,0x00,0x00,0x00,0x00,0x00,0x00,0x00,0x00,0x00,0x00,0x00,0x00,0x00,0x00,0x00,0x00,0x00,0x00,0x00,0x00,0x00,0x00,0xA2,0xA2},
    {0x00,0x00,0x00,0x00,0x00,0x00,0x00,0x00,0x00,0x00,0x00,0x00,0x00,0x00,0x00,0x00,0x00,0x00,0x00,0x00,0x00,0x00,0x00,0x00,0x00,0x00,0x00,0x00,0xA2,0xA2},
    {0xA0,0xA0,0xA0,0xA0,0x00,0x00,0x00,0x00,0x00,0x00,0x00,0x00,0x00,0x00,0xA0,0xA0,0x00,0x00,0x00,0x00,0x00,0x00,0x00,0x00,0xA0,0xA0,0xE0,0xE0,0xA0,0xA0},
    {0xE0,0xE0,0x00,0x00,0x00,0x00,0x00,0x00,0x00,0x00,0x00,0x00,0x00,0x00,0x00,0x00,0x00,0x00,0x00,0x00,0x00,0x00,0x00,0x00,0x00,0x00,0x00,0x00,0xE0,0xE0},
    {0xE0,0xE0,0x38,0x38,0x00,0x00,0x00,0x00,0x00,0x00,0x00,0x00,0x00,0x00,0x38,0x38,0x00,0x00,0x00,0x00,0x00,0x00,0x00,0x00,0x00,0x00,0x38,0x38,0xE0,0xE0},
    {0xE0,0xE0,0x38,0x38,0x00,0x00,0x00,0x00,0x00,0x00,0x00,0x00,0x00,0x00,0x38,0x38,0x00,0x00,0x00,0x00,0x00,0x00,0x00,0x00,0x00,0x00,0x38,0x38,0xE0,0xE0},
    {0xE0,0xE0,0xE0,0xE0,0xE0,0xE0,0xE0,0xE0,0xE0,0xE0,0xE0,0xE0,0xE0,0xE0,0xE0,0xE0,0xE0,0xE0,0xE0,0xE0,0xE0,0xE0,0xE0,0xE0,0xE0,0xE0,0xE0,0xE0,0xE0,0xE0},
    {0xE0,0xE0,0xE0,0xE0,0xE0,0xE0,0xE0,0xE0,0xE0,0xE0,0xE0,0xE0,0xE0,0xE0,0xE0,0xE0,0xE0,0xE0,0xE0,0xE0,0xE0,0xE0,0xE0,0xE0,0xE0,0xE0,0xE0,0xE0,0xE0,0xE0},
    {0xE0,0xE0,0x24,0x20,0x00,0x00,0x00,0x00,0x00,0x00,0x00,0x00,0x00,0x00,0x00,0x00,0x00,0x00,0x00,0x00,0x00,0x00,0x00,0x00,0x00,0x00,0x00,0x00,0xE0,0xE0},
    {0xE0,0xE0,0x20,0x20,0x00,0x00,0x00,0x00,0x00,0x00,0x00,0x00,0x00,0x00,0x00,0x00,0x00,0x00,0x00,0x00,0x00,0x00,0x00,0x00,0x00,0x00,0x00,0x00,0xE0,0xE0},
    {0xE0,0xE0,0x00,0x00,0x00,0x00,0x00,0x00,0x00,0x00,0x00,0x00,0x00,0x00,0x00,0x00,0x00,0x00,0x00,0x00,0x00,0x00,0x00,0x00,0x00,0x00,0x00,0x00,0xE0,0xE0},
    {0xE0,0xE0,0x10,0x10,0x10,0x10,0xE0,0xE0,0x00,0x00,0x00,0x00,0x00,0x00,0xA0,0xA0,0x00,0x00,0x00,0x00,0x00,0x00,0xE0,0xE0,0x10,0x10,0x10,0x10,0xE0,0xE0},
    {0xE0,0xE0,0x10,0x10,0x10,0x10,0xE0,0xE0,0x00,0x00,0x00,0x00,0x00,0x00,0x00,0x00,0x00,0x00,0x00,0x00,0x00,0x00,0xE0,0xE0,0x10,0x10,0x10,0x10,0xE0,0xE0},
    {0xE0,0xE0,0x10,0x10,0x10,0x10,0xE0,0xE0,0x00,0x00,0x00,0x00,0x00,0x00,0x00,0x00,0x00,0x00,0x00,0x00,0x00,0x00,0xE0,0xE0,0x10,0x10,0x10,0x10,0xE0,0xE0},
    {0xA0,0xA0,0x10,0x10,0xE0,0xE0,0xE0,0xE0,0x00,0x00,0x00,0x00,0x00,0x00,0x00,0x00,0x00,0x00,0x00,0x00,0x00,0x00,0xE0,0xE0,0xE0,0xE0,0x10,0x10,0xA0,0xA0},
    {0xA2,0xA2,0x10,0x10,0x10,0x10,0xE0,0xE0,0x00,0x00,0x00,0x00,0x00,0x00,0xA0,0xA0,0x00,0x00,0x00,0x00,0x00,0x00,0xE0,0xE0,0x10,0x10,0x10,0x10,0xA2,0xA2},
    {0xA2,0xA2,0x10,0x10,0x10,0x10,0xE0,0xE0,0x00,0x00,0x00,0x00,0x00,0x00,0x00,0x00,0x00,0x00,0x00,0x00,0x00,0x00,0xE0,0xE0,0x10,0x10,0x10,0x10,0xA2,0xA2},
    {0xA0,0xA0,0xE0,0xE0,0xE0,0xE0,0xE0,0xE0,0x00,0x00,0x00,0x00,0x00,0x00,0x00,0x00,0x00,0x00,0x00,0x00,0x00,0x00,0xE0,0xE0,0xE0,0xE0,0xE0,0xE0,0xA0,0xA0},
  },
  { /* sala 13 (0x13) */
    {0xE0,0xE0,0x00,0x00,0x00,0x00,0x00,0x00,0x00,0x00,0x00,0x00,0x00,0x00,0x00,0x00,0x00,0x00,0x00,0x00,0x00,0x00,0x00,0x00,0x00,0x00,0x00,0x00,0xE0,0xE0},
    {0xA0,0xA0,0x00,0x00,0x00,0x00,0x00,0x00,0x00,0x00,0x00,0x00,0x00,0x00,0x00,0x00,0x00,0x00,0x00,0x00,0x00,0x00,0x00,0x00,0x00,0x00,0x00,0x00,0xA0,0xA0},
    {0xA2,0xA2,0x00,0x00,0x00,0x00,0x00,0x00,0x00,0x00,0x00,0x00,0x00,0x00,0x00,0x00,0x00,0x00,0x00,0x00,0x00,0x00,0x00,0x00,0x00,0x00,0x00,0x00,0xA2,0xA2},
    {0xA2,0xA2,0x00,0x00,0x00,0x00,0x00,0x00,0x00,0x00,0x00,0x00,0x00,0x00,0x00,0x00,0x00,0x00,0x00,0x00,0x00,0x00,0x00,0x00,0x00,0x00,0x00,0x00,0xA2,0xA2},
    {0xA0,0xA0,0xE0,0xE0,0x00,0x00,0x00,0x00,0x00,0x00,0x00,0x00,0x00,0x00,0x00,0x00,0x00,0x00,0x00,0x00,0x00,0x00,0xE0,0xE0,0xE0,0xE0,0xE0,0xE0,0xA0,0xA0},
    {0xE0,0xE0,0xE0,0xE0,0x00,0x00,0x00,0x00,0x00,0x00,0x00,0x00,0x00,0x00,0x00,0x00,0x00,0x00,0x00,0x00,0x00,0x00,0xE0,0xE0,0xE0,0xE0,0xE0,0xE0,0xE0,0xE0},
    {0xE0,0xE0,0xE0,0x00,0x00,0x00,0x00,0x00,0x00,0x00,0x00,0x00,0x00,0x00,0x00,0x00,0x00,0x00,0x00,0x00,0x00,0x00,0xE0,0xE0,0xE0,0xE0,0xE0,0xE0,0xE0,0xE0},
    {0xE0,0xE0,0x00,0x00,0x00,0x00,0x00,0x00,0xE0,0xE0,0x00,0x00,0x00,0x00,0x00,0x00,0x00,0x00,0x00,0x00,0x00,0x00,0x00,0xE0,0xE0,0xE0,0xE0,0xE0,0xE0,0xE0},
    {0xE0,0xE0,0x24,0x20,0x00,0x00,0x00,0x00,0x00,0x00,0x00,0x00,0x00,0x00,0x00,0x00,0x00,0x00,0x00,0x00,0x00,0x00,0x00,0x00,0xE0,0xE0,0xE0,0xE0,0xE0,0xE0},
    {0xE0,0xE0,0x20,0x20,0x00,0x00,0x00,0x00,0x00,0x00,0x00,0x00,0x00,0x00,0x00,0x00,0x00,0x00,0xE0,0xE0,0x00,0x00,0x00,0x00,0x00,0xE0,0xE0,0xE0,0xE0,0xE0},
    {0xE0,0xE0,0x00,0x00,0x00,0x00,0x00,0x00,0x00,0x00,0x00,0x00,0x00,0x00,0x00,0x00,0x00,0x00,0x00,0x00,0x00,0x00,0x00,0x00,0x00,0x00,0xE0,0xE0,0xE0,0xE0},
    {0xE0,0xE0,0x00,0x00,0x00,0x00,0x00,0x00,0x00,0x00,0x00,0x00,0x00,0x00,0x00,0x00,0x00,0x00,0x00,0x00,0x00,0x00,0x00,0x00,0x00,0x00,0x00,0xE0,0xE0,0xE0},
    {0xE0,0xE0,0x00,0x00,0xA0,0xA0,0x00,0x00,0x00,0x00,0x00,0x00,0xA0,0xA0,0x00,0x00,0x00,0x00,0x00,0x00,0x00,0x00,0x00,0x00,0x00,0x00,0x00,0x00,0xE0,0xE0},
    {0xE0,0xE0,0x10,0x10,0x10,0x10,0x10,0x10,0x10,0x10,0x10,0x10,0x10,0x10,0x10,0x10,0x10,0x10,0x10,0x10,0x10,0x10,0x10,0x10,0x10,0x10,0x10,0x10,0xE0,0xE0},
    {0xE0,0xE0,0x10,0x10,0x10,0x10,0x10,0x10,0x10,0x10,0x10,0x10,0x10,0x10,0x10,0x10,0x10,0x10,0x10,0x10,0x10,0x10,0x10,0x10,0x10,0x10,0x10,0x10,0xE0,0xE0},
    {0xE0,0xE0,0x10,0x10,0x10,0x10,0x10,0x10,0x10,0x10,0x10,0x10,0x10,0x10,0x10,0x10,0x10,0x10,0x10,0x10,0x10,0x10,0x10,0x10,0x10,0x10,0x10,0x10,0xE0,0xE0},
    {0xA0,0xA0,0x10,0x10,0x10,0x10,0x10,0x10,0x10,0x10,0x10,0x10,0x10,0x10,0x10,0x10,0x10,0x10,0x10,0x10,0x10,0x10,0x10,0x10,0x10,0x10,0x10,0x10,0xA0,0xA0},
    {0xA2,0xA2,0x10,0x10,0x10,0x10,0x10,0x10,0x10,0x10,0x10,0x10,0x10,0x10,0x10,0x10,0x10,0x10,0x10,0x10,0x10,0x10,0x10,0x10,0x10,0x10,0x10,0x10,0xA2,0xA2},
    {0xA2,0xA2,0x10,0x10,0x10,0x10,0x10,0x10,0x10,0x10,0x10,0x10,0x10,0x10,0x10,0x10,0x10,0x10,0x10,0x10,0x10,0x10,0x10,0x10,0x10,0x10,0x10,0x10,0xA2,0xA2},
    {0xA0,0xA0,0xE0,0xE0,0xE0,0xE0,0xE0,0xE0,0xA1,0xA1,0xA1,0xA1,0xA1,0xA1,0xA1,0xA1,0xA1,0xA1,0xA1,0xA1,0xA1,0xA1,0xE0,0xE0,0xE0,0xE0,0xE0,0xE0,0xA0,0xA0},
  },
  { /* sala 14 (0x14) */
    {0xE0,0xE0,0x00,0x00,0x00,0x00,0x00,0x00,0x24,0x20,0x24,0x20,0x24,0x20,0x24,0x20,0x24,0x20,0x00,0x00,0x00,0x00,0x00,0x00,0x00,0x00,0x00,0x00,0xE0,0xE0},
    {0xA0,0xA0,0x00,0x00,0x00,0x00,0x00,0x00,0x20,0x20,0x20,0x20,0x20,0x20,0x20,0x20,0x20,0x20,0x00,0x00,0x00,0x00,0x00,0x00,0x00,0x00,0x00,0x00,0xE0,0xE0},
    {0xA2,0xA2,0x00,0x00,0x00,0x00,0x00,0x00,0x00,0x00,0x00,0x00,0x00,0x00,0x00,0x00,0x00,0x00,0x00,0x00,0x00,0x00,0x00,0x00,0x00,0x00,0x00,0x00,0xE0,0xE0},
    {0xA2,0xA2,0x00,0x00,0x00,0x00,0x00,0x00,0x00,0x00,0x00,0x00,0x00,0x00,0x00,0x00,0x00,0x00,0x00,0x00,0x00,0x00,0x00,0x00,0x00,0x00,0x00,0x00,0xE0,0xE0},
    {0xA0,0xA0,0xE0,0xE0,0x00,0x00,0xE0,0xE0,0xE0,0xE0,0xE0,0xE0,0xE0,0xE0,0xE0,0xE0,0xE0,0xE0,0x00,0x00,0x00,0x00,0x00,0x00,0xA0,0xA0,0xA0,0xA0,0xE0,0xE0},
    {0xE0,0xE0,0x10,0x10,0x00,0x00,0xE0,0xE0,0xE0,0xE0,0xE0,0xE0,0xE0,0xE0,0xE0,0xE0,0xE0,0xE0,0xE0,0xE0,0x00,0x00,0x00,0x00,0x00,0x20,0x20,0x00,0xE0,0xE0},
    {0xE0,0xE0,0x10,0x10,0x00,0x00,0x00,0x00,0x00,0x00,0x00,0x00,0xE0,0xE0,0xE0,0xE0,0xE0,0xE0,0xE0,0xE0,0xE0,0xE0,0x00,0x00,0x00,0x20,0x20,0x00,0xE0,0xE0},
    {0xE0,0xE0,0x10,0x10,0x00,0x00,0x00,0x00,0x00,0x00,0x00,0x00,0x00,0x00,0xE0,0xE0,0xE0,0xE0,0xE0,0xE0,0xE0,0xE0,0xE0,0xE0,0x00,0x20,0x20,0x00,0xE0,0xE0},
    {0xE0,0xE0,0xA0,0xA0,0xA0,0xA0,0xA0,0xA0,0xA0,0xA0,0xA0,0xA0,0xA0,0xA0,0xA0,0xA0,0xE0,0xE0,0xE0,0xE0,0xE0,0xE0,0xE0,0xE0,0xE0,0xE0,0xE0,0xE0,0xE0,0xE0},
    {0xE0,0xE0,0x00,0x00,0x00,0x00,0x00,0x00,0x00,0x00,0x00,0x00,0x00,0x00,0x00,0x00,0x00,0x00,0x10,0x10,0xE0,0xE0,0xE0,0xE0,0xE0,0xE0,0xE0,0xE0,0xE0,0xE0},
    {0xE0,0xE0,0x00,0x00,0x00,0x00,0x00,0x00,0x00,0x00,0x00,0x00,0x00,0x00,0x00,0x00,0x00,0x00,0x00,0x00,0x00,0x00,0x10,0x10,0xE0,0xE0,0xE0,0xE0,0xE0,0xE0},
    {0xE0,0xE0,0x00,0x00,0x00,0x00,0x00,0x00,0x00,0x00,0x00,0x00,0x00,0x00,0x00,0x00,0x00,0x00,0x00,0x00,0x00,0x00,0x00,0x00,0x10,0x10,0xE0,0xE0,0xE0,0xE0},
    {0xE0,0xE0,0x00,0x00,0x00,0x00,0x00,0x00,0x00,0x00,0x00,0x00,0x00,0x00,0xE0,0xE0,0xE0,0xE0,0xE0,0xE0,0x00,0x00,0x00,0x00,0x00,0x00,0x10,0x10,0xE0,0xE0},
    {0xE0,0xE0,0x10,0x10,0x10,0x10,0x10,0x10,0x10,0x10,0x10,0x10,0x10,0x10,0x10,0x10,0x10,0x10,0xE0,0xE0,0x00,0x00,0x00,0x00,0x00,0x00,0x10,0x10,0xE0,0xE0},
    {0xE0,0xE0,0x10,0x10,0x10,0x10,0x10,0x10,0x10,0x10,0x10,0x10,0x10,0x10,0x10,0x10,0x10,0x10,0xE0,0xE0,0xE0,0xE0,0x00,0x00,0x00,0x00,0x10,0x10,0xE0,0xE0},
    {0xE0,0xE0,0x10,0x10,0x10,0x10,0x10,0x10,0x10,0x10,0x10,0x10,0x10,0x10,0x10,0x10,0xE0,0xE0,0xE0,0xE0,0xE0,0xE0,0x10,0x10,0x00,0x00,0x00,0x00,0xE0,0xE0},
    {0xA0,0xA0,0x10,0x10,0x10,0x10,0x10,0x10,0x10,0x10,0x10,0x10,0x10,0x10,0xE0,0xE0,0xE0,0xE0,0xE0,0xE0,0xE0,0xE0,0x10,0x10,0x00,0x00,0x00,0x00,0xA0,0xA0},
    {0xA2,0xA2,0x10,0x10,0x10,0x10,0x10,0x10,0x10,0x10,0x10,0x10,0xE0,0xE0,0xE0,0xE0,0xE0,0xE0,0xE0,0xE0,0xE0,0xE0,0xE0,0xE0,0x00,0x00,0x00,0x00,0xA2,0xA2},
    {0xA2,0xA2,0x10,0x10,0x10,0x10,0x10,0x10,0x10,0x10,0xE0,0xE0,0xE0,0xE0,0xE0,0xE0,0xE0,0xE0,0xE0,0xE0,0xE0,0xE0,0xE0,0xE0,0xE0,0xE0,0x00,0x00,0xA2,0xA2},
    {0xA0,0xA0,0xE0,0xE0,0xE0,0xE0,0xE0,0xE0,0xE0,0xE0,0xE0,0xE0,0xE0,0xE0,0xE0,0xE0,0xE0,0xE0,0xE0,0xE0,0xE0,0xE0,0xE0,0xE0,0xE0,0xE0,0xE0,0xE0,0xA0,0xA0},
  },
  { /* sala 15 (0x15) */
    {0xE0,0xE0,0xE0,0xE0,0x00,0x00,0xE0,0xE0,0xE0,0xE0,0xE0,0xE0,0xE0,0xE0,0xE0,0xE0,0xE0,0xE0,0xE0,0xE0,0x00,0x00,0xE0,0xE0,0x00,0x00,0xE0,0xE0,0xE0,0xE0},
    {0xE0,0xE0,0x00,0x00,0x00,0x00,0x00,0x00,0x00,0x00,0x00,0x00,0x00,0x00,0xE0,0xE0,0x24,0x20,0x00,0x00,0x00,0x00,0x00,0x00,0x00,0x00,0x00,0x00,0xA0,0xA0},
    {0xE0,0xE0,0x00,0x00,0xA0,0xA0,0x00,0x00,0x00,0x00,0x00,0x00,0x00,0x00,0xE0,0xE0,0x20,0x20,0x00,0x00,0xA0,0xA0,0x00,0x00,0x00,0x00,0x00,0x00,0xA2,0xA2},
    {0xE0,0xE0,0x00,0x00,0xA0,0xA0,0x00,0x00,0x00,0x00,0x38,0x38,0x00,0x00,0xE0,0xE0,0xE0,0xE0,0x00,0x00,0xA0,0xA0,0x00,0x00,0x00,0x00,0x00,0x00,0xA2,0xA2},
    {0xE0,0xE0,0x00,0x00,0xA0,0xA0,0xE0,0xE0,0xE0,0xE0,0x38,0x38,0x00,0x00,0x00,0x00,0xE0,0xE0,0xE0,0xE0,0xA0,0xA0,0xE0,0xE0,0xE0,0xE0,0xE0,0xE0,0xA0,0xA0},
    {0xE0,0xE0,0x00,0x00,0xE0,0xE0,0xE0,0xE0,0xE0,0xE0,0xE0,0xE0,0x00,0x00,0x00,0x00,0x00,0x00,0xE0,0xE0,0xE0,0xE0,0xE0,0xE0,0xE0,0xE0,0xE0,0xE0,0xE0,0xE0},
    {0xE0,0xE0,0x24,0x20,0xE0,0xE0,0xE0,0xE0,0xE0,0xE0,0xE0,0xE0,0xE0,0xE0,0x00,0x00,0x00,0x00,0x00,0x00,0xE0,0xE0,0xE0,0xE0,0xE0,0xE0,0xE0,0xE0,0xE0,0xE0},
    {0xE0,0xE0,0x20,0x20,0xE0,0xE0,0xE0,0xE0,0xE0,0xE0,0xE0,0xE0,0xE0,0xE0,0xE0,0xE0,0x00,0x00,0x00,0x00,0x00,0x00,0xE0,0xE0,0xE0,0xE0,0xE0,0xE0,0xE0,0xE0},
    {0xE0,0xE0,0x24,0x20,0xE0,0xE0,0xE0,0xE0,0xE0,0xE0,0xE0,0xE0,0xE0,0xE0,0xE0,0xE0,0xE0,0xE0,0x00,0x00,0x00,0x00,0x00,0x00,0x00,0x00,0xE0,0xE0,0xE0,0xE0},
    {0xE0,0xE0,0x20,0x20,0xE0,0xE0,0xE0,0xE0,0xE0,0xE0,0xE0,0xE0,0xE0,0xE0,0xE0,0xE0,0xE0,0xE0,0xE0,0xE0,0x00,0x00,0x00,0x00,0x00,0x00,0x00,0x00,0xE0,0xE0},
    {0xE0,0xE0,0x00,0x00,0xA8,0xA8,0x00,0x00,0x00,0x00,0x00,0x00,0xE0,0xE0,0xE0,0xE0,0xE0,0xE0,0xE0,0xE0,0xE0,0xE0,0x00,0x00,0x00,0x00,0x00,0x00,0xE0,0xE0},
    {0xE0,0xE0,0x00,0x00,0xA8,0xA8,0x00,0x00,0x00,0x00,0x00,0x00,0xE0,0xE0,0xE0,0xE0,0xE0,0xE0,0xE0,0xE0,0xE0,0xE0,0xE0,0xE0,0x00,0x00,0x00,0x00,0xA0,0xA0},
    {0xE0,0xE0,0xE0,0xE0,0xE0,0xE0,0xE0,0xE0,0xA0,0xA0,0x00,0x00,0xE0,0xE0,0xE0,0xE0,0x24,0x20,0x24,0x20,0x00,0x00,0x00,0x00,0x00,0x00,0x00,0x00,0xA2,0xA2},
    {0xE0,0xE0,0xE0,0xE0,0xE0,0xE0,0xE0,0xE0,0x00,0x00,0xA0,0xA0,0xE0,0xE0,0xE0,0xE0,0x20,0x20,0x20,0x20,0x00,0x00,0x00,0x00,0x00,0x00,0x00,0x00,0xA2,0xA2},
    {0xE0,0xE0,0x24,0x20,0x24,0x20,0x00,0x00,0x00,0x00,0x00,0x00,0x00,0x00,0x00,0x00,0x00,0x00,0x00,0x00,0x00,0x00,0xE0,0xE0,0xE0,0xE0,0xE0,0xE0,0xA0,0xA0},
    {0xE0,0xE0,0x20,0x20,0x20,0x20,0x00,0x00,0x00,0x00,0x00,0x00,0x00,0x00,0x00,0x00,0x00,0x00,0x00,0x00,0x00,0x00,0x00,0x00,0x00,0x00,0x00,0x00,0xE0,0xE0},
    {0xA0,0xA0,0x00,0x00,0x00,0x00,0x00,0x00,0x00,0x00,0x00,0x00,0x00,0x00,0x00,0x00,0x00,0x00,0x00,0x00,0x00,0x00,0x00,0x00,0x00,0x00,0x00,0x00,0xA0,0xA0},
    {0xA2,0xA2,0x00,0x00,0x00,0x00,0x00,0x00,0x00,0x00,0x00,0x00,0x38,0x38,0x00,0x00,0x00,0x00,0x00,0x00,0x00,0x00,0x00,0x00,0x00,0x00,0x00,0x00,0xA2,0xA2},
    {0xA2,0xA2,0x00,0x00,0x00,0x00,0x00,0x00,0x00,0x00,0x00,0x00,0x38,0x38,0x00,0x00,0x00,0x00,0x00,0x00,0x00,0x00,0x00,0x00,0x00,0x00,0x00,0x00,0xA2,0xA2},
    {0xA0,0xA0,0xE0,0xE0,0xE0,0xE0,0xE0,0xE0,0xE0,0xE0,0xE0,0xE0,0xE0,0xE0,0xE0,0xE0,0xE0,0xE0,0xE0,0xE0,0xE0,0xE0,0xE0,0xE0,0xE0,0xE0,0xE0,0xE0,0xA0,0xA0},
  },
  { /* sala 16 (0x16) */
    {0xE0,0xE0,0xE0,0xE0,0xE0,0xE0,0xE0,0xE0,0xE0,0xE0,0xE0,0xE0,0xE0,0xE0,0x00,0x00,0x00,0x00,0x00,0x00,0xE0,0xE0,0xE0,0xE0,0xE0,0xE0,0xE0,0xE0,0xE0,0xE0},
    {0xA0,0xA0,0x00,0x00,0x00,0x00,0x00,0x00,0x00,0x00,0x00,0x00,0x00,0x00,0x00,0x00,0x00,0x00,0x00,0x00,0x00,0x00,0x00,0x00,0x00,0x00,0x00,0x00,0xE0,0xE0},
    {0xA2,0xA2,0x00,0x00,0x00,0x00,0x00,0x00,0x00,0x00,0x00,0x00,0x00,0x00,0x00,0x00,0x00,0x00,0x00,0x00,0x00,0x00,0x00,0x00,0x00,0x00,0x00,0x00,0xE0,0xE0},
    {0xA2,0xA2,0x00,0x00,0x00,0x00,0x00,0x00,0x00,0x00,0x00,0x00,0x00,0x00,0x00,0x00,0x00,0x00,0x00,0x00,0x00,0x00,0x00,0x00,0x00,0x00,0x00,0x00,0xE0,0xE0},
    {0xA0,0xA0,0xA1,0xA1,0xA1,0xA1,0x00,0x00,0xA0,0xA0,0x00,0x00,0x00,0x00,0xA1,0xA1,0xA1,0xA1,0xA1,0xA1,0xA1,0xA1,0xA1,0xA1,0xA1,0xA1,0xA1,0xA1,0xE0,0xE0},
    {0xE0,0xE0,0xE0,0xE0,0xE0,0xE0,0x00,0x00,0x00,0x00,0x00,0x00,0x00,0x00,0xE0,0xE0,0xE0,0xE0,0xE0,0xE0,0xE0,0xE0,0xE0,0xE0,0xE0,0xE0,0xE0,0xE0,0xE0,0xE0},
    {0xE0,0xE0,0xE0,0xE0,0xE0,0xE0,0x00,0x00,0x00,0x00,0x00,0x00,0x00,0x00,0x00,0x00,0x00,0x00,0x24,0x20,0x24,0x20,0x24,0x20,0x24,0x20,0x24,0x20,0xE0,0xE0},
    {0xE0,0xE0,0xE0,0xE0,0x00,0x00,0x00,0x00,0x00,0x00,0x00,0x00,0x00,0x00,0x00,0x00,0x00,0x00,0x20,0x20,0x20,0x20,0x20,0x20,0x20,0x20,0x20,0x20,0xE0,0xE0},
    {0xE0,0xE0,0xE0,0xE0,0x00,0x00,0x00,0x00,0x00,0x00,0x38,0x38,0x00,0x00,0x00,0x00,0x00,0x00,0xE0,0xE0,0xE0,0xE0,0xE0,0xE0,0xE0,0xE0,0xE0,0xE0,0xE0,0xE0},
    {0xE0,0xE0,0xE0,0xE0,0x00,0x00,0x00,0x00,0x00,0x00,0xE0,0xE0,0x00,0x00,0x00,0x00,0x00,0x00,0x00,0x00,0xE0,0xE0,0xE0,0xE0,0xE0,0xE0,0xE0,0xE0,0xE0,0xE0},
    {0xE0,0xE0,0x00,0x00,0x00,0x00,0x00,0x00,0x00,0x00,0xE0,0xE0,0xE0,0xE0,0x38,0x38,0x00,0x00,0x00,0x00,0x00,0x00,0xE0,0xE0,0xE0,0xE0,0xE0,0xE0,0xE0,0xE0},
    {0xA0,0xA0,0x00,0x00,0x00,0x00,0x38,0x38,0xE0,0xE0,0xE0,0xE0,0xE0,0xE0,0xE0,0xE0,0x00,0x00,0x00,0x00,0x00,0x00,0x00,0x00,0xE0,0xE0,0xE0,0xE0,0xE0,0xE0},
    {0xA2,0xA2,0x00,0x00,0x00,0x00,0xE0,0xE0,0xE0,0xE0,0xE0,0xE0,0xE0,0xE0,0xE0,0xE0,0xE0,0xE0,0x38,0x38,0x00,0x00,0x00,0x00,0x00,0x00,0xE0,0xE0,0xE0,0xE0},
    {0xA2,0xA2,0x00,0x00,0xE0,0xE0,0xE0,0xE0,0xE0,0xE0,0xE0,0xE0,0xE0,0xE0,0xE0,0xE0,0xE0,0xE0,0xE0,0xE0,0x00,0x00,0x00,0x00,0x00,0x00,0x00,0x00,0xE0,0xE0},
    {0xA0,0xA0,0xE0,0xE0,0xE0,0xE0,0xE0,0xE0,0xE0,0xE0,0xE0,0xE0,0xE0,0xE0,0xE0,0xE0,0xE0,0xE0,0xE0,0xE0,0xE0,0xE0,0x00,0x00,0x00,0x00,0x00,0x00,0xE0,0xE0},
    {0xE0,0xE0,0xE0,0xE0,0xE0,0xE0,0x00,0x00,0x00,0x00,0x00,0x00,0xE0,0xE0,0xE0,0xE0,0xE0,0xE0,0xE0,0xE0,0xE0,0xE0,0xE0,0xE0,0x00,0x00,0x00,0x00,0xE0,0xE0},
    {0xA0,0xA0,0x00,0x00,0x00,0x00,0x00,0x00,0x00,0x00,0x00,0x00,0x00,0x00,0x00,0x00,0x00,0x00,0x00,0x00,0x00,0x00,0x00,0x00,0x00,0x00,0x00,0x00,0xE0,0xE0},
    {0xA2,0xA2,0x00,0x00,0x00,0x00,0x00,0x00,0x00,0x00,0x00,0x00,0x00,0x00,0x38,0x38,0x00,0x00,0x00,0x00,0x00,0x00,0x00,0x00,0x00,0x00,0x00,0x00,0xE0,0xE0},
    {0xA2,0xA2,0x00,0x00,0x00,0x00,0x00,0x00,0x00,0x00,0x00,0x00,0x00,0x00,0x38,0x38,0x00,0x00,0x00,0x00,0x00,0x00,0x00,0x00,0x00,0x00,0xE0,0xE0,0xE0,0xE0},
    {0xA0,0xA0,0xE0,0xE0,0xE0,0xE0,0xE0,0xE0,0xE0,0xE0,0xE0,0xE0,0xE0,0xE0,0xE0,0xE0,0xE0,0xE0,0xE0,0xE0,0xE0,0xE0,0xE0,0xE0,0xE0,0xE0,0xE0,0xE0,0xE0,0xE0},
  },
  { /* sala 17 (0x17) */
    {0xE0,0xE0,0xE0,0xE0,0xE0,0xE0,0xE0,0xE0,0xE0,0xE0,0xE0,0xE0,0xE0,0xE0,0xE0,0xE0,0xE0,0xE0,0xE0,0xE0,0xE0,0xE0,0xE0,0xE0,0xE0,0xE0,0xE0,0xE0,0xE0,0xE0},
    {0xE0,0xE0,0xE0,0xE0,0xE0,0xE0,0xE0,0xE0,0xE0,0xE0,0xE0,0xE0,0xE0,0xE0,0xE0,0xE0,0xE0,0xE0,0xE0,0xE0,0xE0,0xE0,0xE0,0xE0,0xE0,0xE0,0x00,0x00,0xA0,0xA0},
    {0xE0,0xE0,0x00,0x00,0x00,0x00,0x00,0x00,0x00,0x00,0x00,0x00,0x38,0x38,0x00,0x00,0x00,0x00,0xE0,0xE0,0xE0,0xE0,0xE0,0xE0,0x00,0x00,0x00,0x00,0xA2,0xA2},
    {0xE0,0xE0,0x00,0x00,0x00,0x00,0x00,0x00,0x00,0x00,0x00,0x00,0x38,0x38,0x00,0x00,0x00,0x00,0xE0,0xE0,0xE0,0xE0,0x00,0x00,0x00,0x00,0x00,0x00,0xA2,0xA2},
    {0xE0,0xE0,0xE0,0xE0,0xE0,0xE0,0xE0,0xE0,0xE0,0xE0,0xE0,0xE0,0xE0,0xE0,0xE0,0xE0,0x00,0x00,0xE0,0xE0,0x00,0x00,0x00,0x00,0x00,0x00,0xE0,0xE0,0xA0,0xA0},
    {0xE0,0xE0,0x24,0x20,0x00,0x00,0x00,0x00,0x24,0x20,0xE0,0xE0,0xE0,0xE0,0xE0,0xE0,0x00,0x00,0x00,0x00,0x00,0x00,0x00,0x00,0xE0,0xE0,0xE0,0xE0,0xE0,0xE0},
    {0xE0,0xE0,0x20,0x20,0x00,0x00,0x00,0x00,0x20,0x20,0xE0,0xE0,0xE0,0xE0,0xE0,0xE0,0x00,0x00,0x00,0x00,0x00,0x00,0xE0,0xE0,0xE0,0xE0,0xE0,0xE0,0xE0,0xE0},
    {0xE0,0xE0,0xE0,0xE0,0xE0,0xE0,0x00,0x00,0xE0,0xE0,0xE0,0xE0,0xE0,0xE0,0x00,0x00,0x00,0x00,0x00,0x00,0xE0,0xE0,0xE0,0xE0,0xE0,0xE0,0xE0,0xE0,0xE0,0xE0},
    {0xE0,0xE0,0x00,0x00,0x00,0x00,0xA0,0xA0,0x00,0x00,0xE0,0xE0,0x00,0x00,0x00,0x00,0x00,0x00,0xE0,0xE0,0xE0,0xE0,0xE0,0xE0,0xE0,0xE0,0xE0,0xE0,0xE0,0xE0},
    {0xE0,0xE0,0xE0,0xE0,0xE0,0xE0,0x00,0x00,0xE0,0xE0,0xE0,0xE0,0x00,0x00,0x00,0x00,0xE0,0xE0,0xE0,0xE0,0xE0,0xE0,0xE0,0xE0,0xE0,0xE0,0xE0,0xE0,0xE0,0xE0},
    {0xE0,0xE0,0x00,0x00,0x00,0x00,0x00,0x00,0x00,0x00,0x00,0x00,0x00,0x00,0xE0,0xE0,0xE0,0xE0,0xE0,0xE0,0xE0,0xE0,0xE0,0xE0,0xE0,0xE0,0xE0,0xE0,0xE0,0xE0},
    {0xE0,0xE0,0x00,0x00,0x00,0x00,0x00,0x00,0x00,0x00,0x00,0x00,0x00,0x00,0xE0,0xE0,0xE0,0xE0,0xE0,0xE0,0x24,0x20,0x00,0x00,0xE0,0xE0,0xE0,0xE0,0xE0,0xE0},
    {0xE0,0xE0,0xE0,0xE0,0xE0,0xE0,0xE0,0xE0,0xE0,0xE0,0xE0,0xE0,0x00,0x00,0xE0,0xE0,0xE0,0xE0,0xE0,0xE0,0x20,0x20,0x00,0x00,0x00,0x00,0xE0,0xE0,0xE0,0xE0},
    {0xE0,0xE0,0xE0,0xE0,0xE0,0xE0,0xE0,0xE0,0xE0,0xE0,0xE0,0xE0,0x00,0x00,0xE0,0xE0,0xE0,0xE0,0xE0,0xE0,0xE0,0xE0,0x00,0x00,0x00,0x00,0xE0,0xE0,0xE0,0xE0},
    {0xE0,0xE0,0xE0,0xE0,0xE0,0xE0,0xE0,0xE0,0xE0,0xE0,0x00,0x00,0x00,0x00,0x00,0x00,0xE0,0xE0,0xE0,0xE0,0xE0,0xE0,0xE0,0xE0,0x00,0x00,0x00,0x00,0xE0,0xE0},
    {0xE0,0xE0,0xE0,0xE0,0xE0,0xE0,0xE0,0xE0,0x00,0x00,0x00,0x00,0x00,0x00,0x00,0x00,0x00,0x00,0xE0,0xE0,0xE0,0xE0,0xE0,0xE0,0x00,0x00,0x00,0x00,0xE0,0xE0},
    {0xE0,0xE0,0xE0,0xE0,0xE0,0xE0,0x00,0x00,0x00,0x00,0x00,0x00,0x00,0x00,0x00,0x00,0x00,0x00,0x00,0x00,0xE0,0xE0,0x00,0x00,0x00,0x00,0x00,0x00,0xE0,0xE0},
    {0xE0,0xE0,0x00,0x00,0x00,0x00,0x00,0x00,0x00,0x00,0x00,0x00,0xE0,0xE0,0x00,0x00,0x00,0x00,0x00,0x00,0x00,0x00,0x00,0x00,0x00,0x00,0xE0,0xE0,0xE0,0xE0},
    {0xE0,0xE0,0x00,0x00,0x00,0x00,0x00,0x00,0x00,0x00,0xE0,0xE0,0xE0,0xE0,0xE0,0xE0,0x00,0x00,0x00,0x00,0x00,0x00,0x00,0x00,0xE0,0xE0,0xE0,0xE0,0xE0,0xE0},
    {0xE0,0xE0,0x00,0x00,0xE0,0xE0,0xE0,0xE0,0xE0,0xE0,0xE0,0xE0,0xE0,0xE0,0xE0,0xE0,0xE0,0xE0,0xE0,0xE0,0xE0,0xE0,0xE0,0xE0,0xE0,0xE0,0xE0,0xE0,0xE0,0xE0},
  },
  { /* sala 18 (0x18) */
    {0xE0,0xE0,0x00,0x00,0x00,0x00,0x00,0x00,0x00,0x00,0x00,0x00,0x00,0x00,0x24,0x20,0x00,0x00,0x00,0x00,0x00,0x00,0x00,0x00,0x00,0x00,0x00,0x00,0xE0,0xE0},
    {0xA0,0xA0,0x00,0x00,0x00,0x00,0x00,0x00,0x00,0x00,0x00,0x00,0x00,0x00,0x20,0x20,0x00,0x00,0x00,0x00,0x00,0x00,0x00,0x00,0x00,0x00,0x00,0x00,0xA0,0xA0},
    {0xA2,0xA2,0x00,0x00,0x00,0x00,0x38,0x38,0x00,0x00,0x00,0x00,0x00,0x00,0x00,0x00,0x00,0x00,0x00,0x00,0x00,0x00,0x00,0x00,0x00,0x00,0x00,0x00,0xA2,0xA2},
    {0xA2,0xA2,0x00,0x00,0x00,0x00,0x38,0x38,0x00,0x00,0x00,0x00,0x00,0x00,0x00,0x00,0x00,0x00,0x00,0x00,0x00,0x00,0x00,0x00,0x00,0x00,0x00,0x00,0xA2,0xA2},
    {0xA0,0xA0,0x00,0x00,0x00,0x00,0xA8,0xA8,0x00,0x00,0x00,0x00,0x00,0x00,0x00,0x00,0x00,0x00,0x00,0x00,0x00,0x00,0x00,0x00,0x00,0x00,0x00,0x00,0xA0,0xA0},
    {0xE0,0xE0,0x00,0x00,0x00,0x00,0xA8,0xA8,0x00,0x00,0x00,0x00,0x00,0x00,0x00,0x00,0x00,0x00,0x00,0x00,0x00,0x00,0x00,0x00,0x00,0x00,0x00,0x00,0xE0,0xE0},
    {0xE0,0xE0,0xE0,0xE0,0xE0,0xE0,0xE0,0xE0,0xE0,0xE0,0xE0,0xE0,0xE0,0x00,0x00,0x00,0x00,0xE0,0xE0,0xE0,0xE0,0xE0,0xE0,0xE0,0xE0,0xE0,0xE0,0xE0,0xE0,0xE0},
    {0xE0,0xE0,0xE0,0xE0,0xE0,0xE0,0xE0,0xE0,0xE0,0xE0,0x00,0x00,0x00,0x00,0x00,0x00,0x00,0x00,0x00,0x00,0xE0,0xE0,0xE0,0xE0,0xE0,0xE0,0xE0,0xE0,0xE0,0xE0},
    {0xE0,0xE0,0xE0,0xE0,0xE0,0xE0,0xE0,0xE0,0x00,0x00,0x00,0x00,0x00,0x00,0x00,0x00,0x00,0x00,0x00,0x00,0x00,0x00,0xE0,0xE0,0xE0,0xE0,0xE0,0xE0,0xE0,0xE0},
    {0xE0,0xE0,0xE0,0xE0,0xE0,0xE0,0x38,0x38,0x00,0x00,0x00,0x00,0x00,0x00,0x00,0x00,0x00,0x00,0x00,0x00,0x00,0x00,0x38,0x38,0xE0,0xE0,0xE0,0xE0,0xE0,0xE0},
    {0xE0,0xE0,0xE0,0xE0,0x00,0x00,0x38,0x38,0x00,0x00,0x00,0x00,0xE0,0xE0,0xE0,0xE0,0xE0,0xE0,0x00,0x00,0x00,0x00,0x38,0x38,0x00,0x00,0xE0,0xE0,0xE0,0xE0},
    {0xE0,0xE0,0x00,0x00,0x00,0x00,0x00,0x00,0x00,0x00,0x24,0x20,0x00,0x00,0x00,0x00,0x00,0x00,0x24,0x20,0x00,0x00,0x00,0x00,0x00,0x00,0x00,0x00,0xE0,0xE0},
    {0xE0,0xE0,0x00,0x00,0x00,0x00,0x00,0x00,0x00,0x00,0x20,0x20,0x00,0x00,0x00,0x00,0x00,0x00,0x20,0x20,0x00,0x00,0x00,0x00,0x00,0x00,0x00,0x00,0xE0,0xE0},
    {0xE0,0xE0,0x00,0x00,0x00,0x00,0x00,0x00,0xE0,0xE0,0xE0,0xE0,0xE0,0xE0,0x00,0x00,0xE0,0xE0,0xE0,0xE0,0xE0,0xE0,0x00,0x00,0x00,0x00,0x00,0x00,0xA0,0xA0},
    {0xE0,0xE0,0xE0,0xE0,0x00,0x00,0x00,0x00,0x00,0x00,0x00,0x00,0x00,0x00,0x00,0x00,0x00,0x00,0x00,0x00,0x00,0x00,0x00,0x00,0x00,0x00,0x00,0x00,0xA2,0xA2},
    {0xE0,0xE0,0xE0,0xE0,0xE0,0xE0,0x00,0x00,0x00,0x00,0x00,0x00,0x00,0x00,0x00,0x00,0x00,0x00,0x00,0x00,0x00,0x00,0x00,0x00,0x00,0x00,0x00,0x00,0xA2,0xA2},
    {0xE0,0xE0,0xE0,0xE0,0xE0,0xE0,0xE0,0xE0,0xE0,0xE0,0x00,0x00,0x00,0x00,0x24,0x20,0x00,0x00,0x00,0x00,0x00,0x00,0x00,0x00,0x00,0x00,0xE0,0xE0,0xA0,0xA0},
    {0xE0,0xE0,0x24,0x20,0x00,0x00,0x00,0x00,0x00,0x00,0x00,0x00,0x00,0x00,0x20,0x20,0x00,0x00,0x00,0x00,0x00,0x00,0x00,0x00,0xE0,0xE0,0xE0,0xE0,0xE0,0xE0},
    {0xE0,0xE0,0x20,0x20,0x00,0x00,0x00,0x00,0x00,0x00,0x00,0x00,0x00,0x00,0xE0,0xE0,0x00,0x00,0x00,0x00,0x00,0x00,0xE0,0xE0,0xE0,0xE0,0xE0,0xE0,0xE0,0xE0},
    {0xE0,0xE0,0xE0,0xE0,0xE0,0xE0,0xE0,0xE0,0xE0,0xE0,0x00,0x00,0xE0,0xE0,0xE0,0xE0,0xE0,0xE0,0x00,0x00,0xE0,0xE0,0xE0,0xE0,0xE0,0xE0,0xE0,0xE0,0xE0,0xE0},
  },
  { /* sala 19 (0x19) */
    {0xE0,0xE0,0xE0,0xE0,0xE0,0xE0,0xE0,0xE0,0xE0,0xE0,0xE0,0xE0,0xE0,0xE0,0x00,0x00,0xE0,0xE0,0xE0,0xE0,0xE0,0xE0,0xE0,0xE0,0xE0,0xE0,0xE0,0xE0,0xE0,0xE0},
    {0xA0,0xA0,0x00,0x00,0x00,0x00,0x00,0x00,0x00,0x00,0x00,0x00,0x00,0x00,0x00,0x00,0x00,0x00,0x00,0x00,0x00,0x00,0x00,0x00,0x00,0x00,0x00,0x00,0xE0,0xE0},
    {0xA2,0xA2,0x00,0x00,0x00,0x00,0x00,0x00,0x00,0x00,0x00,0x00,0x00,0x00,0x00,0x00,0x00,0x00,0x00,0x00,0x00,0x00,0x00,0x00,0x00,0x00,0x00,0x00,0xE0,0xE0},
    {0xA2,0xA2,0x00,0x00,0x00,0x00,0x00,0x00,0x00,0x00,0x00,0x00,0x00,0x00,0x00,0x00,0x00,0x00,0x00,0x00,0x00,0x00,0x00,0x00,0x00,0x00,0x00,0x00,0xE0,0xE0},
    {0xA0,0xA0,0xE0,0xE0,0xE0,0xE0,0xE0,0xE0,0xE0,0xE0,0xE0,0xE0,0xE0,0xE0,0xE0,0xE0,0xE0,0xE0,0xE0,0xE0,0xE0,0xE0,0xE0,0xE0,0xE0,0xE0,0x24,0x20,0xE0,0xE0},
    {0xE0,0xE0,0x24,0x20,0x00,0x00,0x00,0x00,0x00,0x00,0x00,0x00,0xA0,0xA0,0x00,0x00,0x00,0x00,0xA0,0xA0,0x24,0x20,0xE0,0xE0,0xE0,0xE0,0x20,0x20,0xE0,0x00},
    {0xE0,0xE0,0x20,0x20,0x00,0x00,0x00,0x00,0x00,0x00,0x00,0x00,0xA2,0xA2,0x00,0x00,0x00,0x00,0xA0,0xA0,0x20,0x20,0xE0,0xE0,0xE0,0xE0,0x00,0x00,0x00,0x00},
    {0xE0,0xE0,0x00,0x00,0x00,0x00,0x00,0x00,0x00,0x00,0x00,0x00,0xA2,0xA2,0x00,0x00,0x00,0x00,0xA0,0xA0,0x00,0x00,0xE0,0xE0,0xE0,0xE0,0x00,0x00,0x00,0x00},
    {0xE0,0xE0,0x00,0x00,0x00,0x00,0xA0,0xA0,0x00,0x00,0x00,0x00,0xE0,0xE0,0x00,0x00,0x00,0x00,0xE0,0xE0,0x00,0x00,0xE0,0xE0,0xE0,0xE0,0x00,0x00,0x00,0x00},
    {0xE0,0xE0,0x00,0x00,0x00,0x00,0x00,0x00,0x00,0x00,0x00,0x00,0xA0,0xA0,0x00,0x00,0x00,0x00,0x00,0x00,0x00,0x00,0xE0,0xE0,0xE0,0x00,0x00,0x00,0x00,0x00},
    {0xE0,0xE0,0x00,0x00,0x00,0x00,0x00,0x00,0x00,0x00,0x00,0x00,0xA0,0xA0,0x00,0x00,0x00,0x00,0x00,0x00,0x00,0x00,0xA0,0xA0,0x00,0x00,0x00,0x00,0x00,0x00},
    {0xE0,0xE0,0x00,0x00,0x00,0x00,0x00,0x00,0x00,0x00,0x00,0x00,0xA0,0xA0,0x00,0x00,0x00,0x00,0xE0,0xE0,0x00,0x00,0xA0,0xA0,0x00,0x00,0x00,0x00,0x00,0x00},
    {0xE0,0xE0,0x00,0x00,0x00,0x00,0xA0,0xA0,0x00,0x00,0x00,0x00,0xA0,0xA0,0x00,0x00,0x00,0x00,0xA0,0xA0,0x00,0x00,0xA0,0xA0,0x00,0x00,0x00,0x00,0x00,0x00},
    {0xA0,0xA0,0x00,0x00,0x00,0x00,0x00,0x00,0x00,0x00,0x00,0x00,0xA0,0xA0,0x00,0x00,0x00,0x00,0xA0,0xA0,0x00,0x00,0xA0,0xA0,0x00,0x00,0x00,0x00,0x00,0x00},
    {0xA2,0xA2,0x00,0x00,0x00,0x00,0x00,0x00,0x00,0x00,0x00,0x00,0xA0,0xA0,0x00,0x00,0x00,0x00,0xA0,0xA0,0x00,0x00,0xA0,0xA0,0x00,0x00,0x00,0x00,0x00,0x00},
    {0xA2,0xA2,0x00,0x00,0x00,0x00,0x00,0x00,0x00,0x00,0x00,0x00,0xA0,0xA0,0x00,0x00,0x00,0x00,0xA0,0xA0,0x00,0x00,0xA0,0xA0,0x00,0x00,0x00,0x00,0x00,0x00},
    {0xA0,0xA0,0x00,0x00,0x00,0x00,0xA0,0xA0,0x00,0x00,0x00,0x00,0xA0,0xA0,0x00,0x00,0x00,0x00,0xA0,0xA0,0x00,0x00,0xE0,0xE0,0x00,0x00,0x00,0x00,0x00,0x00},
    {0xE0,0xE0,0x10,0x10,0x10,0x10,0x10,0x10,0x10,0x10,0x10,0x10,0xA0,0xA0,0x00,0x00,0x00,0x00,0xA0,0xA0,0x00,0x00,0x00,0x00,0x00,0x00,0x00,0x00,0x00,0x00},
    {0xE0,0xE0,0x10,0x10,0x10,0x10,0x10,0x10,0x10,0x10,0x10,0x10,0xA0,0xA0,0x00,0x00,0x00,0x00,0xA0,0xA0,0x00,0x00,0x00,0x00,0x00,0x00,0x00,0x00,0x00,0x00},
    {0xE0,0xE0,0xE0,0xE0,0xE0,0xE0,0xE0,0xE0,0xE0,0xE0,0xE0,0xE0,0xE0,0xE0,0xA0,0xA0,0xA0,0xA0,0xE0,0xE0,0xE0,0xE0,0xE0,0xE0,0x00,0x00,0x00,0x00,0x00,0x00},
  },
  { /* sala 20 (0x20) */
    {0x00,0x00,0x00,0x00,0x00,0x00,0xE0,0xE0,0x00,0x00,0x00,0x00,0xE0,0xE0,0xE0,0xE0,0xE0,0xE0,0xE0,0xE0,0xE0,0xE0,0xE0,0xE0,0xE0,0xE0,0xE0,0xE0,0xE0,0xE0},
    {0x00,0x00,0x00,0x00,0x00,0x00,0xE0,0xE0,0x00,0x00,0x00,0x00,0x00,0x00,0x00,0x00,0x00,0x00,0x00,0x00,0x00,0x00,0x00,0x00,0x00,0x00,0x00,0x00,0xE0,0xE0},
    {0x00,0x00,0x00,0x00,0x00,0x00,0xE0,0xE0,0x00,0x00,0x00,0x00,0x00,0x00,0x00,0x00,0x00,0x00,0x00,0x00,0x00,0x00,0x00,0x00,0x00,0x00,0x00,0x00,0xE0,0xE0},
    {0x00,0x00,0x00,0x00,0x00,0x00,0xE0,0xE0,0xA0,0xA0,0xA0,0xA0,0xE0,0xE0,0xE0,0xE0,0xE0,0xE0,0xE0,0xE0,0xE0,0xE0,0xE0,0xE0,0xE0,0xE0,0x00,0x00,0xE0,0xE0},
    {0x00,0x00,0x00,0x00,0x00,0x00,0xE0,0xE0,0xE0,0xE0,0xE0,0xE0,0xE0,0xE0,0xE0,0xE0,0xE0,0xE0,0xE0,0xE0,0xE0,0xE0,0xE0,0xE0,0xE0,0xE0,0x00,0x00,0xE0,0xE0},
    {0x00,0x00,0x00,0x00,0x00,0x00,0xA0,0xA0,0x00,0x00,0x00,0x00,0x00,0x00,0x00,0x00,0x00,0x00,0x00,0x00,0x00,0x00,0x00,0x00,0x00,0x00,0x00,0x00,0xE0,0xE0},
    {0x00,0x00,0x00,0x00,0x00,0x00,0xA0,0xA0,0x00,0x00,0x00,0x00,0x00,0x00,0x00,0x00,0x00,0x00,0x00,0x00,0x00,0x00,0x00,0x00,0x00,0x00,0x00,0x00,0xE0,0xE0},
    {0x00,0x00,0x00,0x00,0x00,0x00,0xA0,0xA0,0x00,0x00,0x00,0x00,0xE0,0xE0,0xE0,0xE0,0xE0,0xE0,0xE0,0xE0,0xE0,0xE0,0xE0,0xE0,0x00,0x00,0xE0,0xE0,0xE0,0xE0},
    {0x00,0x00,0x00,0x00,0x00,0x00,0xA0,0xA0,0x00,0x00,0x00,0x00,0xA0,0xA0,0x24,0x20,0x00,0x00,0x00,0x00,0x24,0x20,0xA0,0xA0,0x00,0x00,0x00,0x00,0xE0,0xE0},
    {0x00,0x00,0x00,0x00,0x00,0x00,0xA0,0xA0,0x00,0x00,0x00,0x00,0xA0,0xA0,0x20,0x20,0x00,0x00,0x00,0x00,0x20,0x20,0xA0,0xA0,0x00,0x00,0x00,0x00,0xE0,0xE0},
    {0x00,0x00,0x00,0x00,0x00,0x00,0xA0,0xA0,0x00,0x00,0x00,0x00,0xA0,0xA0,0x00,0x00,0x38,0x38,0x00,0x00,0x00,0x00,0xA0,0xA0,0x00,0x00,0x00,0x00,0xE0,0xE0},
    {0x00,0x00,0x00,0x00,0x00,0x00,0xA0,0xA0,0x00,0x00,0x00,0x00,0xA0,0xA0,0x00,0x00,0x38,0x38,0x00,0x00,0x00,0x00,0xA0,0xA0,0x00,0x00,0xE0,0xE0,0xE0,0xE0},
    {0x00,0x00,0x00,0x00,0x00,0x00,0xA0,0xA0,0x00,0x00,0x00,0x00,0xA0,0xA0,0x00,0x00,0x00,0x00,0x00,0x00,0x00,0x00,0xA0,0xA0,0x00,0x00,0x00,0x00,0xE0,0xE0},
    {0x00,0x00,0x00,0x00,0x00,0x00,0xA0,0xA0,0x00,0x00,0x00,0x00,0xA0,0xA0,0x00,0x00,0x00,0x00,0x00,0x00,0x00,0x00,0xA0,0xA0,0x00,0x00,0x00,0x00,0xE0,0xE0},
    {0x00,0x00,0x00,0x00,0x00,0x00,0xA0,0xA0,0x00,0x00,0xE0,0xE0,0xE0,0xE0,0xE0,0xE0,0x00,0x00,0x00,0x00,0xE0,0xE0,0xE0,0xE0,0xE0,0xE0,0x00,0x00,0xA0,0xA0},
    {0x00,0x00,0x00,0x00,0x00,0x00,0xA0,0xA0,0x00,0x00,0x00,0x00,0x00,0x00,0x00,0x00,0x00,0x00,0x00,0x00,0x00,0x00,0x00,0x00,0x00,0x00,0x00,0x00,0xA2,0xA2},
    {0x00,0x00,0x00,0x00,0x00,0x00,0xA0,0xA0,0x00,0x00,0x00,0x00,0x00,0x00,0x00,0x00,0x00,0x00,0x00,0x00,0x00,0x00,0x00,0x00,0x00,0x00,0x00,0x00,0xA2,0xA2},
    {0x00,0x00,0x00,0x00,0x00,0x00,0xE0,0xE0,0xE0,0xE0,0xE0,0xE0,0xE0,0xE0,0xE0,0xE0,0xE0,0xE0,0xE0,0xE0,0xE0,0xE0,0xE0,0xE0,0xE0,0xE0,0xE0,0xE0,0xA0,0xA0},
    {0x00,0x00,0x00,0x00,0x00,0x00,0xE0,0xE0,0xE0,0xE0,0xE0,0xE0,0xE0,0xE0,0xE0,0xE0,0xE0,0xE0,0xE0,0xE0,0xE0,0xE0,0xE0,0xE0,0xE0,0xE0,0xE0,0xE0,0xE0,0xE0},
    {0x00,0x00,0x00,0x00,0x00,0x00,0xE0,0xE0,0xE0,0xE0,0xE0,0xE0,0xE0,0xE0,0xE0,0xE0,0xE0,0xE0,0xE0,0xE0,0xE0,0xE0,0xE0,0xE0,0xE0,0xE0,0xE0,0xE0,0xE0,0xE0},
  },
  { /* sala 21 (0x21) */
    {0xE0,0xE0,0xE0,0xE0,0xE0,0xE0,0xE0,0xE0,0xE0,0xE0,0xE0,0xE0,0xE0,0xE0,0xE0,0xE0,0xE0,0xE0,0xE0,0xE0,0xE0,0xE0,0xE0,0xE0,0xE0,0xE0,0xE0,0xE0,0xE0,0xE0},
    {0xE0,0xE0,0x00,0x00,0x00,0x00,0x00,0x00,0x00,0x00,0x00,0x00,0xA0,0xA0,0xA0,0xA0,0xA8,0xA8,0xA8,0xA8,0x00,0x00,0x00,0x00,0x00,0x00,0x00,0x00,0xA0,0xA0},
    {0xE0,0xE0,0x00,0x00,0x00,0x00,0x00,0x00,0x00,0x00,0x00,0x00,0x00,0x20,0x20,0x00,0xA8,0xA8,0xA8,0xA8,0x00,0x00,0x00,0x00,0x00,0x00,0x00,0x00,0xA2,0xA2},
    {0xE0,0xE0,0x00,0x00,0x00,0x00,0x00,0x00,0x00,0x00,0x00,0x00,0x00,0x20,0x20,0x00,0xA0,0xA0,0xE0,0xE0,0xE0,0xE0,0x00,0x00,0x00,0x00,0x00,0x00,0xA2,0xA2},
    {0xE0,0xE0,0x00,0x00,0x00,0x00,0x00,0x00,0x00,0x00,0x00,0x00,0x00,0x20,0x20,0x00,0xA0,0xA0,0xE0,0xE0,0xE0,0xE0,0xE0,0xE0,0xE0,0xE0,0xE0,0xE0,0xA0,0xA0},
    {0xE0,0xE0,0x00,0x00,0x00,0x00,0xE0,0xE0,0x00,0x00,0xE0,0xE0,0x00,0x20,0x20,0x00,0xA0,0xA0,0xE0,0xE0,0x00,0x00,0x00,0x00,0x00,0x00,0x00,0x00,0xE0,0xE0},
    {0xE0,0xE0,0x00,0x00,0x00,0x00,0xE0,0xE0,0x00,0x00,0xE0,0xE0,0x00,0x20,0x20,0x00,0xA0,0xA0,0xE0,0xE0,0x00,0x00,0x00,0x00,0x00,0x00,0x00,0x00,0xE0,0xE0},
    {0xE0,0xE0,0x00,0x00,0x00,0x00,0xE0,0xE0,0xE0,0xE0,0xE0,0xE0,0x00,0x20,0x20,0x00,0xA0,0xA0,0xE0,0xE0,0x00,0x00,0xE0,0xE0,0x00,0x00,0xE0,0xE0,0xE0,0xE0},
    {0xE0,0xE0,0x00,0x00,0x00,0x00,0x00,0x00,0xE0,0xE0,0xE0,0xE0,0x00,0x20,0x20,0x00,0xA0,0xA0,0xE0,0xE0,0x00,0x00,0xE0,0xE0,0x00,0x00,0xE0,0xE0,0xE0,0xE0},
    {0xE0,0xE0,0xE0,0xE0,0x00,0x00,0x00,0x00,0x00,0x00,0xE0,0xE0,0x00,0x20,0x20,0x00,0xA0,0xA0,0x00,0x00,0x00,0x00,0x18,0x18,0x00,0x00,0xE0,0xE0,0xE0,0xE0},
    {0xE0,0xE0,0xE0,0xE0,0x00,0x00,0x00,0x00,0x00,0x00,0xE0,0xE0,0x00,0x20,0x20,0x00,0xA0,0xA0,0x00,0x00,0x00,0x00,0xA8,0xA8,0x00,0x00,0xE0,0xE0,0xE0,0xE0},
    {0xE0,0xE0,0xE0,0xE0,0x00,0x00,0x00,0x00,0x00,0x00,0xE0,0xE0,0x00,0x20,0x20,0x00,0xE0,0xE0,0x00,0x00,0xE0,0xE0,0xE0,0xE0,0x00,0x00,0xE0,0xE0,0xE0,0xE0},
    {0xE0,0xE0,0xE0,0xE0,0xE0,0xE0,0x00,0x00,0x00,0x00,0xE0,0xE0,0x00,0x20,0x20,0x00,0x00,0x00,0x00,0x00,0x00,0x00,0xA8,0xA8,0x00,0x00,0xE0,0xE0,0xE0,0xE0},
    {0xE0,0xE0,0xE0,0xE0,0xE0,0xE0,0x00,0x00,0x00,0x00,0xE0,0xE0,0x00,0x20,0x20,0x00,0x00,0x00,0x00,0x00,0x00,0x00,0xA8,0xA8,0x00,0x00,0xE0,0xE0,0xE0,0xE0},
    {0xA0,0xA0,0x00,0x00,0xE0,0xE0,0x00,0x00,0x00,0x00,0xE0,0xE0,0x00,0x20,0x20,0x00,0x00,0x00,0xE0,0xE0,0xE0,0xE0,0xE0,0xE0,0x00,0x00,0xE0,0xE0,0xE0,0xE0},
    {0xA2,0xA2,0x00,0x00,0xA8,0xA8,0x00,0x00,0x00,0x00,0xE0,0xE0,0xE0,0xE0,0xE0,0xE0,0x00,0x00,0xE0,0xE0,0xE0,0xE0,0xE0,0xE0,0x00,0x00,0x00,0x00,0xE0,0xE0},
    {0xA2,0xA2,0x00,0x00,0xA8,0xA8,0x00,0x00,0x00,0x00,0x00,0x00,0x00,0x00,0x00,0x00,0xA8,0xA8,0x00,0x00,0x00,0x00,0x00,0x00,0x00,0x00,0x00,0x00,0xE0,0xE0},
    {0xA0,0xA0,0x00,0x00,0xA8,0xA8,0x00,0x00,0x00,0x00,0x00,0x00,0x00,0x00,0x00,0x00,0xA8,0xA8,0x00,0x00,0x00,0x00,0x00,0x00,0x00,0x00,0x00,0x00,0xE0,0xE0},
    {0xE0,0xE0,0x00,0x00,0xA8,0xA8,0x00,0x00,0x00,0x00,0xE0,0xE0,0xE0,0xE0,0xE0,0xE0,0xE0,0xE0,0x00,0x00,0x00,0x00,0x00,0x00,0x00,0x00,0x00,0x00,0xE0,0xE0},
    {0xE0,0xE0,0xE0,0xE0,0xE0,0xE0,0xE0,0xE0,0xE0,0xE0,0xE0,0xE0,0xE0,0xE0,0xE0,0xE0,0xE0,0xE0,0xE0,0xE0,0xE0,0xE0,0xE0,0xE0,0xA0,0xA0,0xE0,0xE0,0xE0,0xE0},
  },
  { /* sala 22 (0x22) */
    {0xE0,0xE0,0xE0,0xE0,0xE0,0xE0,0xE0,0xE0,0x00,0x00,0x00,0x00,0x00,0x00,0x00,0x00,0x00,0x00,0x00,0x00,0x00,0x00,0xE0,0xE0,0xE0,0xE0,0xE0,0xE0,0xE0,0xE0},
    {0xA0,0xA0,0x00,0x00,0x00,0x00,0xA0,0xA0,0x00,0x00,0x00,0x00,0x00,0x00,0x00,0x00,0x00,0x00,0x00,0x00,0x00,0x00,0xA0,0xA0,0x00,0x00,0x24,0x20,0xE0,0xE0},
    {0xA2,0xA2,0x00,0x00,0x00,0x00,0xA0,0xA0,0x00,0x00,0x00,0x00,0x00,0x00,0x00,0x00,0x00,0x00,0x00,0x00,0x00,0x00,0xA0,0xA0,0x00,0x00,0x20,0x20,0xE0,0xE0},
    {0xA2,0xA2,0x00,0x00,0x00,0x00,0xA0,0xA0,0x00,0x00,0x00,0x00,0x00,0x00,0x00,0x00,0x00,0x00,0x00,0x00,0x00,0x00,0xA0,0xA0,0x00,0x00,0x00,0x00,0xE0,0xE0},
    {0xA0,0xA0,0xE0,0xE0,0x00,0x00,0xE0,0xE0,0xE0,0xE0,0xE0,0xE0,0xE0,0xE0,0x00,0x00,0xE0,0xE0,0xE0,0xE0,0xE0,0xE0,0xE0,0xE0,0x00,0x00,0xE0,0xE0,0xE0,0xE0},
    {0xE0,0xE0,0x00,0x00,0x00,0x00,0x00,0x00,0x24,0x20,0x00,0x00,0x00,0x00,0x00,0x00,0x00,0x00,0x00,0x00,0x24,0x20,0x00,0x00,0x00,0x00,0x00,0x00,0xE0,0xE0},
    {0xE0,0xE0,0x00,0x00,0x00,0x00,0x00,0x00,0x20,0x20,0x00,0x00,0x00,0x00,0x00,0x00,0x00,0x00,0x00,0x00,0x20,0x20,0x00,0x00,0x00,0x00,0x00,0x00,0xE0,0xE0},
    {0xE0,0xE0,0x00,0x00,0x00,0x00,0xE0,0xE0,0xE0,0xE0,0xE0,0xE0,0x00,0x00,0x00,0x00,0x00,0x00,0xE0,0xE0,0xE0,0xE0,0xE0,0xE0,0x00,0x00,0x00,0x00,0xE0,0xE0},
    {0xE0,0xE0,0x00,0x00,0x00,0x00,0x00,0x00,0x24,0x20,0x00,0x00,0x00,0x00,0x00,0x00,0x00,0x00,0x00,0x00,0x24,0x20,0x00,0x00,0x00,0x00,0x00,0x00,0xE0,0xE0},
    {0xE0,0xE0,0x00,0x00,0x00,0x00,0x00,0x00,0x20,0x20,0x00,0x00,0x00,0x00,0x00,0x00,0x00,0x00,0x00,0x00,0x20,0x20,0x00,0x00,0x00,0x00,0x00,0x00,0xE0,0xE0},
    {0xE0,0xE0,0x00,0x00,0xE0,0xE0,0xE0,0xE0,0xE0,0xE0,0x00,0x00,0x00,0x00,0x00,0x00,0x00,0x00,0x00,0x00,0xE0,0xE0,0xE0,0xE0,0xE0,0xE0,0x00,0x00,0xE0,0xE0},
    {0xE0,0xE0,0x00,0x00,0x00,0x00,0xA0,0xA0,0x00,0x00,0x00,0x00,0x00,0x00,0x00,0x00,0x00,0x00,0x00,0x00,0x00,0x00,0xA0,0xA0,0x00,0x00,0x00,0x00,0xE0,0xE0},
    {0xE0,0xE0,0x00,0x00,0x00,0x00,0xA0,0xA0,0x00,0x00,0x00,0x00,0x00,0x00,0x00,0x00,0x00,0x00,0x00,0x00,0x00,0x00,0xA0,0xA0,0x00,0x00,0x00,0x00,0xE0,0xE0},
    {0xE0,0xE0,0xE0,0xE0,0x00,0x00,0xA0,0xA0,0x00,0x00,0x00,0x00,0x10,0x10,0x10,0x10,0x10,0x10,0x00,0x00,0x00,0x00,0xA0,0xA0,0x00,0x00,0xE0,0xE0,0xE0,0xE0},
    {0xE0,0xE0,0x00,0x00,0x00,0x00,0xA0,0xA0,0x00,0x00,0x00,0x00,0x10,0x10,0x10,0x10,0x10,0x10,0x00,0x00,0x00,0x00,0xA0,0xA0,0x00,0x00,0x00,0x00,0xA0,0xA0},
    {0xE0,0xE0,0x24,0x20,0x00,0x00,0xA0,0xA0,0x00,0x00,0x00,0x00,0xE0,0xE0,0xE0,0xE0,0xE0,0xE0,0x00,0x00,0x00,0x00,0xA0,0xA0,0x00,0x00,0x00,0x00,0xA2,0xA2},
    {0xE0,0xE0,0x20,0x20,0x00,0x00,0xA0,0xA0,0x00,0x00,0x00,0x00,0x00,0x00,0x00,0x00,0x00,0x00,0x00,0x00,0x00,0x00,0xA0,0xA0,0x00,0x00,0x00,0x00,0xA2,0xA2},
    {0xE0,0xE0,0x00,0x00,0xA8,0xA8,0xA0,0xA0,0x00,0x00,0x00,0x00,0x00,0x00,0x00,0x00,0x00,0x00,0x00,0x00,0x00,0x00,0xA0,0xA0,0xA8,0xA8,0x00,0x00,0xA0,0xA0},
    {0xE0,0xE0,0x00,0x00,0xA8,0xA8,0xA0,0xA0,0x00,0x00,0x00,0x00,0x00,0x00,0x00,0x00,0x00,0x00,0x00,0x00,0x00,0x00,0xA0,0xA0,0xA8,0xA8,0x00,0x00,0xE0,0xE0},
    {0xE0,0xE0,0xE0,0xE0,0xE0,0xE0,0xE0,0xE0,0x00,0x00,0xE0,0xE0,0x00,0x00,0x00,0x00,0x00,0x00,0xE0,0xE0,0x00,0x00,0xE0,0xE0,0xE0,0xE0,0xE0,0xE0,0xE0,0xE0},
  },
  { /* sala 23 (0x23) */
    {0xE0,0xE0,0xE0,0xE0,0xE0,0xE0,0xE0,0xE0,0xE0,0xE0,0xE0,0xE0,0xE0,0xE0,0xE0,0xE0,0xE0,0xE0,0xE0,0xE0,0xE0,0xE0,0xE0,0xE0,0xE0,0xE0,0xE0,0xE0,0xE0,0xE0},
    {0xE0,0xE0,0xA1,0xA1,0xA0,0xA0,0xA1,0xA1,0xA1,0xA1,0xA1,0xA1,0xA1,0xA1,0xA0,0xA0,0xA1,0xA1,0xA1,0xA1,0xA1,0xA1,0xA1,0xA1,0xA0,0xA0,0xA1,0xA1,0xE0,0xE0},
    {0xE0,0xE0,0x00,0x00,0x20,0x20,0x00,0x00,0x24,0x20,0x24,0x20,0x00,0x00,0x20,0x20,0x00,0x00,0xA8,0xA8,0x00,0x00,0x00,0x00,0x20,0x20,0x00,0x00,0xE0,0xE0},
    {0xE0,0xE0,0x00,0x00,0x20,0x20,0x00,0x00,0x20,0x20,0x20,0x20,0x00,0x00,0x20,0x20,0x00,0x00,0xA8,0xA8,0x00,0x00,0x00,0x00,0x20,0x20,0x00,0x00,0xE0,0xE0},
    {0xE0,0xE0,0x00,0x00,0x20,0x20,0xE0,0xE0,0xE0,0xE0,0xE0,0xE0,0xE0,0xE0,0x20,0x20,0xE0,0xE0,0xE0,0xE0,0xE0,0xE0,0x00,0x00,0x20,0x20,0x00,0x00,0xE0,0xE0},
    {0xE0,0xE0,0x00,0x00,0x20,0x20,0x00,0x00,0xA1,0xA1,0xA1,0xA1,0xA1,0xA1,0xA0,0xA0,0xA1,0xA1,0xA1,0xA1,0xA1,0xA1,0x00,0x00,0x20,0x20,0x00,0x00,0xE0,0xE0},
    {0xE0,0xE0,0x00,0x00,0x20,0x20,0x00,0x00,0x00,0x00,0x00,0x00,0x00,0x00,0x00,0x00,0xA8,0xA8,0x00,0x00,0x00,0x00,0x00,0x00,0x20,0x20,0x00,0x00,0xE0,0xE0},
    {0xE0,0xE0,0x00,0x00,0x20,0x20,0x00,0x00,0x00,0x00,0x00,0x00,0x00,0x00,0x00,0x00,0xA8,0xA8,0x00,0x00,0x00,0x00,0x00,0x00,0x20,0x20,0x00,0x00,0xE0,0xE0},
    {0xE0,0xE0,0x00,0x00,0x20,0x20,0xE0,0xE0,0xE0,0xE0,0xE0,0xE0,0xE0,0xE0,0xE0,0xE0,0xE0,0xE0,0xE0,0xE0,0xE0,0xE0,0x00,0x00,0x20,0x20,0xE0,0xE0,0xE0,0xE0},
    {0xE0,0xE0,0x00,0x00,0x20,0x20,0x00,0x00,0x00,0x00,0x00,0x00,0x00,0x00,0x38,0x38,0x00,0x00,0x00,0x00,0x00,0x00,0x00,0x00,0xA0,0xA0,0x00,0x00,0xE0,0xE0},
    {0xE0,0xE0,0x00,0x00,0x20,0x20,0x00,0x00,0x00,0x00,0x00,0x00,0x00,0x00,0x38,0x38,0x00,0x00,0x00,0x00,0x00,0x00,0x00,0x00,0x00,0x00,0x00,0x00,0xE0,0xE0},
    {0xE0,0xE0,0x00,0x00,0xA0,0xA0,0x00,0x00,0xE0,0xE0,0xE0,0xE0,0xE0,0xE0,0xE0,0xE0,0xE0,0xE0,0xE0,0xE0,0xE0,0xE0,0xE0,0xE0,0x00,0x00,0x00,0x00,0xE0,0xE0},
    {0xE0,0xE0,0x00,0x00,0x00,0x00,0x00,0x00,0x00,0x00,0x00,0x00,0x00,0x00,0xA8,0xA8,0x00,0x00,0x00,0x00,0x00,0x00,0x00,0x00,0x00,0x00,0x00,0x00,0xE0,0xE0},
    {0xE0,0xE0,0x00,0x00,0x00,0x00,0x00,0x00,0x00,0x00,0x00,0x00,0x00,0x00,0xA8,0xA8,0x00,0x00,0x00,0x00,0x00,0x00,0x00,0x00,0xA0,0xA0,0x00,0x00,0xE0,0xE0},
    {0xA0,0xA0,0x00,0x00,0x00,0x00,0x00,0x00,0xE0,0xE0,0xE0,0xE0,0xE0,0xE0,0xE0,0xE0,0xE0,0xE0,0xE0,0xE0,0xE0,0xE0,0xE0,0xE0,0x00,0x00,0x00,0x00,0xE0,0xE0},
    {0xA2,0xA2,0x00,0x00,0xA0,0xA0,0x00,0x00,0x00,0x00,0x00,0x00,0x00,0x00,0x00,0x00,0x00,0x00,0x00,0x00,0x00,0x00,0x00,0x00,0x00,0x00,0x00,0x00,0xE0,0xE0},
    {0xA2,0xA2,0x00,0x00,0x00,0x00,0x00,0x00,0x00,0x00,0x00,0x00,0x00,0x00,0x00,0x00,0x00,0x00,0x00,0x00,0x00,0x00,0x00,0x00,0x00,0x00,0x00,0x00,0xA0,0xA0},
    {0xA0,0xA0,0x00,0x00,0x00,0x00,0x00,0x00,0xE0,0xE0,0xE0,0xE0,0xE0,0xE0,0xE0,0xE0,0xE0,0xE0,0xE0,0xE0,0xE0,0xE0,0xE0,0xE0,0x00,0x00,0x00,0x00,0xA2,0xA2},
    {0xE0,0xE0,0x00,0x00,0x00,0x00,0x00,0x00,0xE0,0xE0,0xE0,0xE0,0xE0,0xE0,0xE0,0xE0,0xE0,0xE0,0xE0,0xE0,0xE0,0xE0,0xE0,0xE0,0x00,0x00,0x00,0x00,0xA2,0xA2},
    {0xE0,0xE0,0xE0,0xE0,0xE0,0xE0,0xE0,0xE0,0xE0,0xE0,0xE0,0xE0,0xE0,0xE0,0xE0,0xE0,0xE0,0xE0,0xE0,0xE0,0xE0,0xE0,0xE0,0xE0,0xE0,0xE0,0xE0,0xE0,0xA0,0xA0},
  },
  { /* sala 24 (0x24) */
    {0xE0,0xE0,0x24,0x20,0x00,0x00,0x00,0x00,0x00,0x00,0x00,0x00,0x00,0x00,0x38,0x38,0x00,0x00,0x00,0x00,0x00,0x00,0x00,0x00,0x00,0x00,0x24,0x20,0xE0,0xE0},
    {0xE0,0xE0,0x20,0x20,0x00,0x00,0x00,0x00,0x00,0x00,0x38,0x38,0x00,0x00,0x38,0x38,0x00,0x00,0x38,0x38,0x00,0x00,0x00,0x00,0x00,0x00,0x20,0x20,0xE0,0xE0},
    {0xE0,0xE0,0x00,0x00,0x00,0x00,0x00,0x00,0x00,0x00,0x38,0x38,0x00,0x00,0xE0,0xE0,0x00,0x00,0x38,0x38,0x00,0x00,0x00,0x00,0x00,0x00,0x00,0x00,0xE0,0xE0},
    {0xE0,0xE0,0x00,0x00,0xE0,0x00,0x00,0x00,0x00,0x00,0x00,0xE0,0x00,0x00,0x00,0x00,0x00,0x00,0xE0,0x00,0x00,0x00,0x00,0x00,0x00,0xE0,0x00,0x00,0xE0,0xE0},
    {0xE0,0xE0,0x00,0x00,0x00,0x00,0x00,0x00,0x00,0x00,0x00,0x00,0x00,0x00,0x00,0x00,0x00,0x00,0x00,0x00,0x00,0x00,0x00,0x00,0x00,0x00,0x00,0x00,0xE0,0xE0},
    {0xE0,0xE0,0x00,0x00,0x00,0x00,0x00,0x00,0x00,0x00,0x00,0x00,0x00,0x00,0x24,0x20,0x00,0x00,0x00,0x00,0x00,0x00,0x00,0x00,0x00,0x00,0x00,0x00,0xE0,0xE0},
    {0xE0,0xE0,0x00,0x00,0x00,0x00,0x00,0x00,0x38,0x38,0x00,0x00,0x00,0x00,0x20,0x20,0x00,0x00,0x00,0x00,0x38,0x38,0x00,0x00,0x00,0x00,0x00,0x00,0xE0,0xE0},
    {0xE0,0xE0,0x00,0x00,0x00,0x00,0x00,0x00,0x38,0x38,0x00,0x00,0x00,0x00,0xE0,0xE0,0x00,0x00,0x00,0x00,0x38,0x38,0x00,0x00,0x00,0x00,0x00,0x00,0xE0,0xE0},
    {0xE0,0xE0,0x00,0x00,0x00,0x00,0x00,0x00,0xE0,0x00,0x00,0x00,0x00,0x00,0x00,0x00,0x00,0x00,0x00,0x00,0x00,0xE0,0x00,0x00,0x00,0x00,0x00,0x00,0xE0,0xE0},
    {0xE0,0xE0,0x00,0x00,0x00,0x00,0x00,0x00,0x00,0x00,0x00,0x00,0x00,0x00,0x00,0x00,0x00,0x00,0x00,0x00,0x00,0x00,0x00,0x00,0x00,0x00,0x00,0x00,0xE0,0xE0},
    {0xE0,0xE0,0x00,0x00,0x00,0x00,0x00,0x00,0x00,0x00,0x00,0x00,0x00,0x00,0x00,0x00,0x00,0x00,0x00,0x00,0x00,0x00,0x00,0x00,0x00,0x00,0x00,0x00,0xE0,0xE0},
    {0xE0,0xE0,0x00,0x00,0x00,0x00,0x00,0x00,0x00,0x00,0x00,0x00,0x00,0x00,0x00,0x00,0x00,0x00,0x00,0x00,0x00,0x00,0x00,0x00,0x00,0x00,0x00,0x00,0xE0,0xE0},
    {0xE0,0xE0,0x00,0x00,0x00,0x00,0x00,0x00,0x00,0x00,0x00,0x00,0x00,0xE0,0x00,0x00,0xE0,0x00,0x00,0x00,0x00,0x00,0x00,0x00,0x00,0x00,0x00,0x00,0xE0,0xE0},
    {0xE0,0xE0,0x00,0x00,0x00,0x00,0xE0,0x00,0x00,0x00,0x00,0x00,0x00,0x00,0x00,0x00,0x00,0x00,0x00,0x00,0x00,0x00,0x00,0xE0,0x00,0x00,0x00,0x00,0xE0,0xE0},
    {0xE0,0xE0,0x00,0x00,0x00,0x00,0x00,0x00,0x00,0x00,0x00,0x00,0x00,0x00,0x00,0x00,0x00,0x00,0x00,0x00,0x00,0x00,0x00,0x00,0x00,0x00,0x00,0x00,0xE0,0xE0},
    {0xE0,0xE0,0x00,0x00,0x00,0x00,0x00,0x00,0x00,0x00,0x00,0x00,0x00,0x00,0x00,0x00,0x00,0x00,0x00,0x00,0x00,0x00,0x00,0x00,0x00,0x00,0x00,0x00,0xE0,0xE0},
    {0xA0,0xA0,0x00,0xE0,0x00,0x00,0x00,0x00,0x00,0x00,0x00,0x00,0x00,0x00,0x00,0x00,0x00,0x00,0x00,0x00,0x00,0x00,0x00,0x00,0x00,0x00,0xE0,0x00,0xA0,0xA0},
    {0xA2,0xA2,0x00,0x00,0x00,0x00,0x10,0x10,0x10,0x10,0x10,0x10,0x10,0x10,0x10,0x10,0x10,0x10,0x10,0x10,0x10,0x10,0x10,0x10,0x00,0x00,0x00,0x00,0xA2,0xA2},
    {0xA2,0xA2,0x00,0x00,0x00,0x00,0x10,0x10,0x10,0x10,0x10,0x10,0x10,0x10,0x10,0x10,0x10,0x10,0x10,0x10,0x10,0x10,0x10,0x10,0x00,0x00,0x00,0x00,0xA2,0xA2},
    {0xA0,0xA0,0xE0,0xE0,0xE0,0xE0,0xE0,0xE0,0xE0,0xE0,0xE0,0xE0,0xE0,0xE0,0xE0,0xE0,0xE0,0xE0,0xE0,0xE0,0xE0,0xE0,0xE0,0xE0,0xE0,0xE0,0xE0,0xE0,0xA0,0xA0},
  },
  { /* sala 25 (0x25) */
    {0xE0,0xE0,0xE0,0xE0,0xE0,0xE0,0xE0,0xE0,0xE0,0xE0,0xE0,0xE0,0xE0,0xE0,0xE0,0xE0,0xE0,0xE0,0xE0,0xE0,0xE0,0xE0,0xE0,0xE0,0xE0,0xE0,0xE0,0xE0,0xE0,0xE0},
    {0xE0,0xE0,0x00,0x00,0x10,0x10,0x00,0x00,0x00,0x00,0x00,0x00,0x10,0x10,0x00,0x00,0x00,0x00,0x10,0x10,0xE0,0xE0,0x10,0x10,0x00,0x00,0x00,0x00,0x00,0x00},
    {0xE0,0xE0,0x00,0x00,0x10,0x10,0x00,0x00,0x00,0x00,0x00,0x00,0x10,0x10,0x00,0x00,0x00,0x00,0x10,0x10,0xE0,0xE0,0x10,0x10,0x00,0x00,0x00,0x00,0x00,0x00},
    {0xE0,0xE0,0x00,0x00,0x00,0x00,0x00,0x00,0x10,0x10,0x00,0x00,0x00,0x00,0x00,0x00,0x00,0x00,0x10,0x10,0xE0,0xE0,0x10,0x10,0x00,0x00,0x00,0x00,0x00,0x00},
    {0xE0,0xE0,0x00,0x00,0x00,0x00,0x00,0x00,0x10,0x10,0x00,0x00,0x00,0x00,0x00,0x00,0x00,0x00,0x10,0x10,0xE0,0xE0,0x10,0x10,0x00,0x00,0x10,0x10,0xA0,0xA0},
    {0xE0,0xE0,0x00,0x00,0xE0,0xE0,0xE0,0xE0,0xE0,0xE0,0xE0,0xE0,0xE0,0xE0,0x00,0x00,0x00,0x00,0x10,0x10,0xE0,0xE0,0x10,0x10,0x00,0x00,0x10,0x10,0xE0,0xE0},
    {0xE0,0xE0,0x00,0x00,0x10,0x10,0x00,0x00,0x00,0x00,0x00,0x00,0xA0,0xA0,0x00,0x00,0x00,0x00,0x10,0x10,0xE0,0xE0,0x00,0x00,0x00,0x00,0x10,0x10,0xE0,0xE0},
    {0xE0,0xE0,0x00,0x00,0x10,0x10,0x00,0x00,0x00,0x00,0x00,0x00,0xA0,0xA0,0x00,0x00,0x00,0x00,0x10,0x10,0xE0,0xE0,0x00,0x00,0x00,0x00,0x10,0x10,0xE0,0xE0},
    {0xE0,0xE0,0x00,0x00,0x00,0x00,0x00,0x00,0x10,0x10,0x00,0x00,0xA0,0xA0,0x00,0x00,0x00,0x00,0x10,0x10,0xE0,0xE0,0x00,0x00,0x10,0x10,0xE0,0xE0,0xE0,0xE0},
    {0xE0,0xE0,0x00,0x00,0x00,0x00,0x00,0x00,0x10,0x10,0x00,0x00,0xA0,0xA0,0x00,0x00,0x00,0x00,0x10,0x10,0xE0,0xE0,0x00,0x00,0x10,0x10,0xE0,0xE0,0xE0,0xE0},
    {0xE0,0xE0,0xE0,0xE0,0xE0,0xE0,0xE0,0xE0,0xE0,0xE0,0x00,0x00,0xA0,0xA0,0xA0,0xA0,0xA0,0xA0,0x10,0x10,0xE0,0xE0,0x00,0x00,0x10,0x10,0xE0,0xE0,0xE0,0xE0},
    {0xE0,0xE0,0x10,0x10,0x10,0x10,0x10,0x10,0x00,0x00,0x00,0x00,0xA0,0xA0,0x00,0x20,0x20,0x00,0x10,0x10,0xE0,0xE0,0x00,0x00,0x00,0x00,0x10,0x10,0xE0,0xE0},
    {0xE0,0xE0,0x10,0x10,0x10,0x10,0x10,0x10,0x00,0x00,0x00,0x00,0xA0,0xA0,0x00,0x20,0x20,0x00,0x10,0x10,0xE0,0xE0,0x00,0x00,0x00,0x00,0x10,0x10,0xE0,0xE0},
    {0xE0,0xE0,0x00,0x00,0x00,0x00,0x00,0x00,0x00,0x00,0x00,0x00,0xA0,0xA0,0x00,0x20,0x20,0x00,0x10,0x10,0xE0,0xE0,0x00,0x00,0x00,0x00,0x10,0x10,0xE0,0xE0},
    {0xE0,0xE0,0x00,0x00,0x00,0x00,0x00,0x00,0xA0,0xA0,0x00,0x00,0xA0,0xA0,0x00,0x20,0x20,0x00,0x10,0x10,0xE0,0xE0,0x10,0x10,0x00,0x00,0x10,0x10,0xE0,0xE0},
    {0xE0,0xE0,0x00,0x00,0x00,0x00,0x00,0x00,0xA0,0xA0,0x00,0x00,0xA0,0xA0,0x00,0x20,0x20,0x00,0x10,0x10,0xE0,0xE0,0x10,0x10,0x00,0x00,0x10,0x10,0xE0,0xE0},
    {0xA0,0xA0,0x00,0x00,0x00,0x00,0x00,0x00,0xA0,0xA0,0x00,0x00,0xA0,0xA0,0x00,0x20,0x20,0x00,0x00,0x00,0x00,0x00,0x00,0x00,0x00,0x00,0x10,0x10,0xE0,0xE0},
    {0xA2,0xA2,0x00,0x00,0x00,0x00,0x10,0x10,0xA0,0xA0,0x10,0x10,0xA0,0xA0,0x00,0x20,0x20,0x00,0x00,0x00,0x00,0x00,0x00,0x00,0x00,0x00,0x10,0x10,0xE0,0xE0},
    {0xA2,0xA2,0x00,0x00,0x00,0x00,0x10,0x10,0xA0,0xA0,0x10,0x10,0xA0,0xA0,0x00,0x20,0x20,0x00,0xE0,0xE0,0xE0,0xE0,0x00,0x00,0x00,0x00,0x10,0x10,0xE0,0xE0},
    {0xA0,0xA0,0xE0,0xE0,0xE0,0xE0,0xE0,0xE0,0xE0,0xE0,0xE0,0xE0,0xE0,0xE0,0xE0,0xE0,0xE0,0xE0,0xE0,0xE0,0xE0,0xE0,0xE0,0xE0,0xE0,0xE0,0xE0,0xE0,0xE0,0xE0},
  },
  { /* sala 26 (0x26) */
    {0xE0,0xE0,0xE0,0xE0,0x00,0x00,0x00,0x00,0x00,0x00,0xE0,0xE0,0xE0,0xE0,0xE0,0xE0,0xE0,0xE0,0xE0,0xE0,0xE0,0xE0,0xE0,0xE0,0xE0,0xE0,0xE0,0xE0,0xE0,0xE0},
    {0x00,0x00,0x00,0x00,0x00,0x00,0x00,0x00,0x00,0x00,0x00,0x00,0x00,0x00,0xE0,0xE0,0xE0,0xE0,0xE0,0xE0,0xE0,0xE0,0xE0,0xE0,0xE0,0xE0,0xE0,0xE0,0xE0,0xE0},
    {0x00,0x00,0x00,0x00,0x00,0x00,0x00,0x00,0x00,0x00,0x00,0x00,0x00,0x00,0xE0,0xE0,0xE0,0xE0,0xE0,0xE0,0xE0,0xE0,0xE0,0xE0,0xE0,0xE0,0x24,0x20,0xE0,0xE0},
    {0x00,0x00,0x00,0x00,0x00,0x00,0x00,0x00,0x00,0x00,0x00,0x00,0x00,0x00,0xE0,0xE0,0xE0,0xE0,0x00,0x00,0x00,0x00,0x24,0x20,0xE0,0xE0,0x20,0x20,0xE0,0xE0},
    {0xA0,0xA0,0xE0,0xE0,0xE0,0xE0,0xE0,0xE0,0xE0,0xE0,0x00,0x00,0x00,0x00,0xE0,0xE0,0xE0,0xE0,0x00,0x00,0x00,0x00,0x20,0x20,0xE0,0xE0,0x00,0x00,0xE0,0xE0},
    {0xE0,0xE0,0x00,0x00,0x00,0x00,0x00,0x00,0xE0,0xE0,0x00,0x00,0x00,0x00,0xE0,0xE0,0xE0,0xE0,0x00,0x00,0x00,0x00,0x00,0x00,0xA0,0xA0,0x00,0x00,0xE0,0xE0},
    {0xE0,0xE0,0x00,0x00,0x00,0x00,0x00,0x00,0xA0,0xA0,0x00,0x00,0x00,0x00,0x00,0x00,0xA8,0xA8,0x00,0x00,0x00,0x00,0x00,0x00,0xA2,0xA2,0x00,0x00,0xE0,0xE0},
    {0xE0,0xE0,0x00,0x00,0xA8,0xA8,0x00,0x00,0xA2,0xA2,0x00,0x00,0x00,0x00,0x00,0x00,0xA8,0xA8,0x00,0x00,0x00,0x00,0x00,0x00,0xA2,0xA2,0x00,0x00,0xE0,0xE0},
    {0xE0,0xE0,0x00,0x00,0xA8,0xA8,0x00,0x00,0xA2,0xA2,0x00,0x00,0x00,0x00,0xE0,0xE0,0xE0,0xE0,0x00,0x00,0x00,0x00,0x00,0x00,0xE0,0xE0,0xE0,0xE0,0xE0,0xE0},
    {0xE0,0xE0,0xE0,0xE0,0xE0,0xE0,0xE0,0xE0,0xE0,0xE0,0x00,0x00,0x00,0x00,0xE0,0xE0,0xE0,0xE0,0x00,0x00,0x00,0x00,0x00,0x00,0xE0,0xE0,0xE0,0xE0,0xE0,0xE0},
    {0xE0,0xE0,0x00,0x00,0x00,0x00,0x00,0x00,0xE0,0xE0,0x00,0x00,0x00,0x00,0xE0,0xE0,0xE0,0xE0,0x00,0x00,0x00,0x00,0x00,0x00,0xE0,0xE0,0xE0,0xE0,0xE0,0xE0},
    {0xE0,0xE0,0x00,0x00,0x00,0x00,0x00,0x00,0xA0,0xA0,0x00,0x00,0x00,0x00,0xE0,0xE0,0xE0,0xE0,0x00,0x00,0x00,0x00,0x00,0x00,0xE0,0xE0,0xE0,0xE0,0xE0,0xE0},
    {0xE0,0xE0,0x00,0x00,0xA8,0xA8,0x00,0x00,0xA2,0xA2,0x00,0x00,0x00,0x00,0xE0,0xE0,0xE0,0xE0,0xE0,0xE0,0xE0,0xE0,0xE0,0xE0,0xE0,0xE0,0xE0,0xE0,0xE0,0xE0},
    {0xE0,0xE0,0x00,0x00,0xA8,0xA8,0x00,0x00,0xA2,0xA2,0x00,0x00,0x00,0x00,0xE0,0xE0,0xE0,0xE0,0xE0,0xE0,0xE0,0xE0,0xE0,0xE0,0xE0,0xE0,0xE0,0xE0,0xE0,0xE0},
    {0xE0,0xE0,0xE0,0xE0,0xE0,0xE0,0xE0,0xE0,0xE0,0xE0,0x00,0x00,0x00,0x00,0x00,0x00,0x00,0x00,0x00,0x00,0x00,0x00,0x00,0x00,0x00,0x00,0x00,0x00,0xE0,0xE0},
    {0xE0,0xE0,0x00,0x00,0x00,0x00,0x00,0x00,0x00,0x00,0x00,0x00,0x00,0x00,0x00,0x00,0x00,0x00,0x00,0x00,0x00,0x00,0x00,0x00,0x00,0x00,0x00,0x00,0xE0,0xE0},
    {0xE0,0xE0,0x00,0x00,0x00,0x00,0x00,0x00,0x00,0x00,0x00,0x00,0x00,0x00,0x00,0x00,0x00,0x00,0x00,0x00,0x00,0x00,0x00,0x00,0x00,0x00,0x00,0x00,0xA0,0xA0},
    {0xE0,0xE0,0x00,0x00,0x00,0x00,0x00,0x00,0x00,0x00,0x00,0x00,0x00,0x00,0x00,0x00,0xA8,0xA8,0x00,0x00,0xA8,0xA8,0x00,0x00,0xA8,0xA8,0x00,0x00,0xA2,0xA2},
    {0xE0,0xE0,0x00,0x00,0x00,0x00,0x00,0x00,0x00,0x00,0x00,0x00,0x00,0x00,0x00,0x00,0xA8,0xA8,0x00,0x00,0xA8,0xA8,0x00,0x00,0xA8,0xA8,0x00,0x00,0xA2,0xA2},
    {0xE0,0xE0,0xE0,0xE0,0xE0,0xE0,0xE0,0xE0,0xE0,0xE0,0xA0,0xA0,0xA0,0xA0,0xE0,0xE0,0xE0,0xE0,0xE0,0xE0,0xE0,0xE0,0xE0,0xE0,0xE0,0xE0,0xE0,0xE0,0xA0,0xA0},
  },
  { /* sala 27 (0x27) */
    {0xE0,0xE0,0x00,0x00,0xE0,0xE0,0xE0,0xE0,0xE0,0xE0,0xE0,0xE0,0xE0,0xE0,0xE0,0xE0,0xE0,0xE0,0xE0,0xE0,0xE0,0xE0,0xE0,0xE0,0xE0,0xE0,0xE0,0xE0,0xE0,0xE0},
    {0xE0,0xE0,0x00,0x00,0x00,0x00,0x00,0x00,0x00,0x00,0x00,0x00,0x00,0x00,0x24,0x20,0x24,0x20,0x00,0x00,0x00,0x00,0x00,0x00,0x00,0x00,0x00,0x00,0xA0,0xA0},
    {0xE0,0xE0,0x00,0x00,0x00,0x00,0x00,0x00,0x00,0x00,0x00,0x00,0x00,0x00,0x20,0x20,0x20,0x20,0x00,0x00,0x00,0x00,0x00,0x00,0x00,0x00,0x00,0x00,0xA2,0xA2},
    {0xE0,0xE0,0x00,0x00,0x00,0x00,0x00,0x00,0x00,0x00,0x00,0x00,0x00,0x00,0x00,0x00,0x00,0x00,0x00,0x00,0x00,0x00,0x00,0x00,0x00,0x00,0x00,0x00,0xA2,0xA2},
    {0xE0,0xE0,0xE0,0xE0,0xE0,0xE0,0xE0,0xE0,0xE0,0xE0,0xE0,0xE0,0xE0,0xE0,0xE0,0xE0,0xE0,0xE0,0xE0,0xE0,0xE0,0xE0,0xE0,0xE0,0xE0,0xE0,0xE0,0xE0,0xA0,0xA0},
    {0xE0,0xE0,0x00,0x00,0x00,0x00,0x00,0x00,0x00,0x00,0x00,0x00,0x00,0x00,0x00,0x00,0x00,0x00,0xE0,0xE0,0xE0,0xE0,0xE0,0xE0,0xE0,0xE0,0xE0,0xE0,0xE0,0xE0},
    {0xE0,0xE0,0x00,0x00,0x00,0x00,0x00,0x00,0x00,0x00,0x00,0x00,0x00,0x00,0x00,0x00,0x00,0x00,0x00,0x00,0xE0,0xE0,0xE0,0xE0,0xE0,0xE0,0xE0,0xE0,0xE0,0xE0},
    {0xE0,0xE0,0x00,0x00,0x00,0x00,0xA8,0xA8,0x00,0x00,0x18,0x18,0x00,0x00,0x00,0x00,0x00,0x00,0x00,0x00,0xE0,0xE0,0xE0,0xE0,0xE0,0xE0,0xE0,0xE0,0xE0,0xE0},
    {0xE0,0xE0,0x00,0x00,0x00,0x00,0xA8,0xA8,0x00,0x00,0xA8,0xA8,0x00,0x00,0x00,0x00,0x00,0x00,0x00,0x00,0x00,0x00,0xE0,0xE0,0xE0,0xE0,0xE0,0xE0,0xE0,0xE0},
    {0xE0,0xE0,0x00,0x00,0xA1,0xA1,0xA1,0xA1,0xA1,0xA1,0xA1,0xA1,0xA1,0xA1,0xA1,0xA1,0xA1,0xA1,0x00,0x00,0x00,0x00,0xE0,0xE0,0xE0,0xE0,0xE0,0xE0,0xE0,0xE0},
    {0xE0,0xE0,0x00,0x00,0xE0,0xE0,0xE0,0xE0,0xE0,0xE0,0xE0,0xE0,0xE0,0xE0,0xE0,0xE0,0xE0,0xE0,0x00,0x00,0x00,0x00,0x00,0x00,0xE0,0xE0,0xE0,0xE0,0xE0,0xE0},
    {0xE0,0xE0,0x00,0x00,0x00,0x00,0x24,0x20,0x24,0x20,0x00,0x00,0x00,0x00,0xA0,0xA0,0x00,0x00,0x00,0x00,0x00,0x00,0x00,0x00,0xE0,0xE0,0xE0,0xE0,0xE0,0xE0},
    {0xE0,0xE0,0x00,0x00,0x00,0x00,0x20,0x20,0x20,0x20,0x00,0x00,0x00,0x00,0xA0,0xA0,0x00,0x00,0x00,0x00,0x00,0x00,0x00,0x00,0x00,0x00,0xE0,0xE0,0xE0,0xE0},
    {0xE0,0xE0,0xE0,0xE0,0xE0,0xE0,0xE0,0xE0,0xE0,0xE0,0x00,0x00,0x00,0x00,0xA0,0xA0,0x00,0x00,0x00,0x00,0x00,0x00,0x00,0x00,0x00,0x00,0xE0,0xE0,0xE0,0xE0},
    {0xE0,0xE0,0x00,0x00,0x00,0x00,0x00,0x00,0x24,0x20,0x24,0x20,0x00,0x00,0xA0,0xA0,0x00,0x00,0x00,0x00,0x00,0x00,0x00,0x00,0x00,0x00,0x00,0x00,0xE0,0xE0},
    {0xE0,0xE0,0x00,0x00,0x00,0x00,0x00,0x00,0x20,0x20,0x20,0x20,0x00,0x00,0xA0,0xA0,0x00,0x00,0x00,0x00,0x00,0x00,0x00,0x00,0x00,0x00,0x00,0x00,0xE0,0xE0},
    {0xA0,0xA0,0x00,0x00,0x00,0x00,0xE0,0xE0,0xE0,0xE0,0xE0,0xE0,0x00,0x00,0xA0,0xA0,0x00,0x00,0x00,0x00,0x00,0x00,0x00,0x00,0x00,0x00,0x00,0x00,0xA0,0xA0},
    {0xA2,0xA2,0x00,0x00,0x00,0x00,0x24,0x20,0x24,0x20,0x00,0x00,0x00,0x00,0xA0,0xA0,0x00,0x00,0x00,0x00,0x00,0x00,0xA8,0xA8,0x00,0x00,0x00,0x00,0xA2,0xA2},
    {0xA2,0xA2,0x00,0x00,0x00,0x00,0x20,0x20,0x20,0x20,0x00,0x00,0x00,0x00,0xA0,0xA0,0x00,0x00,0x00,0x00,0x00,0x00,0xA8,0xA8,0x00,0x00,0x00,0x00,0xA2,0xA2},
    {0xA0,0xA0,0xE0,0xE0,0xE0,0xE0,0xE0,0xE0,0xE0,0xE0,0xE0,0xE0,0xE0,0xE0,0xE0,0xE0,0xE0,0xE0,0xE0,0xE0,0xE0,0xE0,0xE0,0xE0,0xE0,0xE0,0xE0,0xE0,0xA0,0xA0},
  },
  { /* sala 28 (0x28) */
    {0xE0,0xE0,0xE0,0xE0,0xE0,0xE0,0xE0,0xE0,0xE0,0xE0,0x00,0x00,0xE0,0xE0,0xE0,0xE0,0xE0,0xE0,0x00,0x00,0xE0,0xE0,0xE0,0xE0,0xE0,0xE0,0xE0,0xE0,0xE0,0xE0},
    {0xA0,0xA0,0x00,0x00,0x00,0x00,0x00,0x00,0x00,0x00,0x00,0x00,0x00,0x00,0x00,0x00,0x00,0x00,0x00,0x00,0x00,0x00,0x00,0x00,0x00,0x00,0x00,0x00,0xE0,0xE0},
    {0xA2,0xA2,0x00,0x00,0x00,0x00,0x00,0x00,0x00,0x00,0x00,0x00,0x00,0x00,0x00,0x00,0x00,0x00,0x00,0x00,0x00,0x00,0x00,0x00,0x00,0x00,0x00,0x00,0xE0,0xE0},
    {0xA2,0xA2,0x00,0x00,0x00,0x00,0x00,0x00,0x00,0x00,0x00,0x00,0x00,0x00,0x00,0x00,0x00,0x00,0x00,0x00,0x00,0x00,0x00,0x00,0x00,0x00,0x00,0x00,0xE0,0xE0},
    {0xA0,0xA0,0xE0,0xE0,0xE0,0xE0,0xE0,0xE0,0xE0,0xE0,0x00,0x00,0xE0,0xE0,0xE0,0xE0,0xE0,0xE0,0x00,0x00,0xE0,0xE0,0xE0,0xE0,0xE0,0xE0,0xE0,0xE0,0xE0,0xE0},
    {0xE0,0xE0,0xE0,0xE0,0xE0,0xE0,0xE0,0xE0,0xE0,0xE0,0x00,0x00,0xE0,0xE0,0xE0,0xE0,0xE0,0xE0,0x00,0x00,0xE0,0xE0,0xE0,0xE0,0xE0,0xE0,0xE0,0xE0,0xE0,0xE0},
    {0xE0,0xE0,0x24,0x20,0xE0,0xE0,0x24,0x20,0xE0,0xE0,0x00,0x00,0xE0,0xE0,0x24,0x20,0xE0,0xE0,0x00,0x00,0xE0,0xE0,0x24,0x20,0xE0,0xE0,0x24,0x20,0xE0,0xE0},
    {0xE0,0xE0,0x20,0x20,0xE0,0xE0,0x20,0x20,0xE0,0xE0,0x00,0x00,0xE0,0xE0,0x20,0x20,0xE0,0xE0,0x00,0x00,0xE0,0xE0,0x20,0x20,0xE0,0xE0,0x20,0x20,0xE0,0xE0},
    {0xE0,0xE0,0x00,0x00,0x00,0x00,0x00,0x00,0xA0,0xA0,0xA0,0xA0,0x00,0x00,0x00,0x00,0x00,0x00,0x00,0x00,0x00,0x00,0x00,0x00,0x00,0x00,0x00,0x00,0xE0,0xE0},
    {0xE0,0xE0,0x00,0x00,0x00,0x00,0x00,0x00,0x00,0x00,0x00,0x00,0x00,0x00,0x00,0x00,0x00,0x00,0xA0,0xA0,0xA0,0xA0,0x00,0x00,0x00,0x00,0x00,0x00,0xE0,0xE0},
    {0xE0,0xE0,0x24,0x20,0xE0,0xE0,0x24,0x20,0xE0,0xE0,0x00,0x00,0xE0,0xE0,0x24,0x20,0xE0,0xE0,0x00,0x00,0xE0,0xE0,0x24,0x20,0xE0,0xE0,0x24,0x20,0xE0,0xE0},
    {0xE0,0xE0,0x20,0x20,0xE0,0xE0,0x20,0x20,0xE0,0xE0,0x00,0x00,0xE0,0xE0,0x20,0x20,0xE0,0xE0,0x00,0x00,0xE0,0xE0,0x20,0x20,0xE0,0xE0,0x20,0x20,0xE0,0xE0},
    {0xE0,0xE0,0xE0,0xE0,0xE0,0xE0,0xE0,0xE0,0xE0,0xE0,0x00,0x00,0xE0,0xE0,0xE0,0xE0,0xE0,0xE0,0x00,0x00,0xE0,0xE0,0xE0,0xE0,0xE0,0xE0,0xE0,0xE0,0xE0,0xE0},
    {0xE0,0xE0,0xE0,0xE0,0xE0,0xE0,0xE0,0xE0,0xE0,0xE0,0x00,0x00,0xE0,0xE0,0xE0,0xE0,0xE0,0xE0,0x00,0x00,0xE0,0xE0,0xE0,0xE0,0xE0,0xE0,0xE0,0xE0,0xE0,0xE0},
    {0xE0,0xE0,0xE0,0xE0,0xE0,0xE0,0xE0,0xE0,0xE0,0xE0,0x00,0x00,0xE0,0xE0,0xE0,0xE0,0xE0,0xE0,0x00,0x00,0xE0,0xE0,0xE0,0xE0,0xE0,0xE0,0xE0,0xE0,0xE0,0xE0},
    {0xE0,0xE0,0xE0,0xE0,0xE0,0xE0,0xE0,0xE0,0xE0,0xE0,0x00,0x00,0xE0,0xE0,0xE0,0xE0,0xE0,0xE0,0x00,0x00,0xE0,0xE0,0xE0,0xE0,0xE0,0xE0,0xE0,0xE0,0xE0,0xE0},
    {0xA0,0xA0,0x00,0x00,0x00,0x00,0x00,0x00,0x00,0x00,0x00,0x00,0x00,0x00,0x00,0x00,0x00,0x00,0x00,0x00,0x00,0x00,0x00,0x00,0x00,0x00,0x00,0x00,0xA0,0xA0},
    {0xA2,0xA2,0x00,0x00,0x00,0x00,0x00,0x00,0x00,0x00,0x00,0x00,0x00,0x00,0x00,0x00,0x00,0x00,0x00,0x00,0x00,0x00,0x00,0x00,0x00,0x00,0x00,0x00,0xA2,0xA2},
    {0xA2,0xA2,0x00,0x00,0x00,0x00,0x00,0x00,0x00,0x00,0x00,0x00,0x00,0x00,0x00,0x00,0x00,0x00,0x00,0x00,0x00,0x00,0x00,0x00,0x00,0x00,0x00,0x00,0xA2,0xA2},
    {0xA0,0xA0,0xE0,0xE0,0xE0,0xE0,0xE0,0xE0,0xE0,0xE0,0xE0,0xE0,0xE0,0xE0,0xE0,0xE0,0xE0,0xE0,0xE0,0xE0,0xE0,0xE0,0xE0,0xE0,0xE0,0xE0,0xE0,0xE0,0xA0,0xA0},
  },
  { /* sala 29 (0x29) */
    {0xE0,0xE0,0xE0,0xE0,0xE0,0xE0,0xE0,0xE0,0xE0,0xE0,0xE0,0xE0,0xE0,0xE0,0x00,0x00,0x00,0x00,0xE0,0xE0,0xE0,0xE0,0xE0,0xE0,0x00,0x00,0x00,0x00,0x00,0x00},
    {0xE0,0xE0,0x24,0x20,0x00,0x00,0x00,0x00,0x00,0x00,0x00,0x00,0x00,0x00,0x00,0x00,0x00,0x00,0x00,0x00,0x00,0x00,0xE0,0xE0,0x00,0x00,0x00,0x00,0x00,0x00},
    {0xE0,0xE0,0x20,0x20,0x00,0x00,0x00,0x00,0x00,0x00,0x00,0x00,0x00,0x00,0x00,0x00,0x00,0x00,0x38,0x38,0x00,0x00,0xE0,0xE0,0x00,0x00,0x00,0x00,0x00,0x00},
    {0xE0,0xE0,0x00,0x00,0x00,0x00,0x00,0x00,0x00,0x00,0x00,0x00,0x00,0x00,0x00,0x00,0x00,0x00,0x38,0x38,0x00,0x00,0xE0,0xE0,0x00,0x00,0x00,0x00,0x00,0x00},
    {0xE0,0xE0,0xE0,0xE0,0xE0,0xE0,0xE0,0xE0,0xE0,0xE0,0xE0,0xE0,0xE0,0xE0,0x00,0x00,0x00,0x00,0xE0,0xE0,0xE0,0xE0,0xE0,0xE0,0x00,0x00,0x00,0x00,0x00,0x00},
    {0xE0,0xE0,0x24,0x20,0x00,0x00,0x00,0x00,0x00,0x00,0x00,0x00,0x00,0x00,0x00,0x00,0x00,0x00,0x00,0x00,0x00,0x00,0xE0,0xE0,0x00,0x00,0x00,0x00,0x00,0x00},
    {0xE0,0xE0,0x20,0x20,0x00,0x00,0x00,0x00,0x00,0x00,0x00,0x00,0x00,0x00,0x00,0x00,0x00,0x00,0x38,0x38,0x00,0x00,0xE0,0xE0,0x00,0x00,0x00,0x00,0x00,0x00},
    {0xE0,0xE0,0x00,0x00,0x00,0x00,0x00,0x00,0x00,0x00,0x00,0x00,0x00,0x00,0x00,0x00,0x00,0x00,0x38,0x38,0x00,0x00,0xE0,0xE0,0x00,0x00,0x00,0x00,0x00,0x00},
    {0xE0,0xE0,0xE0,0xE0,0xE0,0xE0,0xE0,0xE0,0xE0,0xE0,0xE0,0xE0,0xE0,0xE0,0x00,0x00,0x00,0x00,0xE0,0xE0,0xE0,0xE0,0xE0,0xE0,0xE0,0xE0,0xE0,0xE0,0x00,0x00},
    {0xE0,0xE0,0x24,0x20,0x00,0x00,0x00,0x00,0x00,0x00,0x00,0x00,0x00,0x00,0x00,0x00,0x00,0x00,0x00,0x00,0x00,0x00,0xE0,0xE0,0xE0,0xE0,0xE0,0xE0,0x00,0x00},
    {0xE0,0xE0,0x20,0x20,0x00,0x00,0x00,0x00,0x00,0x00,0x00,0x00,0x00,0x00,0x00,0x00,0x00,0x00,0x38,0x38,0x00,0x00,0xE0,0xE0,0xE0,0xE0,0xE0,0xE0,0x00,0x00},
    {0xE0,0xE0,0x00,0x00,0x00,0x00,0x00,0x00,0x00,0x00,0x00,0x00,0x00,0x00,0x00,0x00,0x00,0x00,0x38,0x38,0x00,0x00,0xE0,0xE0,0xE0,0xE0,0xE0,0x00,0x00,0x00},
    {0xE0,0xE0,0xE0,0xE0,0xE0,0xE0,0xE0,0xE0,0xE0,0xE0,0xE0,0xE0,0xE0,0xE0,0x00,0x00,0x00,0x00,0xE0,0xE0,0xE0,0xE0,0xE0,0xE0,0xE0,0xE0,0x00,0x00,0x00,0x00},
    {0xE0,0xE0,0xE0,0xE0,0xE0,0xE0,0xE0,0xE0,0xE0,0xE0,0x00,0x00,0x00,0x00,0x00,0x00,0x00,0x00,0x00,0x00,0x00,0x00,0xE0,0xE0,0xE0,0xE0,0x00,0x00,0x00,0x00},
    {0xE0,0xE0,0x00,0x00,0x00,0x00,0xE0,0xE0,0xE0,0xE0,0x00,0x00,0x38,0x38,0x00,0x00,0x00,0x00,0x38,0x38,0x00,0x00,0xE0,0xE0,0xE0,0xE0,0x00,0x00,0x00,0x00},
    {0xE0,0xE0,0x00,0x00,0x00,0x00,0xE0,0xE0,0xE0,0xE0,0x00,0x00,0x38,0x38,0x00,0x00,0x00,0x00,0x38,0x38,0x00,0x00,0xE0,0xE0,0xE0,0xE0,0x00,0x00,0x00,0x00},
    {0xA0,0xA0,0x00,0x00,0x00,0x00,0xE0,0xE0,0xE0,0xE0,0xE0,0xE0,0xE0,0xE0,0x00,0x00,0x00,0x00,0xE0,0xE0,0xE0,0xE0,0xE0,0xE0,0xE0,0xE0,0x00,0x00,0x00,0x00},
    {0xA2,0xA2,0x00,0x00,0x00,0x00,0x00,0x00,0x00,0x00,0xE0,0xE0,0xE0,0xE0,0x00,0x00,0x00,0x00,0xE0,0xE0,0xE0,0xE0,0xE0,0xE0,0xE0,0xE0,0x00,0x00,0x00,0x00},
    {0xA2,0xA2,0x00,0x00,0x00,0x00,0x00,0x00,0x00,0x00,0xE0,0xE0,0xE0,0xE0,0x00,0x00,0x00,0x00,0xE0,0xE0,0xE0,0xE0,0xE0,0xE0,0xE0,0xE0,0x00,0x00,0x00,0x00},
    {0xA0,0xA0,0xE0,0xE0,0xE0,0xE0,0xE0,0xE0,0x00,0x00,0xE0,0xE0,0xE0,0xE0,0xA0,0xA0,0xA0,0xA0,0xE0,0xE0,0xE0,0xE0,0xE0,0xE0,0xE0,0xE0,0x00,0x00,0x00,0x00},
  },
  { /* sala 30 (0x30) */
    {0x00,0x00,0x00,0x00,0x00,0x00,0xE0,0xE0,0xE0,0xE0,0xE0,0xE0,0xE0,0xE0,0xE0,0xE0,0xE0,0xE0,0xE0,0xE0,0xE0,0xE0,0xE0,0xE0,0xE0,0xE0,0xE0,0xE0,0xE0,0xE0},
    {0x00,0x00,0x00,0x00,0x00,0x00,0xA0,0xA0,0x00,0x00,0x00,0x00,0x00,0x00,0x00,0x00,0x00,0x00,0x00,0x00,0x00,0x00,0x00,0x00,0x00,0x00,0x00,0x00,0xA0,0xA0},
    {0x00,0x00,0x00,0x00,0x00,0x00,0xA0,0xA0,0x00,0x00,0x00,0x00,0x00,0x00,0x00,0x00,0x38,0x38,0x00,0x00,0x00,0x00,0x38,0x38,0x00,0x00,0x00,0x00,0xA2,0xA2},
    {0x00,0x00,0x00,0x00,0x00,0x00,0xA0,0xA0,0x00,0x00,0x00,0x00,0x00,0x00,0x00,0x00,0x38,0x38,0x00,0x00,0x00,0x00,0x38,0x38,0x00,0x00,0x00,0x00,0xA2,0xA2},
    {0xE0,0xE0,0x00,0x00,0x00,0x00,0xA0,0xA0,0x00,0x00,0x00,0x00,0xE0,0xE0,0xE0,0xE0,0xE0,0xE0,0xE0,0xE0,0xE0,0xE0,0xE0,0xE0,0xE0,0xE0,0xE0,0xE0,0xA0,0xA0},
    {0xE0,0xE0,0x00,0x00,0x00,0x00,0xA0,0xA0,0x38,0x38,0x00,0x00,0x00,0x00,0x00,0x00,0xE0,0xE0,0xE0,0xE0,0xE0,0xE0,0xE0,0xE0,0xE0,0xE0,0xE0,0xE0,0xE0,0xE0},
    {0xE0,0xE0,0x00,0x00,0x00,0x00,0xE0,0xE0,0xE0,0xE0,0x00,0x00,0x00,0x00,0x00,0x00,0x00,0x00,0xE0,0xE0,0xE0,0xE0,0xE0,0xE0,0xE0,0xE0,0xE0,0xE0,0xE0,0xE0},
    {0xE0,0xE0,0x00,0x00,0x00,0x00,0xE0,0xE0,0xE0,0xE0,0x00,0x00,0xA8,0xA8,0x00,0x00,0x00,0x00,0x00,0x00,0xE0,0xE0,0xE0,0xE0,0xE0,0xE0,0xE0,0xE0,0xE0,0xE0},
    {0xE0,0xE0,0x00,0x00,0x00,0x00,0xE0,0xE0,0xE0,0xE0,0x00,0x00,0xA8,0xA8,0x00,0x00,0x00,0x00,0x00,0x00,0x00,0x00,0xE0,0xE0,0xE0,0xE0,0xE0,0xE0,0xE0,0xE0},
    {0xE0,0xE0,0x00,0x00,0x00,0x00,0xE0,0xE0,0xE0,0xE0,0xE0,0xE0,0xE0,0xE0,0xE0,0xE0,0x00,0x00,0x00,0x00,0x00,0x00,0x00,0x00,0xE0,0xE0,0xE0,0xE0,0xE0,0xE0},
    {0xE0,0xE0,0x00,0x00,0x00,0x00,0xE0,0xE0,0xE0,0xE0,0xE0,0xE0,0xE0,0xE0,0xE0,0xE0,0xE0,0xE0,0x00,0x00,0x00,0x00,0x00,0x00,0x00,0x00,0xE0,0xE0,0xE0,0xE0},
    {0xE0,0xE0,0x00,0x00,0x00,0x00,0xE0,0xE0,0xE0,0xE0,0x00,0x00,0xE0,0xE0,0xE0,0xE0,0xE0,0xE0,0xE0,0xE0,0x00,0x00,0x00,0x00,0x00,0x00,0x00,0x00,0xE0,0xE0},
    {0xE0,0xE0,0x00,0x00,0x00,0x00,0xE0,0xE0,0xE0,0xE0,0x00,0x00,0x00,0x00,0xE0,0xE0,0xE0,0xE0,0xE0,0xE0,0xE0,0xE0,0x00,0x00,0x00,0x00,0x00,0x00,0xE0,0xE0},
    {0xE0,0xE0,0x00,0x00,0x00,0x00,0x00,0x00,0x00,0x00,0x00,0x00,0x00,0x00,0x00,0x00,0x00,0x00,0x00,0x00,0x00,0x00,0x00,0x00,0x00,0x00,0x00,0x00,0xE0,0xE0},
    {0xE0,0xE0,0x00,0x00,0x00,0x00,0x00,0x00,0x00,0x00,0x00,0x00,0x00,0x00,0x00,0x00,0x00,0x00,0x00,0x00,0x00,0x00,0x00,0x00,0x00,0x00,0x00,0x00,0xE0,0xE0},
    {0xE0,0xE0,0xE0,0xE0,0xE0,0xE0,0xE0,0xE0,0xE0,0xE0,0xE0,0xE0,0xE0,0xE0,0xE0,0xE0,0xE0,0xE0,0xE0,0xE0,0xE0,0xE0,0xE0,0xE0,0x00,0x00,0x00,0x00,0xE0,0xE0},
    {0xE0,0xE0,0x00,0x00,0x00,0x00,0x00,0x00,0x00,0x00,0x00,0x00,0x00,0x00,0x00,0x00,0x00,0x00,0x00,0x00,0x00,0x00,0x00,0x00,0x00,0x00,0x00,0x00,0xE0,0xE0},
    {0xE0,0xE0,0x00,0x00,0x00,0x00,0x00,0x00,0x00,0x00,0x00,0x00,0x00,0x00,0x38,0x38,0x00,0x00,0x00,0x00,0x00,0x00,0x00,0x00,0x00,0x00,0x00,0x00,0xE0,0xE0},
    {0xE0,0xE0,0x00,0x00,0x00,0x00,0x00,0x00,0x00,0x00,0x00,0x00,0x00,0x00,0xE0,0xE0,0x00,0x00,0x00,0x00,0x00,0x00,0x00,0x00,0x00,0x00,0x00,0x00,0xE0,0xE0},
    {0xE0,0xE0,0xE0,0xE0,0xE0,0xE0,0xE0,0xE0,0xA1,0xA1,0xA1,0xA1,0xA1,0xA1,0xA1,0xA1,0xA1,0xA1,0xA1,0xA1,0xA1,0xA1,0xE0,0xE0,0xE0,0xE0,0xE0,0xE0,0xE0,0xE0},
  },
  { /* sala 31 (0x31) */
    {0xE0,0xE0,0xE0,0xE0,0xE0,0xE0,0xE0,0xE0,0xE0,0xE0,0xE0,0xE0,0xE0,0xE0,0xE0,0xE0,0xE0,0xE0,0xE0,0xE0,0xE0,0xE0,0xE0,0xE0,0xE0,0xE0,0xE0,0xE0,0xE0,0xE0},
    {0xA0,0xA0,0x00,0x00,0x00,0x00,0x00,0x00,0x00,0x00,0xA8,0xA8,0x00,0x00,0x00,0x00,0xA8,0xA8,0x00,0x00,0x00,0x00,0xA0,0xA0,0x00,0x00,0x00,0x00,0xE0,0xE0},
    {0xA2,0xA2,0x00,0x00,0x00,0x00,0x00,0x00,0x00,0x00,0xA8,0xA8,0x00,0x00,0x00,0x00,0xA8,0xA8,0x00,0x00,0x00,0x00,0xA0,0xA0,0x00,0x00,0x00,0x00,0xE0,0xE0},
    {0xA2,0xA2,0x00,0x00,0x00,0x00,0x00,0x00,0xE0,0xE0,0xE0,0xE0,0xE0,0xE0,0x00,0x00,0xE0,0xE0,0xE0,0xE0,0x00,0x00,0xA0,0xA0,0x00,0x00,0x00,0x00,0xE0,0xE0},
    {0xA0,0xA0,0xE0,0xE0,0x00,0x00,0x00,0x00,0x00,0x00,0x00,0x00,0x00,0x00,0x00,0x00,0x00,0x00,0x00,0x00,0x00,0x00,0xA0,0xA0,0x00,0x00,0x00,0x00,0xE0,0xE0},
    {0xE0,0xE0,0x00,0x00,0x00,0x00,0x00,0x00,0x00,0x00,0x00,0x00,0x00,0x00,0x00,0x00,0x00,0x00,0x00,0x00,0x00,0x00,0xA0,0xA0,0x00,0x00,0x00,0x00,0xE0,0xE0},
    {0xE0,0xE0,0x00,0x00,0x00,0x00,0x00,0x00,0xE0,0xE0,0xE0,0xE0,0xE0,0xE0,0xE0,0xE0,0xE0,0xE0,0xE0,0xE0,0xE0,0xE0,0xE0,0xE0,0x24,0x20,0x24,0x20,0xE0,0xE0},
    {0xE0,0xE0,0x00,0x00,0x00,0x00,0x00,0x00,0x00,0x00,0xA8,0xA8,0x00,0x00,0x00,0x00,0xA8,0xA8,0x00,0x00,0x00,0x00,0xE0,0xE0,0x20,0x20,0x20,0x20,0xE0,0xE0},
    {0xE0,0xE0,0x00,0x00,0x00,0x00,0x00,0x00,0x00,0x00,0xA8,0xA8,0x00,0x00,0x00,0x00,0xA8,0xA8,0x00,0x00,0x00,0x00,0xE0,0xE0,0x00,0x00,0x00,0x00,0xE0,0xE0},
    {0xE0,0xE0,0x00,0x00,0x00,0x00,0x00,0x00,0xE0,0xE0,0xE0,0xE0,0x00,0x00,0x00,0x00,0xE0,0xE0,0xE0,0xE0,0x00,0x00,0xA8,0xA8,0x00,0x00,0x00,0x00,0xE0,0xE0},
    {0xE0,0xE0,0x00,0x00,0x00,0x00,0x00,0x00,0x00,0x00,0x00,0x00,0x00,0x00,0x00,0x00,0x00,0x00,0x00,0x00,0x00,0x00,0xA8,0xA8,0x00,0x00,0x00,0x00,0xE0,0xE0},
    {0xE0,0xE0,0x00,0x00,0x00,0x00,0x00,0x00,0x00,0x00,0x00,0x00,0x00,0x00,0x00,0x00,0x00,0x00,0x00,0x00,0x00,0x00,0xA8,0xA8,0x00,0x00,0x00,0x00,0xE0,0xE0},
    {0xE0,0xE0,0x00,0x00,0xE0,0xE0,0xE0,0xE0,0xE0,0xE0,0xE0,0xE0,0x00,0x00,0xE0,0xE0,0xE0,0xE0,0xE0,0xE0,0x00,0x00,0xA8,0xA8,0x00,0x00,0x00,0x00,0xA0,0xA0},
    {0xE0,0xE0,0x00,0x00,0x00,0x00,0x00,0x00,0x00,0x00,0x00,0x00,0x00,0x00,0x00,0x00,0x00,0x00,0x00,0x00,0x00,0x00,0xA8,0xA8,0x00,0x00,0x00,0x00,0xA2,0xA2},
    {0xE0,0xE0,0x00,0x00,0x00,0x00,0x00,0x00,0x00,0x00,0xA8,0xA8,0x00,0x00,0x00,0x00,0x00,0x00,0x00,0x00,0x00,0x00,0xA8,0xA8,0x00,0x00,0x00,0x00,0xA2,0xA2},
    {0xE0,0xE0,0x00,0x00,0x00,0x00,0x00,0x00,0x00,0x00,0xA8,0xA8,0x00,0x00,0x00,0x00,0x00,0x00,0x00,0x00,0x00,0x00,0xA8,0xA8,0x00,0x00,0x00,0x00,0xA0,0xA0},
    {0xE0,0xE0,0xE0,0xE0,0xE0,0xE0,0xE0,0xE0,0xE0,0xE0,0xE0,0xE0,0x00,0x00,0xE0,0xE0,0x00,0x00,0x00,0x00,0x00,0x00,0xA8,0xA8,0x00,0x00,0x00,0x00,0xE0,0xE0},
    {0xE0,0xE0,0xE0,0xE0,0xE0,0xE0,0xE0,0xE0,0xE0,0xE0,0xE0,0xE0,0x00,0x00,0xE0,0xE0,0x00,0x00,0xA8,0xA8,0x00,0x00,0xA8,0xA8,0x10,0x10,0x10,0x10,0xE0,0xE0},
    {0xE0,0xE0,0xE0,0xE0,0xE0,0xE0,0xE0,0xE0,0xE0,0xE0,0xE0,0xE0,0xE0,0xE0,0xE0,0xE0,0x00,0x00,0xA8,0xA8,0x00,0x00,0xA8,0xA8,0x10,0x10,0x10,0x10,0xE0,0xE0},
    {0xE0,0xE0,0xE0,0xE0,0xE0,0xE0,0xE0,0xE0,0xE0,0xE0,0xE0,0xE0,0xE0,0xE0,0xE0,0xE0,0xE0,0xE0,0xE0,0xE0,0xE0,0xE0,0xE0,0xE0,0xE0,0xE0,0xE0,0xE0,0xE0,0xE0},
  },
  { /* sala 32 (0x32) */
    {0xE0,0xE0,0xE0,0xE0,0xE0,0xE0,0xE0,0xE0,0x00,0x00,0x00,0x00,0x00,0x00,0x00,0x00,0x00,0x00,0x00,0x00,0x00,0x00,0xE0,0xE0,0xE0,0xE0,0xE0,0xE0,0xE0,0xE0},
    {0xE0,0xE0,0xE0,0xE0,0xE0,0xE0,0xE0,0xE0,0x00,0x00,0x00,0x00,0x00,0x00,0x00,0x00,0x00,0x00,0x00,0x00,0x00,0x00,0xE0,0xE0,0xE0,0xE0,0xE0,0xE0,0xE0,0xE0},
    {0xE0,0xE0,0xE0,0xE0,0xE0,0xE0,0xE0,0xE0,0x00,0x00,0x38,0x38,0x00,0x00,0x00,0x00,0x00,0x00,0x38,0x38,0x00,0x00,0xE0,0xE0,0xE0,0xE0,0xE0,0xE0,0xE0,0xE0},
    {0xE0,0xE0,0xE0,0xE0,0xE0,0xE0,0xE0,0xE0,0x00,0x00,0xE0,0xE0,0x00,0x00,0x00,0x00,0x00,0x00,0xE0,0xE0,0x00,0x00,0xE0,0xE0,0xE0,0xE0,0xE0,0xE0,0xE0,0xE0},
    {0xE0,0xE0,0x24,0x20,0x24,0x20,0x24,0x20,0x00,0x00,0xA0,0xA0,0x00,0x00,0x00,0x00,0x00,0x00,0xA0,0xA0,0x00,0x00,0x24,0x20,0x24,0x20,0x24,0x20,0xE0,0xE0},
    {0xE0,0xE0,0x20,0x20,0x20,0x20,0x20,0x20,0x00,0x00,0xA0,0xA0,0x00,0x00,0x00,0x00,0x00,0x00,0xA0,0xA0,0x00,0x00,0x20,0x20,0x20,0x20,0x20,0x20,0xE0,0xE0},
    {0xE0,0xE0,0x00,0x00,0x00,0x00,0x00,0x00,0x00,0x00,0xA0,0xA0,0x00,0x00,0x00,0x00,0x00,0x00,0xA0,0xA0,0x00,0x00,0x00,0x00,0x00,0x00,0x00,0x00,0xE0,0xE0},
    {0xE0,0xE0,0x00,0x00,0x00,0x00,0x00,0x00,0x00,0x00,0xA0,0xA0,0x00,0x00,0x00,0x00,0x00,0x00,0xA0,0xA0,0x00,0x00,0x00,0x00,0x00,0x00,0x00,0x00,0xE0,0xE0},
    {0xE0,0xE0,0xE0,0xE0,0xE0,0xE0,0xE0,0xE0,0x00,0x00,0xE0,0xE0,0x00,0x00,0x00,0x00,0x00,0x00,0xE0,0xE0,0x00,0x00,0xE0,0xE0,0xE0,0xE0,0xE0,0xE0,0xE0,0xE0},
    {0xE0,0xE0,0x00,0x00,0x00,0x00,0x00,0x00,0x00,0x00,0x00,0x00,0x00,0x00,0x38,0x38,0x00,0x00,0x00,0x00,0x00,0x00,0x00,0x00,0x00,0x00,0x00,0x00,0xE0,0xE0},
    {0xE0,0xE0,0x00,0x00,0x00,0x00,0x00,0x00,0x00,0x00,0x00,0x00,0x00,0x00,0xE0,0xE0,0x00,0x00,0x00,0x00,0x00,0x00,0x00,0x00,0x00,0x00,0x00,0x00,0xE0,0xE0},
    {0xE0,0xE0,0x00,0x00,0x00,0x00,0x38,0x38,0x00,0x00,0x00,0x00,0x00,0x00,0x00,0x00,0x00,0x00,0x00,0x00,0x00,0x00,0x38,0x38,0x00,0x00,0x00,0x00,0xE0,0xE0},
    {0xA0,0xA0,0x00,0x00,0x00,0x00,0xE0,0xE0,0x00,0x00,0x00,0x00,0x00,0x00,0xA0,0xA0,0x00,0x00,0x00,0x00,0x00,0x00,0xE0,0xE0,0x00,0x00,0x00,0x00,0xE0,0xE0},
    {0xA2,0xA2,0x00,0x00,0x00,0x00,0xA0,0xA0,0x00,0x00,0x00,0x00,0x00,0x00,0x00,0x00,0x00,0x00,0x00,0x00,0x00,0x00,0xA0,0xA0,0x00,0x00,0x00,0x00,0xE0,0xE0},
    {0xA2,0xA2,0x00,0x00,0x00,0x00,0xA0,0xA0,0x00,0x00,0x00,0x00,0x00,0x00,0x00,0x00,0x00,0x00,0x00,0x00,0x00,0x00,0xA0,0xA0,0x00,0x00,0x00,0x00,0xE0,0xE0},
    {0xA0,0xA0,0x00,0x00,0x00,0x00,0xA0,0xA0,0x00,0x00,0x38,0x38,0x00,0x00,0x00,0x00,0x00,0x00,0x38,0x38,0x00,0x00,0xA0,0xA0,0x00,0x00,0x00,0x00,0xE0,0xE0},
    {0xE0,0xE0,0x00,0x00,0x00,0x00,0xA0,0xA0,0x00,0x00,0xE0,0xE0,0x00,0x00,0xA0,0xA0,0x00,0x00,0xE0,0xE0,0x00,0x00,0xA0,0xA0,0x00,0x00,0x00,0x00,0xA0,0xA0},
    {0xE0,0xE0,0x00,0x00,0x00,0x00,0xA0,0xA0,0x00,0x00,0x00,0x00,0x00,0x00,0x00,0x00,0x00,0x00,0x00,0x00,0x00,0x00,0xA0,0xA0,0x00,0x00,0x00,0x00,0xA2,0xA2},
    {0xE0,0xE0,0x00,0x00,0x00,0x00,0xA0,0xA0,0x00,0x00,0x00,0x00,0x00,0x00,0x00,0x00,0x00,0x00,0x00,0x00,0x00,0x00,0xA0,0xA0,0x00,0x00,0x00,0x00,0xA2,0xA2},
    {0xE0,0xE0,0xE0,0xE0,0xE0,0xE0,0xE0,0xE0,0x00,0x00,0x00,0x00,0x00,0x00,0xE0,0xE0,0x00,0x00,0x00,0x00,0x00,0x00,0xE0,0xE0,0xE0,0xE0,0xE0,0xE0,0xA0,0xA0},
  },
  { /* sala 33 (0x33) */
    {0xE0,0xE0,0xE0,0xE0,0xE0,0xE0,0xE0,0xE0,0xE0,0xE0,0xE0,0xE0,0xE0,0xE0,0xE0,0xE0,0xE0,0xE0,0xE0,0xE0,0xE0,0xE0,0xE0,0xE0,0xE0,0xE0,0xE0,0xE0,0xE0,0xE0},
    {0xE0,0xE0,0x00,0x00,0x00,0x00,0x00,0x00,0xA8,0xA8,0x00,0x00,0x00,0x00,0x00,0x00,0x00,0x00,0x00,0x00,0x00,0x00,0xA8,0xA8,0xA8,0xA8,0x00,0x00,0xA0,0xA0},
    {0xE0,0xE0,0x00,0x00,0x00,0x00,0x00,0x00,0xA8,0xA8,0x00,0x00,0x00,0x00,0x00,0x00,0x00,0x00,0x00,0x00,0x00,0x00,0xA8,0xA8,0xA8,0xA8,0x00,0x00,0xA2,0xA2},
    {0xE0,0xE0,0xA1,0xA1,0xA1,0xA1,0xA1,0xA1,0xA1,0xA1,0xA1,0xA1,0x00,0x00,0x00,0x00,0xA1,0xA1,0xA1,0xA1,0xA1,0xA1,0xA1,0xA1,0xA1,0xA1,0x00,0x00,0xA2,0xA2},
    {0xE0,0xE0,0x00,0x00,0x00,0x00,0xA8,0xA8,0x00,0x00,0x00,0x00,0x00,0x00,0xA8,0xA8,0x00,0x00,0x00,0x00,0x00,0x00,0x00,0x00,0x00,0x00,0xE0,0xE0,0xA0,0xA0},
    {0xE0,0xE0,0x00,0x00,0x00,0x00,0xA8,0xA8,0x00,0x00,0x00,0x00,0x00,0x00,0xA8,0xA8,0x00,0x00,0x00,0x00,0x00,0x00,0x00,0x00,0x00,0x00,0x00,0x00,0xE0,0xE0},
    {0xE0,0xE0,0x00,0x00,0xA1,0xA1,0xA1,0xA1,0xA1,0xA1,0xA1,0xA1,0xA1,0xA1,0xA1,0xA1,0xA1,0xA1,0xA1,0xA1,0xA1,0xA1,0xA1,0xA1,0x00,0x00,0x00,0x00,0xE0,0xE0},
    {0xE0,0xE0,0x00,0x00,0x00,0x00,0xA8,0xA8,0x00,0x00,0x00,0x00,0x00,0x00,0x00,0x00,0x00,0x00,0x00,0x00,0x00,0x00,0x00,0x00,0xA8,0xA8,0x00,0x00,0xE0,0xE0},
    {0xE0,0xE0,0x00,0x00,0x00,0x00,0xA8,0xA8,0x00,0x00,0x00,0x00,0x00,0x00,0x00,0x00,0x00,0x00,0x00,0x00,0x00,0x00,0x00,0x00,0xA8,0xA8,0x00,0x00,0xE0,0xE0},
    {0xE0,0xE0,0xA1,0xA1,0xA1,0xA1,0xA1,0xA1,0xA1,0xA1,0xA1,0xA1,0x00,0x00,0x00,0x00,0xA1,0xA1,0xA1,0xA1,0xA1,0xA1,0xA1,0xA1,0xA1,0xA1,0x00,0x00,0xE0,0xE0},
    {0xE0,0xE0,0xE0,0xE0,0xE0,0xE0,0xE0,0xE0,0xE0,0xE0,0xE0,0xE0,0x00,0x00,0x00,0x00,0xE0,0xE0,0xE0,0xE0,0xE0,0xE0,0xE0,0xE0,0xE0,0xE0,0xE0,0xE0,0xE0,0xE0},
    {0xE0,0xE0,0xE0,0xE0,0xE0,0xE0,0xE0,0xE0,0xE0,0xE0,0xE0,0xE0,0x00,0x00,0x00,0x00,0xE0,0xE0,0xE0,0xE0,0xE0,0xE0,0xE0,0xE0,0xE0,0xE0,0xE0,0xE0,0xE0,0xE0},
    {0xE0,0xE0,0xE0,0xE0,0xE0,0xE0,0xE0,0xE0,0xE0,0xE0,0xE0,0xE0,0x00,0x00,0x00,0x00,0xE0,0xE0,0xE0,0xE0,0xE0,0xE0,0xE0,0xE0,0xE0,0xE0,0xE0,0xE0,0xE0,0xE0},
    {0xE0,0xE0,0xE0,0xE0,0xE0,0xE0,0xE0,0xE0,0xE0,0xE0,0xE0,0xE0,0x00,0x00,0x00,0x00,0x00,0x00,0x00,0x00,0xE0,0xE0,0xE0,0xE0,0xE0,0xE0,0xE0,0xE0,0xE0,0xE0},
    {0xE0,0xE0,0x00,0x00,0x24,0x20,0x24,0x20,0x00,0x00,0xE0,0xE0,0x00,0x00,0x00,0x00,0x00,0x00,0x00,0x00,0xE0,0xE0,0xE0,0xE0,0xE0,0xE0,0xE0,0xE0,0xE0,0xE0},
    {0xE0,0xE0,0x00,0x00,0x20,0x20,0x20,0x20,0x00,0x00,0xE0,0xE0,0x00,0x00,0x00,0x00,0x00,0x00,0x00,0x00,0x24,0x20,0x24,0x20,0x24,0x20,0x24,0x20,0xE0,0xE0},
    {0xA0,0xA0,0x00,0x00,0xE0,0xE0,0xE0,0xE0,0x00,0x00,0xE0,0xE0,0x00,0x00,0x00,0x00,0x00,0x00,0x00,0x00,0x20,0x20,0x20,0x20,0x20,0x20,0x20,0x20,0xE0,0xE0},
    {0xA2,0xA2,0x00,0x00,0x00,0x00,0x00,0x00,0x00,0x00,0x00,0x00,0x00,0x00,0x00,0x00,0xE0,0xE0,0xE0,0xE0,0x24,0x20,0x24,0x20,0x24,0x20,0x24,0x20,0xE0,0xE0},
    {0xA2,0xA2,0x00,0x00,0x00,0x00,0x00,0x00,0x00,0x00,0x00,0x00,0x00,0x00,0x00,0x00,0xE0,0xE0,0xE0,0xE0,0x20,0x20,0x20,0x20,0x20,0x20,0x20,0x20,0xE0,0xE0},
    {0xA0,0xA0,0xE0,0xE0,0xE0,0xE0,0xE0,0xE0,0xE0,0xE0,0xE0,0xE0,0xE0,0xE0,0xE0,0xE0,0xE0,0xE0,0xE0,0xE0,0xE0,0xE0,0xE0,0xE0,0xE0,0xE0,0xE0,0xE0,0xE0,0xE0},
  },
  { /* sala 34 (0x34) */
    {0xE0,0xE0,0xE0,0xE0,0xE0,0xE0,0xE0,0xE0,0xE0,0xE0,0xE0,0xE0,0xE0,0xE0,0xE0,0xE0,0xE0,0xE0,0xE0,0xE0,0xE0,0xE0,0xE0,0xE0,0xE0,0xE0,0xE0,0xE0,0xE0,0xE0},
    {0xA0,0xA0,0x00,0x00,0x00,0x00,0x00,0x00,0x00,0x00,0x00,0x00,0x00,0x00,0x00,0x00,0x00,0x00,0x00,0x00,0x00,0x00,0x00,0x00,0x00,0x00,0x00,0x00,0xA0,0xA0},
    {0xA2,0xA2,0x00,0x00,0x00,0x00,0x00,0x00,0x00,0x00,0x00,0x00,0x38,0x38,0x00,0x00,0x00,0x00,0x00,0x00,0x00,0x00,0x00,0x00,0x00,0x00,0x00,0x00,0xA2,0xA2},
    {0xA2,0xA2,0x00,0x00,0x00,0x00,0x00,0x00,0x00,0x00,0x00,0x00,0x38,0x38,0x00,0x00,0x00,0x00,0x00,0x00,0x00,0x00,0x00,0x00,0x00,0x00,0x00,0x00,0xA2,0xA2},
    {0xA0,0xA0,0xE0,0xE0,0x00,0x00,0xE0,0xE0,0xE0,0xE0,0xE0,0xE0,0xE0,0xE0,0xE0,0xE0,0xE0,0xE0,0xE0,0xE0,0xE0,0xE0,0xE0,0xE0,0xE0,0xE0,0xE0,0xE0,0xA0,0xA0},
    {0xE0,0xE0,0xE0,0xE0,0x00,0x00,0x00,0x00,0xE0,0xE0,0xE0,0xE0,0xE0,0xE0,0xE0,0xE0,0xE0,0xE0,0xE0,0xE0,0xE0,0xE0,0xE0,0xE0,0xE0,0xE0,0xE0,0xE0,0xE0,0xE0},
    {0xE0,0xE0,0x00,0x00,0x00,0x00,0x00,0x00,0x00,0x00,0xE0,0xE0,0xE0,0xE0,0xE0,0xE0,0xE0,0xE0,0xE0,0xE0,0xE0,0xE0,0xE0,0xE0,0xE0,0xE0,0xE0,0xE0,0xE0,0xE0},
    {0xE0,0xE0,0x00,0x00,0x00,0x00,0x00,0x00,0x00,0x00,0x00,0x00,0xE0,0xE0,0xE0,0xE0,0xE0,0xE0,0xE0,0xE0,0xE0,0xE0,0xE0,0xE0,0xE0,0xE0,0xE0,0xE0,0xE0,0xE0},
    {0xE0,0xE0,0xE0,0xE0,0x00,0x00,0x00,0x00,0x00,0x00,0x00,0x00,0xE0,0xE0,0xE0,0xE0,0xE0,0xE0,0xE0,0xE0,0xE0,0xE0,0xE0,0xE0,0xE0,0xE0,0xE0,0xE0,0xE0,0xE0},
    {0xE0,0xE0,0xE0,0xE0,0xE0,0xE0,0x00,0x00,0x00,0x00,0x00,0x00,0x00,0x00,0xE0,0xE0,0xE0,0xE0,0xE0,0xE0,0xE0,0xE0,0xE0,0xE0,0xE0,0xE0,0xE0,0xE0,0xE0,0xE0},
    {0xE0,0xE0,0xE0,0xE0,0xE0,0xE0,0xE0,0xE0,0x00,0x00,0x00,0x00,0x00,0x00,0x00,0x00,0x00,0x00,0xE0,0xE0,0xE0,0xE0,0xE0,0xE0,0xE0,0xE0,0xE0,0xE0,0xE0,0xE0},
    {0xE0,0xE0,0xE0,0xE0,0xE0,0xE0,0xE0,0xE0,0xE0,0xE0,0x00,0x00,0xA8,0xA8,0x00,0x00,0x00,0x00,0x00,0x00,0xE0,0xE0,0xE0,0xE0,0xE0,0xE0,0xE0,0xE0,0xE0,0xE0},
    {0xE0,0xE0,0xE0,0xE0,0xE0,0xE0,0xE0,0xE0,0xE0,0xE0,0xE0,0xE0,0xA8,0xA8,0x00,0x00,0x00,0x00,0x00,0x00,0x00,0x00,0xE0,0xE0,0xE0,0xE0,0xE0,0xE0,0xE0,0xE0},
    {0xE0,0xE0,0x24,0x20,0x24,0x20,0xE0,0xE0,0xE0,0xE0,0xE0,0xE0,0xE0,0xE0,0x00,0x00,0x00,0x00,0x00,0x00,0x00,0x00,0x00,0x00,0xE0,0xE0,0xE0,0xE0,0xE0,0xE0},
    {0xE0,0xE0,0x20,0x20,0x20,0x20,0x24,0x20,0x24,0x20,0xE0,0xE0,0xE0,0xE0,0xE0,0xE0,0x00,0x00,0x00,0x00,0x00,0x00,0x00,0x00,0x00,0x00,0xE0,0xE0,0xE0,0xE0},
    {0xE0,0xE0,0x24,0x20,0x24,0x20,0x20,0x20,0x20,0x20,0xE0,0xE0,0xE0,0xE0,0xE0,0xE0,0xE0,0xE0,0x00,0x00,0x00,0x00,0x00,0x00,0x00,0x00,0x00,0x00,0xE0,0xE0},
    {0xE0,0xE0,0x20,0x20,0x20,0x20,0x00,0x00,0x00,0x00,0x00,0x00,0xE0,0xE0,0xE0,0xE0,0xE0,0xE0,0xE0,0xE0,0x00,0x00,0x00,0x00,0x00,0x00,0x00,0x00,0xA0,0xA0},
    {0xE0,0xE0,0x00,0x00,0x00,0x00,0x00,0x00,0x00,0x00,0x00,0x00,0x00,0x00,0x00,0x00,0x00,0x00,0x00,0x00,0x00,0x00,0x00,0x00,0x00,0x00,0x00,0x00,0xA2,0xA2},
    {0xE0,0xE0,0x00,0x00,0x00,0x00,0x00,0x00,0x00,0x00,0x00,0x00,0x00,0x00,0x00,0x00,0x00,0x00,0x00,0x00,0x00,0x00,0x00,0x00,0x00,0x00,0x00,0x00,0xA2,0xA2},
    {0xE0,0xE0,0xE0,0xE0,0xE0,0xE0,0xE0,0xE0,0xE0,0xE0,0xE0,0xE0,0xE0,0xE0,0xE0,0xE0,0xE0,0xE0,0xE0,0xE0,0xE0,0xE0,0xE0,0xE0,0xE0,0xE0,0xE0,0xE0,0xA0,0xA0},
  },
  { /* sala 35 (0x35) */
    {0xE0,0xE0,0xE0,0xE0,0xE0,0xE0,0xE0,0xE0,0xE0,0xE0,0xE0,0xE0,0xE0,0xE0,0xE0,0xE0,0xE0,0xE0,0xE0,0xE0,0xE0,0xE0,0xE0,0xE0,0xE0,0xE0,0xE0,0xE0,0xE0,0xE0},
    {0xA0,0xA0,0x00,0x00,0x00,0x00,0x00,0x00,0x00,0x00,0x00,0x00,0x00,0x00,0x00,0x00,0x00,0x00,0x00,0x00,0x00,0x00,0x00,0x00,0x00,0x00,0x00,0x00,0xA0,0xA0},
    {0xA2,0xA2,0x00,0x00,0xA8,0xA8,0x00,0x00,0x00,0x00,0x00,0x00,0x00,0x00,0x00,0x00,0x00,0x00,0x00,0x00,0x00,0x00,0x00,0x00,0x00,0x00,0x00,0x00,0xA2,0xA2},
    {0xA2,0xA2,0x00,0x00,0xA8,0xA8,0x00,0x00,0x00,0x00,0x00,0x00,0x00,0x00,0x00,0x00,0x00,0x00,0x00,0x00,0x00,0x00,0x00,0x00,0x00,0x00,0x00,0x00,0xA2,0xA2},
    {0xA0,0xA0,0xE0,0xE0,0xE0,0xE0,0xE0,0xE0,0x00,0x00,0x00,0x00,0x00,0x00,0x00,0x00,0x00,0x00,0x00,0x00,0x00,0x00,0xE0,0xE0,0xE0,0xE0,0xE0,0xE0,0xA0,0xA0},
    {0xE0,0xE0,0x24,0x20,0x00,0x00,0x00,0x00,0x00,0x00,0x00,0x00,0x00,0x00,0x00,0x00,0x00,0x00,0x00,0x00,0x00,0x00,0x00,0x00,0x00,0x00,0x24,0x20,0xE0,0xE0},
    {0xE0,0xE0,0x20,0x20,0x00,0x00,0x00,0x00,0x00,0x00,0x00,0x00,0x00,0x00,0x00,0x00,0x00,0x00,0x00,0x00,0x00,0x00,0x00,0x00,0x00,0x00,0x20,0x20,0xE0,0xE0},
    {0xE0,0xE0,0xE0,0xE0,0xE0,0xE0,0x00,0x00,0x00,0x00,0x00,0x00,0x00,0x00,0x00,0x00,0x00,0x00,0x00,0x00,0x00,0x00,0x00,0x00,0xE0,0xE0,0xE0,0xE0,0xE0,0xE0},
    {0xE0,0xE0,0x00,0x00,0x00,0x00,0x00,0x00,0x00,0x00,0x00,0x00,0x00,0x00,0x00,0x00,0x00,0x00,0x00,0x00,0x00,0x00,0x00,0x00,0x00,0x00,0x00,0x00,0xE0,0xE0},
    {0xE0,0xE0,0x00,0x00,0x00,0x00,0x00,0x00,0x00,0x00,0x00,0x00,0x00,0x00,0x00,0x00,0x00,0x00,0x00,0x00,0x00,0x00,0x00,0x00,0x00,0x00,0x00,0x00,0xE0,0xE0},
    {0xE0,0xE0,0x00,0x00,0x00,0x00,0x00,0x00,0xA1,0xA1,0xA1,0xA1,0xA1,0xA1,0xA1,0xA1,0xA1,0xA1,0xA1,0xA1,0xA1,0xA1,0x00,0x00,0x00,0x00,0x00,0x00,0xE0,0xE0},
    {0xE0,0xE0,0x00,0x00,0x00,0x00,0x00,0x00,0x00,0x00,0x00,0x00,0x00,0x00,0x00,0x00,0x00,0x00,0x00,0x00,0x00,0x00,0x00,0x00,0x00,0x00,0x00,0x00,0xE0,0xE0},
    {0xE0,0xE0,0x00,0x00,0x38,0x38,0x00,0x00,0x00,0x00,0x00,0x00,0x00,0x00,0x00,0x00,0x00,0x00,0x00,0x00,0x00,0x00,0x00,0x00,0x38,0x38,0x00,0x00,0xE0,0xE0},
    {0xE0,0xE0,0x00,0x00,0x38,0x38,0x00,0x00,0x00,0x00,0x00,0x00,0x00,0x00,0x00,0x00,0x00,0x00,0x00,0x00,0x00,0x00,0x00,0x00,0x38,0x38,0x00,0x00,0xE0,0xE0},
    {0xE0,0xE0,0xE0,0xE0,0xE0,0xE0,0xE0,0xE0,0x00,0x00,0x00,0x00,0x00,0x00,0x00,0x00,0x00,0x00,0x00,0x00,0x00,0x00,0xE0,0xE0,0xE0,0xE0,0xE0,0xE0,0xE0,0xE0},
    {0xE0,0xE0,0x00,0x00,0x00,0x00,0x00,0x00,0x00,0x00,0x00,0x00,0x00,0x00,0x00,0x00,0x00,0x00,0x00,0x00,0x00,0x00,0x00,0x00,0x00,0x00,0x00,0x00,0xE0,0xE0},
    {0xA0,0xA0,0x00,0x00,0x00,0x00,0x00,0x00,0x00,0x00,0x00,0x00,0x00,0x00,0x00,0x00,0x00,0x00,0x00,0x00,0x00,0x00,0x00,0x00,0x00,0x00,0x00,0x00,0xA0,0xA0},
    {0xA2,0xA2,0x00,0x00,0x00,0x00,0x00,0x00,0x00,0x00,0x00,0x00,0x00,0x00,0x00,0x00,0x00,0x00,0x00,0x00,0x00,0x00,0x00,0x00,0xA8,0xA8,0x00,0x00,0xA2,0xA2},
    {0xA2,0xA2,0x00,0x00,0x00,0x00,0x00,0x00,0x00,0x00,0x00,0x00,0x00,0x00,0x00,0x00,0x00,0x00,0x00,0x00,0x00,0x00,0x00,0x00,0xA8,0xA8,0x00,0x00,0xA2,0xA2},
    {0xA0,0xA0,0xE0,0xE0,0xE0,0xE0,0xE0,0xE0,0x00,0x00,0x00,0x00,0x00,0x00,0xE0,0xE0,0xE0,0xE0,0xE0,0xE0,0xE0,0xE0,0xE0,0xE0,0xE0,0xE0,0xE0,0xE0,0xA0,0xA0},
  },
  { /* sala 36 (0x36) */
    {0xE0,0xE0,0xE0,0xE0,0xE0,0xE0,0xE0,0xE0,0xE0,0xE0,0x00,0x00,0x00,0x00,0xE0,0xE0,0xE0,0xE0,0xE0,0xE0,0xE0,0xE0,0xE0,0xE0,0xE0,0xE0,0xE0,0xE0,0xE0,0xE0},
    {0xA0,0xA0,0x00,0x00,0x00,0x00,0x00,0x00,0x00,0x00,0x00,0x00,0x00,0x00,0x00,0x00,0x00,0x00,0x00,0x00,0x00,0x00,0x00,0x00,0x00,0x00,0x00,0x00,0xA0,0xA0},
    {0xA2,0xA2,0x00,0x00,0x00,0x00,0x00,0x00,0x00,0x00,0x00,0x00,0x00,0x00,0x00,0x00,0x00,0x00,0x00,0x00,0x00,0x00,0x00,0x00,0x00,0x00,0x00,0x00,0xA2,0xA2},
    {0xA2,0xA2,0x00,0x00,0x00,0x00,0x00,0x00,0x00,0x00,0x00,0x00,0x00,0x00,0x00,0x00,0x00,0x00,0x00,0x00,0x00,0x00,0x00,0x00,0x00,0x00,0x00,0x00,0xA2,0xA2},
    {0xA0,0xA0,0xA0,0xA0,0xA0,0xA0,0xA0,0xA0,0xA0,0xA0,0xA0,0xA0,0xA0,0xA0,0xA0,0xA0,0xA0,0xA0,0xA0,0xA0,0xA0,0xA0,0xA0,0xA0,0xA0,0xA0,0xA0,0xA0,0xA0,0xA0},
    {0xE0,0xE0,0x00,0x00,0x00,0x00,0x00,0x00,0x00,0x00,0x00,0x00,0x00,0x00,0x00,0x00,0x00,0x00,0x00,0x00,0x00,0x00,0x00,0x00,0x00,0x00,0x00,0x00,0xE0,0xE0},
    {0xE0,0xE0,0x00,0x00,0x00,0x00,0x10,0x10,0x10,0x10,0x10,0x10,0x00,0x00,0x00,0x00,0x00,0x00,0x10,0x10,0x10,0x10,0x10,0x10,0x00,0x00,0x00,0x00,0xE0,0xE0},
    {0xE0,0xE0,0x00,0x00,0x00,0x00,0x10,0x10,0x10,0x10,0x10,0x10,0x00,0x00,0x00,0x00,0x00,0x00,0x10,0x10,0x10,0x10,0x10,0x10,0x00,0x00,0x00,0x00,0xE0,0xE0},
    {0xE0,0xE0,0x00,0x00,0x00,0x00,0xE0,0xE0,0xE0,0xE0,0xE0,0xE0,0xE0,0xE0,0xE0,0xE0,0xE0,0xE0,0xE0,0xE0,0xE0,0xE0,0xE0,0xE0,0x00,0x00,0x00,0x00,0xE0,0xE0},
    {0xE0,0xE0,0x24,0x20,0x00,0x00,0x00,0x00,0x00,0x00,0x00,0x00,0x00,0x00,0xA0,0xA0,0x00,0x00,0x00,0x00,0x00,0x00,0x00,0x00,0x00,0x00,0x24,0x20,0xE0,0xE0},
    {0xE0,0xE0,0x20,0x20,0x00,0x00,0x00,0x00,0x00,0x00,0x00,0x00,0x00,0x00,0xA0,0xA0,0x00,0x00,0x00,0x00,0x00,0x00,0x00,0x00,0x00,0x00,0x20,0x20,0xE0,0xE0},
    {0xE0,0xE0,0x00,0x00,0x00,0x00,0x00,0x00,0x00,0x00,0x00,0x00,0x00,0x00,0xA0,0xA0,0x00,0x00,0x00,0x00,0x00,0x00,0x00,0x00,0x00,0x00,0x00,0x00,0xE0,0xE0},
    {0xE0,0xE0,0x00,0x00,0x00,0x00,0x00,0x00,0x00,0x00,0x00,0x00,0x24,0x20,0xA0,0xA0,0x24,0x20,0x00,0x00,0x00,0x00,0x00,0x00,0x00,0x00,0x00,0x00,0xE0,0xE0},
    {0xE0,0xE0,0x00,0x00,0x00,0x00,0x00,0x00,0x00,0x00,0x00,0x00,0x20,0x20,0xA0,0xA0,0x20,0x20,0x00,0x00,0x00,0x00,0x00,0x00,0x00,0x00,0x00,0x00,0xE0,0xE0},
    {0xE0,0xE0,0x00,0x00,0x00,0x00,0x00,0x00,0x00,0x00,0x00,0x00,0xE0,0xE0,0xE0,0xE0,0xE0,0xE0,0x00,0x00,0x00,0x00,0x00,0x00,0x00,0x00,0x00,0x00,0xE0,0xE0},
    {0xE0,0xE0,0xA0,0xA0,0xA0,0xA0,0xA0,0xA0,0xA0,0xA0,0xA0,0xA0,0xE0,0xE0,0x24,0x20,0xE0,0xE0,0xA0,0xA0,0xA0,0xA0,0xA0,0xA0,0xA0,0xA0,0xA0,0xA0,0xE0,0xE0},
    {0xA0,0xA0,0x00,0x00,0x00,0x00,0x00,0x00,0x00,0x00,0x00,0x00,0xA0,0xA0,0x20,0x20,0xA0,0xA0,0x00,0x00,0x00,0x00,0x00,0x00,0x00,0x00,0x00,0x00,0xA0,0xA0},
    {0xA2,0xA2,0x00,0x00,0x00,0x00,0x00,0x00,0x00,0x00,0x00,0x00,0xA2,0xA2,0x00,0x00,0xA2,0xA2,0x00,0x00,0x00,0x00,0x00,0x00,0x00,0x00,0x00,0x00,0xA2,0xA2},
    {0xA2,0xA2,0x00,0x00,0x00,0x00,0x00,0x00,0x00,0x00,0x00,0x00,0xA2,0xA2,0x00,0x00,0xA2,0xA2,0x00,0x00,0x00,0x00,0x00,0x00,0x00,0x00,0x00,0x00,0xA2,0xA2},
    {0xA0,0xA0,0xE0,0xE0,0xE0,0xE0,0xE0,0xE0,0xE0,0xE0,0xE0,0xE0,0xE0,0xE0,0xE0,0xE0,0xE0,0xE0,0xE0,0xE0,0xE0,0xE0,0xE0,0xE0,0xE0,0xE0,0xE0,0xE0,0xA0,0xA0},
  },
  { /* sala 37 (0x37) */
    {0xE0,0xE0,0xE0,0xE0,0xE0,0xE0,0xE0,0xE0,0xE0,0xE0,0xE0,0xE0,0xE0,0xE0,0xE0,0xE0,0xE0,0xE0,0xE0,0xE0,0xE0,0xE0,0xE0,0xE0,0xE0,0xE0,0xE0,0xE0,0xE0,0xE0},
    {0xA0,0xA0,0x24,0x20,0x00,0x00,0x00,0x00,0x00,0x00,0x00,0x00,0x00,0x00,0x00,0x00,0x00,0x00,0x00,0x00,0x00,0x00,0x00,0x00,0x00,0x00,0x00,0x00,0xA0,0xA0},
    {0xA2,0xA2,0x20,0x20,0x00,0x00,0x00,0x00,0x00,0x00,0x00,0x00,0x00,0x00,0x00,0x00,0x00,0x00,0x00,0x00,0x00,0x00,0x00,0x00,0x00,0x00,0x00,0x00,0xA2,0xA2},
    {0xA2,0xA2,0x00,0x00,0x00,0x00,0x00,0x00,0x00,0x00,0x00,0x00,0x00,0x00,0x00,0x00,0x00,0x00,0x00,0x00,0x00,0x00,0x00,0x00,0x00,0x00,0x00,0x00,0xA2,0xA2},
    {0xA0,0xA0,0x00,0x00,0xA8,0xA8,0x00,0x00,0x00,0x00,0x00,0x00,0x00,0x00,0x00,0x00,0x00,0x00,0x00,0x00,0x00,0x00,0x00,0x00,0x00,0x00,0x00,0x00,0xA0,0xA0},
    {0xE0,0xE0,0x00,0x00,0xA8,0xA8,0x00,0x00,0x00,0x00,0x00,0x00,0x00,0x00,0x00,0x00,0x00,0x00,0x00,0x00,0x00,0x00,0x00,0x00,0x00,0x00,0x00,0x00,0xE0,0xE0},
    {0xE0,0xE0,0xA0,0xA0,0xA0,0xA0,0xA0,0xA0,0xA0,0xA0,0xA0,0xA0,0xA0,0xA0,0xA0,0xA0,0xA0,0xA0,0xA0,0xA0,0xA0,0xA0,0xA0,0xA0,0xA0,0xA0,0xA0,0xA0,0xE0,0xE0},
    {0xE0,0xE0,0x00,0x00,0x00,0x00,0x00,0x00,0x00,0x00,0x00,0x00,0x00,0x00,0x00,0x00,0x00,0x00,0x00,0x00,0x00,0x00,0x00,0x00,0x00,0x00,0x00,0x00,0xE0,0xE0},
    {0xE0,0xE0,0x10,0x10,0x10,0x10,0x10,0x10,0x10,0x10,0x10,0x10,0x10,0x10,0x10,0x10,0x10,0x10,0x10,0x10,0x10,0x10,0x10,0x10,0x10,0x10,0x10,0x10,0xE0,0xE0},
    {0xE0,0xE0,0xE0,0xE0,0xE0,0xE0,0x10,0x10,0x10,0x10,0x10,0x10,0x10,0x10,0x10,0x10,0x10,0x10,0x10,0x10,0x10,0x10,0x10,0x10,0xE0,0xE0,0xE0,0xE0,0xE0,0xE0},
    {0xE0,0xE0,0x24,0x20,0xE0,0xE0,0xE0,0xE0,0xE0,0xE0,0xE0,0xE0,0xE0,0xE0,0x10,0x10,0xE0,0xE0,0xE0,0xE0,0xE0,0xE0,0xE0,0xE0,0xE0,0xE0,0x24,0x20,0xE0,0xE0},
    {0xE0,0xE0,0x20,0x20,0xE0,0xE0,0x10,0x10,0x10,0x10,0x10,0x10,0x10,0x10,0x10,0x10,0x10,0x10,0x10,0x10,0x10,0x10,0x10,0x10,0xE0,0xE0,0x20,0x20,0xE0,0xE0},
    {0xE0,0xE0,0x10,0x10,0xE0,0xE0,0x10,0x10,0x10,0x10,0x10,0x10,0x10,0x10,0x10,0x10,0x10,0x10,0x10,0x10,0x10,0x10,0x10,0x10,0xE0,0xE0,0x10,0x10,0xE0,0xE0},
    {0xE0,0xE0,0x10,0x10,0x10,0x10,0x10,0x10,0x10,0x10,0x10,0x10,0x10,0x10,0x10,0x10,0x10,0x10,0x10,0x10,0x10,0x10,0x10,0x10,0x10,0x10,0x10,0x10,0xE0,0xE0},
    {0xE0,0xE0,0x10,0x10,0x10,0x10,0x10,0x10,0x10,0x10,0x10,0x10,0xE0,0xE0,0xE0,0xE0,0xE0,0xE0,0x10,0x10,0x10,0x10,0x10,0x10,0x10,0x10,0x10,0x10,0xE0,0xE0},
    {0xE0,0xE0,0xE0,0xE0,0xE0,0xE0,0xE0,0xE0,0xE0,0xE0,0xE0,0xE0,0xE0,0xE0,0xE0,0xE0,0xE0,0xE0,0xE0,0xE0,0xE0,0xE0,0xE0,0xE0,0xE0,0xE0,0xE0,0xE0,0xE0,0xE0},
    {0xA0,0xA0,0x00,0x00,0x00,0x00,0x00,0x00,0x00,0x00,0x00,0x00,0x00,0x00,0x00,0x00,0x00,0x00,0x00,0x00,0x00,0x00,0x00,0x00,0x00,0x00,0x00,0x00,0xE0,0xE0},
    {0xA2,0xA2,0x00,0x00,0x00,0x00,0x00,0x00,0x00,0x00,0x00,0x00,0x00,0x00,0x00,0x00,0x00,0x00,0x00,0x00,0x00,0x00,0x00,0x00,0x00,0x00,0x00,0x00,0xE0,0xE0},
    {0xA2,0xA2,0x00,0x00,0x00,0x00,0x00,0x00,0x00,0x00,0x00,0x00,0x00,0x00,0x00,0x00,0x00,0x00,0x00,0x00,0x00,0x00,0x00,0x00,0x00,0x00,0x00,0x00,0xE0,0xE0},
    {0xA0,0xA0,0xE0,0xE0,0xE0,0xE0,0xE0,0xE0,0xE0,0xE0,0xE0,0xE0,0xE0,0xE0,0xE0,0xE0,0xE0,0xE0,0xE0,0xE0,0xE0,0xE0,0xE0,0xE0,0xE0,0xE0,0x00,0x00,0xE0,0xE0},
  },
  { /* sala 38 (0x38) */
    {0xE0,0xE0,0xE0,0xE0,0xE0,0xE0,0xE0,0xE0,0xE0,0xE0,0xE0,0xE0,0xE0,0xE0,0xE0,0xE0,0x00,0x00,0xE0,0xE0,0xE0,0xE0,0xE0,0xE0,0xE0,0xE0,0xE0,0xE0,0xE0,0xE0},
    {0xA0,0xA0,0xA1,0xA1,0xA0,0xA0,0xA1,0xA1,0xA1,0xA1,0xA1,0xA1,0xA0,0xA0,0xA1,0xA1,0x00,0x00,0x00,0x00,0x00,0x00,0x00,0x00,0x00,0x00,0x00,0x00,0x00,0x00},
    {0xA2,0xA2,0x00,0x00,0x20,0x20,0xA8,0xA8,0x00,0x00,0x00,0x00,0x20,0x20,0xE0,0xE0,0x00,0x00,0x00,0x00,0x00,0x00,0x00,0x00,0x00,0x00,0x00,0x00,0x00,0x00},
    {0xA2,0xA2,0x00,0x00,0x20,0x20,0xA8,0xA8,0x00,0x00,0x00,0x00,0x20,0x20,0xE0,0xE0,0x00,0x00,0x00,0x00,0x00,0x00,0x00,0x00,0x00,0x00,0x00,0x00,0x00,0x00},
    {0xA0,0xA0,0xE0,0xE0,0x20,0x20,0x00,0x00,0xE0,0xE0,0x00,0x00,0x20,0x20,0xE0,0xE0,0xA0,0xA0,0xE0,0xE0,0xE0,0xE0,0x00,0x00,0xE0,0xE0,0xE0,0xE0,0xA0,0xA0},
    {0xE0,0xE0,0xE0,0xE0,0x20,0x20,0x00,0x00,0xE0,0xE0,0x00,0x00,0x20,0x20,0xE0,0xE0,0xE0,0xE0,0xE0,0xE0,0xE0,0xE0,0x00,0x00,0xE0,0xE0,0xE0,0xE0,0xE0,0xE0},
    {0xE0,0xE0,0xE0,0xE0,0x20,0x20,0x00,0x00,0x00,0x00,0x00,0x00,0x20,0x20,0xE0,0xE0,0x00,0x00,0x00,0x00,0x00,0x00,0xA0,0xA0,0x00,0x00,0x00,0x00,0xE0,0xE0},
    {0xE0,0xE0,0xE0,0xE0,0x20,0x20,0x00,0x00,0x00,0x00,0x00,0x00,0x20,0x20,0xE0,0xE0,0xE0,0xE0,0xE0,0xE0,0xE0,0xE0,0x00,0x00,0xE0,0xE0,0xE0,0xE0,0xE0,0xE0},
    {0xE0,0xE0,0xE0,0xE0,0x20,0x20,0xA1,0xA1,0xA1,0xA1,0x00,0x00,0x20,0x20,0xE0,0xE0,0xE0,0xE0,0xE0,0xE0,0xE0,0xE0,0x00,0x00,0xE0,0xE0,0xE0,0xE0,0xE0,0xE0},
    {0xE0,0xE0,0xE0,0xE0,0x20,0x20,0x00,0x00,0x00,0x00,0x00,0x00,0x20,0x20,0xE0,0xE0,0xA0,0xA0,0xA0,0xA0,0xA0,0xA0,0xA0,0xA0,0xA0,0xA0,0xA0,0xA0,0xE0,0xE0},
    {0xE0,0xE0,0xE0,0xE0,0x20,0x20,0x00,0x00,0x00,0x00,0x00,0x00,0x20,0x20,0xE0,0xE0,0x24,0x20,0x00,0x00,0x24,0x20,0x24,0x20,0x00,0x00,0x24,0x20,0xE0,0xE0},
    {0xE0,0xE0,0xE0,0xE0,0x20,0x20,0x00,0x00,0xA1,0xA1,0xA1,0xA1,0x20,0x20,0xE0,0xE0,0x20,0x20,0x00,0x00,0x20,0x20,0x20,0x20,0x00,0x00,0x20,0x20,0xE0,0xE0},
    {0xE0,0xE0,0xE0,0xE0,0x20,0x20,0x00,0x00,0x00,0x00,0x00,0x00,0x20,0x20,0xE0,0xE0,0xE0,0xE0,0xE0,0xE0,0xE0,0xE0,0xE0,0xE0,0xE0,0xE0,0xE0,0xE0,0xE0,0xE0},
    {0xE0,0xE0,0xE0,0xE0,0x20,0x20,0x00,0x00,0x00,0x00,0x00,0x00,0x20,0x20,0xE0,0xE0,0xE0,0xE0,0xE0,0xE0,0xE0,0xE0,0xE0,0xE0,0xE0,0xE0,0xE0,0xE0,0xE0,0xE0},
    {0xE0,0xE0,0xE0,0xE0,0x20,0x20,0xA1,0xA1,0xA1,0xA1,0x00,0x00,0xA0,0xA0,0xE0,0xE0,0x00,0x00,0x00,0x00,0x00,0x00,0x00,0x00,0x24,0x20,0x24,0x20,0xE0,0xE0},
    {0xE0,0xE0,0xA1,0xA1,0xA0,0xA0,0xA1,0xA1,0x00,0x00,0x00,0x00,0x00,0x00,0x00,0x00,0x00,0x00,0x00,0x00,0x00,0x00,0x00,0x00,0x20,0x20,0x20,0x20,0xE0,0xE0},
    {0xE0,0xE0,0xE0,0xE0,0x00,0x00,0x00,0x00,0x00,0x00,0x00,0x00,0x00,0x00,0x00,0x00,0x00,0x00,0x00,0x00,0x00,0x00,0x00,0x00,0x00,0x00,0x00,0x00,0xA0,0xA0},
    {0xE0,0xE0,0xE0,0xE0,0x00,0x00,0x00,0x00,0x00,0x00,0x00,0x00,0x00,0x00,0xE0,0xE0,0x00,0x00,0x00,0x00,0x00,0x00,0x00,0x00,0x00,0x00,0x00,0x00,0xA2,0xA2},
    {0xE0,0xE0,0xE0,0xE0,0xE0,0xE0,0xA1,0xA1,0xA1,0xA1,0xA1,0xA1,0xA0,0xA0,0xE0,0xE0,0x00,0x00,0x00,0x00,0x00,0x00,0x00,0x00,0x00,0x00,0x00,0x00,0xA2,0xA2},
    {0xE0,0xE0,0xE0,0xE0,0xE0,0xE0,0xE0,0xE0,0xE0,0xE0,0xE0,0xE0,0xE0,0xE0,0xE0,0xE0,0xE0,0xE0,0xE0,0xE0,0xE0,0xE0,0xE0,0xE0,0xE0,0xE0,0xE0,0xE0,0xA0,0xA0},
  },
  { /* sala 39 (0x39) */
    {0xE0,0xE0,0xE0,0xE0,0xE0,0xE0,0xE0,0xE0,0x00,0x00,0xE0,0xE0,0xE0,0xE0,0x00,0x00,0x00,0x00,0xE0,0xE0,0xE0,0xE0,0xE0,0xE0,0xE0,0xE0,0x00,0x00,0x00,0x00},
    {0x00,0x00,0x00,0x00,0x00,0x00,0x00,0x00,0x00,0x00,0xE0,0xE0,0xE0,0xE0,0x00,0x00,0x00,0x00,0x00,0x00,0x24,0x20,0x24,0x20,0xA0,0xA0,0x00,0x00,0x00,0x00},
    {0x00,0x00,0x00,0x00,0x00,0x00,0x00,0x00,0x00,0x00,0xE0,0xE0,0xE0,0xE0,0x00,0x00,0x00,0x00,0x00,0x00,0x20,0x20,0x20,0x20,0xA0,0xA0,0x00,0x00,0x00,0x00},
    {0x00,0x00,0x00,0x00,0x00,0x00,0x00,0x00,0x00,0x00,0xE0,0xE0,0xE0,0xE0,0x00,0x00,0x00,0x00,0x00,0x00,0x38,0x38,0x00,0x00,0xA0,0xA0,0x00,0x00,0x00,0x00},
    {0xA0,0xA0,0x00,0x00,0xE0,0xE0,0xE0,0xE0,0xE0,0xE0,0xE0,0xE0,0xE0,0xE0,0x00,0x00,0x00,0x00,0x00,0x00,0x38,0x38,0x00,0x00,0xA0,0xA0,0x00,0x00,0x00,0x00},
    {0xE0,0xE0,0x00,0x00,0xE0,0xE0,0xE0,0xE0,0xE0,0xE0,0xE0,0xE0,0xE0,0xE0,0x00,0x00,0x00,0x00,0xE0,0xE0,0xE0,0xE0,0xE0,0xE0,0xE0,0xE0,0x00,0x00,0x00,0x00},
    {0xE0,0xE0,0x00,0x00,0x00,0x00,0xA0,0xA0,0xA0,0xA0,0xA0,0xA0,0x00,0x00,0x00,0x00,0x00,0x00,0x00,0x00,0x24,0x20,0x24,0x20,0xA0,0xA0,0x00,0x00,0x00,0x00},
    {0xE0,0xE0,0x00,0x00,0x00,0x00,0x00,0xA0,0xA0,0xA0,0xA0,0x00,0x00,0x00,0x00,0x00,0x00,0x00,0x00,0x00,0x20,0x20,0x20,0x20,0xA0,0xA0,0x00,0x00,0x00,0x00},
    {0xE0,0xE0,0x00,0x00,0x00,0x00,0x00,0x00,0x24,0x24,0x00,0x00,0x00,0x00,0x00,0x00,0x00,0x00,0x00,0x00,0x38,0x38,0x00,0x00,0xA0,0xA0,0x00,0x00,0x00,0x00},
    {0xE0,0xE0,0x00,0x00,0x00,0x00,0x00,0x00,0x24,0x24,0x00,0x00,0x00,0x00,0x00,0x00,0x00,0x00,0x00,0x00,0x38,0x38,0x00,0x00,0xA0,0xA0,0x00,0x00,0x00,0x00},
    {0xE0,0xE0,0xE0,0xE0,0xE0,0xE0,0xE0,0xE0,0xE0,0xE0,0xE0,0xE0,0xE0,0xE0,0x00,0x00,0x00,0x00,0xE0,0xE0,0xE0,0xE0,0xE0,0xE0,0xE0,0xE0,0x00,0x00,0x00,0x00},
    {0xE0,0xE0,0x24,0x20,0x24,0x20,0x00,0x00,0x00,0x00,0x00,0x00,0x00,0x00,0x00,0x00,0x00,0x00,0x00,0x00,0x24,0x20,0x24,0x20,0xA0,0xA0,0x00,0x00,0x00,0x00},
    {0xE0,0xE0,0x20,0x20,0x20,0x20,0x00,0x00,0x00,0x00,0x00,0x00,0x00,0x00,0x00,0x00,0x00,0x00,0x00,0x00,0x20,0x20,0x20,0x20,0xA0,0xA0,0x00,0x00,0x00,0x00},
    {0xE0,0xE0,0x00,0x00,0x00,0x00,0x00,0x00,0x00,0x00,0x00,0x00,0x00,0x00,0x00,0x00,0x00,0x00,0x00,0x00,0x38,0x38,0x00,0x00,0xA0,0xA0,0x00,0x00,0x00,0x00},
    {0xE0,0xE0,0x00,0x00,0x00,0x00,0x00,0x00,0x00,0x00,0x00,0x00,0x00,0x00,0x00,0x00,0x00,0x00,0x00,0x00,0x38,0x38,0x00,0x00,0xA0,0xA0,0x00,0x00,0x00,0x00},
    {0xE0,0xE0,0xE0,0xE0,0xE0,0xE0,0xE0,0xE0,0x00,0x00,0x00,0x00,0x00,0x00,0x00,0x00,0x00,0x00,0xE0,0xE0,0xE0,0xE0,0xE0,0xE0,0xE0,0xE0,0x00,0x00,0x00,0x00},
    {0xA0,0xA0,0x00,0x00,0x00,0x00,0x00,0x00,0x00,0x00,0x00,0x00,0x00,0x00,0x00,0x00,0x00,0x00,0x00,0x00,0x24,0x20,0x24,0x20,0xA0,0xA0,0x00,0x00,0x00,0x00},
    {0xA2,0xA2,0x00,0x00,0x00,0x00,0x00,0x00,0x00,0x00,0x00,0x00,0x00,0x00,0x00,0x00,0x00,0x00,0x00,0x00,0x20,0x20,0x20,0x20,0xA0,0xA0,0x00,0x00,0x00,0x00},
    {0xA2,0xA2,0x00,0x00,0x00,0x00,0x00,0x00,0x00,0x00,0x00,0x00,0x00,0x00,0x00,0x00,0x00,0x00,0x00,0x00,0x00,0x00,0x00,0x00,0xA0,0xA0,0x00,0x00,0x00,0x00},
    {0xA0,0xA0,0xE0,0xE0,0xE0,0xE0,0xE0,0xE0,0xE0,0xE0,0xE0,0xE0,0xE0,0xE0,0xA0,0xA0,0xA0,0xA0,0xE0,0xE0,0xE0,0xE0,0xE0,0xE0,0xE0,0xE0,0x00,0x00,0x00,0x00},
  },
  { /* sala 40 (0x40) */
    {0xE0,0xE0,0x00,0x00,0x00,0x00,0xE0,0xE0,0xE0,0xE0,0xE0,0xE0,0xE0,0xE0,0xE0,0xE0,0xE0,0xE0,0xE0,0xE0,0xE0,0xE0,0xE0,0xE0,0xE0,0xE0,0xE0,0xE0,0xE0,0xE0},
    {0xE0,0xE0,0x00,0x00,0x00,0x00,0x00,0x00,0x00,0x00,0x00,0x00,0x00,0x00,0x00,0x00,0x00,0x00,0x00,0x00,0x00,0x00,0x00,0x00,0x00,0x00,0x00,0x00,0xE0,0xE0},
    {0xE0,0xE0,0x00,0x00,0x00,0x00,0x00,0x00,0x00,0x00,0x00,0x00,0x00,0x00,0x00,0x00,0x00,0x00,0x00,0x00,0x00,0x00,0x00,0x00,0x00,0x00,0x00,0x00,0xE0,0xE0},
    {0xE0,0xE0,0x00,0x00,0x00,0x00,0x00,0x00,0xA8,0xA8,0x00,0x00,0xA8,0xA8,0x00,0x00,0xA8,0xA8,0x00,0x00,0xA8,0xA8,0x00,0x00,0x00,0x00,0x00,0x00,0xE0,0xE0},
    {0xE0,0xE0,0x00,0x00,0x00,0x00,0x00,0x00,0xA8,0xA8,0x00,0x00,0xA8,0xA8,0x00,0x00,0xA8,0xA8,0x00,0x00,0xA8,0xA8,0x00,0x00,0x00,0x00,0x00,0x00,0xE0,0xE0},
    {0xE0,0xE0,0x00,0x00,0x00,0x00,0x00,0x00,0xE0,0xE0,0xE0,0xE0,0xE0,0xE0,0xE0,0xE0,0xE0,0xE0,0xE0,0xE0,0xE0,0xE0,0xE0,0xE0,0x00,0x00,0x00,0x00,0xE0,0xE0},
    {0xE0,0xE0,0x00,0x00,0x00,0x00,0x00,0x00,0x00,0x00,0xA8,0xA8,0x00,0x00,0x00,0x00,0x00,0x00,0xA8,0xA8,0x00,0x00,0x00,0x00,0x00,0x00,0xE0,0xE0,0xE0,0xE0},
    {0xE0,0xE0,0x00,0x00,0x00,0x00,0x00,0x00,0x00,0x00,0xA8,0xA8,0x00,0x00,0x00,0x00,0x00,0x00,0xA8,0xA8,0x00,0x00,0x00,0x00,0x00,0x00,0x00,0x00,0xA0,0xA0},
    {0xE0,0xE0,0x00,0x00,0x00,0x00,0x00,0x00,0x00,0x00,0xA8,0xA8,0x00,0x00,0x38,0x38,0x00,0x00,0xA8,0xA8,0x00,0x00,0x00,0x00,0x00,0x00,0x00,0x00,0xA2,0xA2},
    {0xE0,0xE0,0x00,0x00,0x00,0x00,0x00,0x00,0x00,0x00,0xA8,0xA8,0x00,0x00,0x38,0x38,0x00,0x00,0xA8,0xA8,0x00,0x00,0x00,0x00,0x00,0x00,0x00,0x00,0xA2,0xA2},
    {0xE0,0xE0,0x00,0x00,0x00,0x00,0xE0,0xE0,0xE0,0xE0,0xE0,0xE0,0xE0,0xE0,0xE0,0xE0,0xE0,0xE0,0xE0,0xE0,0xE0,0xE0,0x00,0x00,0x00,0x00,0x00,0x00,0xA0,0xA0},
    {0xE0,0xE0,0x00,0x00,0x00,0x00,0xA0,0xA0,0x00,0x00,0x00,0x00,0x00,0x00,0x38,0x38,0x00,0x00,0x00,0x00,0x00,0x00,0x00,0x00,0x00,0x00,0xE0,0xE0,0xE0,0xE0},
    {0xE0,0xE0,0x00,0x00,0x00,0x00,0xA0,0xA0,0x00,0x00,0x00,0x00,0x00,0x00,0x38,0x38,0x00,0x00,0x00,0x00,0x00,0x00,0x00,0x00,0x00,0x00,0x00,0x00,0xE0,0xE0},
    {0xE0,0xE0,0x00,0x00,0x00,0x00,0xA0,0xA0,0x00,0x00,0x00,0xE0,0xE0,0xE0,0xE0,0xE0,0xE0,0xE0,0xE0,0xE0,0xE0,0xE0,0xE0,0xE0,0xE0,0xE0,0xE0,0xE0,0xE0,0xE0},
    {0xE0,0xE0,0x00,0x00,0x00,0x00,0xA0,0xA0,0x00,0x00,0x00,0x00,0x00,0x00,0x38,0x38,0x00,0x00,0x00,0x00,0x00,0x00,0x00,0x00,0x00,0x00,0x00,0x00,0xE0,0xE0},
    {0xE0,0xE0,0x00,0x00,0x00,0x00,0xA0,0xA0,0x00,0x00,0x00,0x00,0x00,0x00,0x38,0x38,0x00,0x00,0x00,0x00,0x00,0x00,0x00,0x00,0x00,0x00,0x00,0x00,0xE0,0xE0},
    {0xE0,0xE0,0x00,0x00,0x00,0x00,0xE0,0xE0,0xE0,0xE0,0xE0,0xE0,0xE0,0xE0,0xE0,0xE0,0xE0,0xE0,0xE0,0xE0,0xE0,0xE0,0x10,0x10,0x00,0x00,0x10,0x10,0xE0,0xE0},
    {0xE0,0xE0,0x00,0x00,0x00,0x00,0x00,0x00,0x24,0x20,0x24,0x20,0x24,0x20,0x24,0x20,0x24,0x20,0x24,0x20,0xE0,0xE0,0x10,0x10,0x00,0x00,0x10,0x10,0xE0,0xE0},
    {0xE0,0xE0,0x00,0x00,0x00,0x00,0x00,0x00,0x20,0x20,0x20,0x20,0x20,0x20,0x20,0x20,0x20,0x20,0x20,0x20,0xE0,0xE0,0x10,0x10,0x00,0x00,0x10,0x10,0xE0,0xE0},
    {0xE0,0xE0,0xA0,0xA0,0xA0,0xA0,0xE0,0xE0,0xE0,0xE0,0xE0,0xE0,0xE0,0xE0,0xE0,0xE0,0xE0,0xE0,0xE0,0xE0,0xE0,0xE0,0xE0,0xE0,0x00,0x00,0x10,0x10,0xE0,0xE0},
  },
  { /* sala 41 (0x41) */
    {0xE0,0xE0,0x10,0x10,0x10,0x10,0x10,0x10,0x10,0x10,0x10,0x10,0x10,0x10,0x00,0x00,0x10,0x10,0x10,0x10,0x10,0x10,0x10,0x10,0x10,0x10,0x10,0x10,0xE0,0xE0},
    {0xE0,0xE0,0x10,0x10,0x10,0x10,0x10,0x10,0x10,0x10,0x10,0x10,0x10,0x10,0x00,0x00,0x10,0x10,0x10,0x10,0x10,0x10,0x10,0x10,0x10,0x10,0x10,0x10,0xE0,0xE0},
    {0xE0,0xE0,0x00,0x00,0x00,0x00,0x00,0x00,0x00,0x00,0x00,0x00,0x00,0x00,0x38,0x38,0x00,0x00,0x00,0x00,0x00,0x00,0x00,0x00,0x00,0x00,0x00,0x00,0xE0,0xE0},
    {0xE0,0xE0,0x00,0x00,0x00,0x00,0x00,0x00,0x00,0x00,0x00,0x00,0x00,0x00,0x38,0x38,0x00,0x00,0x00,0x00,0x00,0x00,0x00,0x00,0x00,0x00,0x00,0x00,0xE0,0xE0},
    {0xE0,0xE0,0x00,0x00,0xE0,0xE0,0xE0,0xE0,0xE0,0xE0,0xE0,0xE0,0xE0,0xE0,0xE0,0xE0,0xE0,0xE0,0xE0,0xE0,0xE0,0xE0,0xE0,0xE0,0x00,0x00,0x00,0x00,0xE0,0xE0},
    {0xE0,0xE0,0x00,0x00,0xA1,0xA1,0xA0,0xA0,0xA1,0xA1,0xA1,0xA1,0xA1,0xA1,0xA1,0xA1,0xA1,0xA1,0xA1,0xA1,0xA1,0xA1,0xA1,0xA1,0x00,0x00,0x00,0x00,0xE0,0xE0},
    {0xE0,0xE0,0x00,0x00,0x00,0x00,0x20,0x20,0x00,0x00,0x00,0x00,0x00,0x00,0xA8,0xA8,0x00,0x00,0x00,0x00,0x00,0x00,0x00,0x00,0x00,0x00,0x00,0x00,0xE0,0xE0},
    {0xA0,0xA0,0x00,0x00,0x00,0x00,0x20,0x20,0x00,0x00,0x00,0x00,0x00,0x00,0xA8,0xA8,0x00,0x00,0x00,0x00,0x00,0x00,0x00,0x00,0x00,0x00,0x00,0x00,0xA0,0xA0},
    {0xA2,0xA2,0x00,0x00,0xE0,0xE0,0x20,0x20,0xE0,0xE0,0xE0,0xE0,0xE0,0xE0,0xE0,0xE0,0xE0,0xE0,0xE0,0xE0,0xE0,0xE0,0xE0,0xE0,0x00,0x00,0x00,0x00,0xA2,0xA2},
    {0xA2,0xA2,0x00,0x00,0x00,0x00,0x20,0x20,0x00,0x00,0x00,0x00,0x00,0x00,0xA8,0xA8,0x00,0x00,0x00,0x00,0x00,0x00,0x00,0x00,0x00,0x00,0x00,0x00,0xA2,0xA2},
    {0xA0,0xA0,0x00,0x00,0x00,0x00,0x20,0x20,0x00,0x00,0x00,0x00,0x00,0x00,0xA8,0xA8,0x00,0x00,0x00,0x00,0x00,0x00,0x00,0x00,0x00,0x00,0xE0,0xE0,0xA0,0xA0},
    {0xE0,0xE0,0x00,0x00,0x00,0x00,0xA0,0xA0,0x00,0x00,0xE0,0xE0,0xE0,0xE0,0xE0,0xE0,0xE0,0xE0,0xE0,0xE0,0x00,0x00,0x00,0x00,0x00,0x00,0x00,0x00,0xE0,0xE0},
    {0xE0,0xE0,0x00,0x00,0x00,0x00,0x00,0x00,0x00,0x00,0x00,0x00,0x00,0x00,0x00,0x00,0x00,0x00,0x00,0x00,0x00,0x00,0x00,0x00,0x00,0x00,0x00,0x00,0xE0,0xE0},
    {0xE0,0xE0,0x00,0x00,0x00,0x00,0x00,0x00,0x00,0x00,0x00,0x00,0x00,0x00,0x00,0x00,0x00,0x00,0x00,0x00,0x00,0x00,0x00,0x00,0x00,0x00,0x00,0x00,0xE0,0xE0},
    {0xE0,0xE0,0xE0,0xE0,0xE0,0xE0,0x00,0x00,0xE0,0xE0,0x00,0x00,0x00,0x00,0x00,0x00,0x00,0x00,0x00,0x00,0x00,0x00,0xA8,0xA8,0x00,0x00,0x00,0x00,0xE0,0xE0},
    {0xE0,0xE0,0x00,0x00,0x00,0x00,0xA0,0xA0,0x00,0x00,0x00,0x00,0x00,0x00,0x00,0x00,0x00,0x00,0x00,0x00,0x00,0x00,0xA8,0xA8,0x00,0x00,0x00,0x00,0xE0,0xE0},
    {0xE0,0xE0,0x00,0x00,0x00,0x00,0x00,0x00,0x00,0x00,0x00,0x00,0xA8,0xA8,0x00,0x00,0xA8,0xA8,0x00,0x00,0x00,0x00,0xE0,0xE0,0xE0,0xE0,0xE0,0xE0,0xE0,0xE0},
    {0xE0,0xE0,0x00,0x00,0x00,0x00,0x00,0x00,0x00,0x00,0x00,0x00,0xA8,0xA8,0x00,0x00,0xA8,0xA8,0x00,0x00,0xE0,0xE0,0xE0,0xE0,0xE0,0xE0,0xE0,0xE0,0xE0,0xE0},
    {0xE0,0xE0,0x00,0x00,0x00,0x00,0x00,0x00,0xE0,0xE0,0xE0,0xE0,0xE0,0xE0,0xE0,0xE0,0xE0,0xE0,0xE0,0xE0,0xE0,0xE0,0xE0,0xE0,0xE0,0xE0,0xE0,0xE0,0xE0,0xE0},
    {0xE0,0xE0,0xE0,0xE0,0xE0,0xE0,0xE0,0xE0,0xE0,0xE0,0xE0,0xE0,0xE0,0xE0,0xE0,0xE0,0xE0,0xE0,0xE0,0xE0,0xE0,0xE0,0xE0,0xE0,0xE0,0xE0,0xE0,0xE0,0xE0,0xE0},
  },
  { /* sala 42 (0x42) */
    {0xE0,0xE0,0x00,0x00,0xA8,0xA8,0x00,0x00,0x00,0x00,0x00,0x00,0x00,0x00,0xA8,0xA8,0x00,0x00,0x00,0x00,0x00,0x00,0xA8,0xA8,0x00,0x00,0x00,0x00,0xE0,0xE0},
    {0xE0,0xE0,0x00,0x00,0xA8,0xA8,0x00,0x00,0x00,0x00,0x00,0x00,0x00,0x00,0xA8,0xA8,0x00,0x00,0x00,0x00,0x00,0x00,0xA8,0xA8,0x00,0x00,0x00,0x00,0xE0,0xE0},
    {0xE0,0xE0,0x00,0x00,0xA1,0xA1,0xA1,0xA1,0xA1,0xA1,0xA1,0xA1,0xA1,0xA1,0xA1,0xA1,0xA1,0xA1,0xA1,0xA1,0xA1,0xA1,0xA1,0xA1,0xA1,0xA1,0xA1,0xA1,0xE0,0xE0},
    {0xE0,0xE0,0x00,0x00,0x18,0x18,0x00,0x00,0x00,0x00,0x18,0x18,0x00,0x00,0x00,0x00,0x00,0x00,0xE0,0xE0,0xE0,0xE0,0xE0,0xE0,0xE0,0xE0,0xE0,0xE0,0xE0,0xE0},
    {0xE0,0xE0,0x00,0x00,0xA8,0xA8,0x00,0x00,0x00,0x00,0xA8,0xA8,0x00,0x00,0x00,0x00,0x00,0x00,0xA8,0xA8,0xE0,0xE0,0xE0,0xE0,0xE0,0xE0,0xE0,0xE0,0xE0,0xE0},
    {0xE0,0xE0,0xA1,0xA1,0xA1,0xA1,0xA1,0xA1,0xA1,0xA1,0xA1,0xA1,0xA1,0xA1,0xA1,0xA1,0x00,0x00,0xA8,0xA8,0xE0,0xE0,0xE0,0xE0,0xE0,0xE0,0xE0,0xE0,0xE0,0xE0},
    {0xE0,0xE0,0xE0,0xE0,0xE0,0xE0,0xE0,0xE0,0xE0,0xE0,0xE0,0xE0,0xE0,0xE0,0xE0,0xE0,0x00,0x00,0x00,0x00,0xA8,0xA8,0xE0,0xE0,0xE0,0xE0,0xE0,0xE0,0xE0,0xE0},
    {0xA0,0xA0,0x00,0x00,0x00,0x00,0x00,0x00,0xA0,0xA0,0x00,0x00,0x00,0x00,0x10,0x10,0x00,0x00,0x00,0x00,0xA8,0xA8,0xE0,0xE0,0xE0,0xE0,0xE0,0xE0,0xE0,0xE0},
    {0xA2,0xA2,0x00,0x00,0x00,0x00,0x00,0x00,0xA0,0xA0,0x00,0x00,0x00,0x00,0x10,0x10,0x00,0x00,0x00,0x00,0x00,0x00,0xA8,0xA8,0xE0,0xE0,0xE0,0xE0,0xE0,0xE0},
    {0xA2,0xA2,0x00,0x00,0x00,0x00,0x00,0x00,0xA0,0xA0,0x00,0x00,0x00,0x00,0x00,0x00,0x00,0x00,0x00,0x00,0x00,0x00,0xA8,0xA8,0xE0,0xE0,0xE0,0xE0,0xE0,0xE0},
    {0xA0,0xA0,0xA0,0xA0,0x00,0x00,0x00,0x00,0xA0,0xA0,0x00,0x00,0x00,0x00,0x00,0x00,0x00,0x00,0x00,0x00,0x00,0x00,0x00,0x00,0xA8,0xA8,0xE0,0xE0,0xE0,0xE0},
    {0xE0,0xE0,0x00,0x00,0x00,0x00,0x00,0x00,0xA0,0xA0,0x00,0x00,0x00,0x00,0xA0,0xA0,0x00,0x00,0x00,0x00,0x00,0x00,0x00,0x00,0xA8,0xA8,0xE0,0xE0,0xE0,0xE0},
    {0xE0,0xE0,0x00,0x00,0x00,0x00,0x00,0x00,0xA0,0xA0,0x00,0x00,0x00,0x00,0xA0,0xA0,0x00,0x00,0x00,0x00,0x00,0x00,0x00,0x00,0x00,0x00,0xA8,0xA8,0xE0,0xE0},
    {0xE0,0xE0,0x00,0x00,0x00,0x00,0xA0,0xA0,0xA0,0xA0,0x00,0x00,0x00,0x00,0xA0,0xA0,0x00,0x00,0x00,0x00,0x00,0x00,0x00,0x00,0x00,0x00,0xA8,0xA8,0xE0,0xE0},
    {0xE0,0xE0,0x00,0x00,0x00,0x00,0x00,0x00,0xA0,0xA0,0x00,0x00,0x00,0x00,0xA0,0xA0,0x00,0x00,0x00,0x00,0x00,0x00,0x00,0x00,0x00,0x00,0x00,0x00,0xE0,0xE0},
    {0xE0,0xE0,0x00,0x00,0x00,0x00,0x00,0x00,0xA0,0xA0,0x00,0x00,0x00,0x00,0xA0,0xA0,0x00,0x00,0x00,0x00,0x00,0x00,0x00,0x00,0x00,0x00,0x00,0x00,0xE0,0xE0},
    {0xE0,0xE0,0xA0,0xA0,0x00,0x00,0x00,0x00,0xE0,0xE0,0x00,0x00,0x00,0x00,0xA0,0xA0,0x00,0x00,0x00,0x00,0x00,0x00,0x00,0x00,0x00,0x00,0x00,0x00,0xA0,0xA0},
    {0xE0,0xE0,0x00,0x00,0x00,0x00,0x00,0x00,0x00,0x00,0x00,0x00,0x00,0x00,0xA0,0xA0,0x00,0x00,0x00,0x00,0x00,0x00,0x00,0x00,0x00,0x00,0x00,0x00,0xA2,0xA2},
    {0xE0,0xE0,0x00,0x00,0x00,0x00,0x00,0x00,0x00,0x00,0x00,0x00,0x00,0x00,0xA0,0xA0,0x00,0x00,0x00,0x00,0x00,0x00,0x00,0x00,0x00,0x00,0x00,0x00,0xA2,0xA2},
    {0xE0,0xE0,0xE0,0xE0,0xE0,0xE0,0xE0,0xE0,0xE0,0xE0,0xE0,0xE0,0xE0,0xE0,0xE0,0xE0,0xE0,0xE0,0xE0,0xE0,0xE0,0xE0,0xE0,0xE0,0xE0,0xE0,0xE0,0xE0,0xA0,0xA0},
  },
  { /* sala 43 (0x43) */
    {0xE0,0xE0,0xE0,0xE0,0xE0,0xE0,0xE0,0xE0,0xE0,0xE0,0xE0,0xE0,0xE0,0xE0,0xE0,0xE0,0xE0,0xE0,0xE0,0xE0,0xE0,0xE0,0xE0,0xE0,0xE0,0xE0,0xE0,0xE0,0xE0,0xE0},
    {0xE0,0xE0,0xA1,0xA1,0xA0,0xA0,0xA1,0xA1,0xA1,0xA1,0xA1,0xA1,0xA1,0xA1,0xA1,0xA1,0xA1,0xA1,0xA1,0xA1,0xA1,0xA1,0xA1,0xA1,0xA1,0xA1,0xA1,0xA1,0xE0,0xE0},
    {0xE0,0xE0,0x24,0x20,0x20,0x20,0x00,0x00,0x00,0x00,0x00,0x00,0x00,0x00,0x00,0x00,0x00,0x00,0x00,0x00,0xA8,0xA8,0x00,0x00,0x00,0x00,0x00,0x00,0xE0,0xE0},
    {0xE0,0xE0,0x20,0x20,0x20,0x20,0x00,0x00,0x00,0x00,0x00,0x00,0x00,0x00,0x00,0x00,0x00,0x00,0x00,0x00,0xA8,0xA8,0x00,0x00,0x00,0x00,0x00,0x00,0xE0,0xE0},
    {0xE0,0xE0,0x00,0x00,0x20,0x20,0x00,0x00,0x00,0x00,0xE0,0xE0,0xE0,0xE0,0xE0,0xE0,0xE0,0xE0,0xE0,0xE0,0xE0,0xE0,0xE0,0xE0,0x00,0x00,0x00,0x00,0xE0,0xE0},
    {0xE0,0xE0,0x00,0x00,0x20,0x20,0x00,0x00,0x00,0x00,0x00,0x00,0x00,0x00,0x24,0x20,0x24,0x20,0x24,0x20,0x00,0x00,0x00,0x00,0x00,0x00,0x00,0x00,0xE0,0xE0},
    {0xE0,0xE0,0x00,0x00,0x20,0x20,0x00,0x00,0x00,0x00,0x00,0x00,0x00,0x00,0x20,0x20,0x20,0x20,0x20,0x20,0x00,0x00,0x00,0x00,0x00,0x00,0x00,0x00,0xE0,0xE0},
    {0xE0,0xE0,0x00,0x00,0x20,0x20,0x00,0x00,0x00,0x00,0xE0,0xE0,0xE0,0xE0,0xE0,0xE0,0xE0,0xE0,0xE0,0xE0,0xE0,0xE0,0xE0,0xE0,0x00,0x00,0x00,0x00,0xE0,0xE0},
    {0xE0,0xE0,0x00,0x00,0x20,0x20,0x00,0x00,0x00,0x00,0x00,0x00,0x00,0x00,0x00,0x00,0x24,0x20,0x24,0x20,0xA0,0xA0,0x00,0x00,0x00,0x00,0x24,0x20,0xE0,0xE0},
    {0xE0,0xE0,0x00,0x00,0x20,0x20,0x00,0x00,0x00,0x00,0x00,0x00,0x00,0x00,0x00,0x00,0x20,0x20,0x20,0x20,0xA0,0xA0,0x00,0x00,0x00,0x00,0x20,0x20,0xE0,0xE0},
    {0xE0,0xE0,0xE0,0xE0,0x20,0x20,0xE0,0xE0,0x00,0x00,0x00,0x00,0x00,0x00,0x00,0x00,0x00,0x00,0x00,0x00,0xA0,0xA0,0x00,0x00,0x00,0x00,0xE0,0xE0,0xE0,0xE0},
    {0xE0,0xE0,0x00,0x00,0x20,0x20,0xA0,0xA0,0x38,0x38,0x00,0x00,0x38,0x38,0x38,0x38,0x00,0x00,0x38,0x38,0xA0,0xA0,0x00,0x00,0x00,0x00,0x00,0x00,0xE0,0xE0},
    {0xE0,0xE0,0x00,0x00,0x20,0x20,0xA0,0xA0,0x38,0x38,0x00,0x00,0x38,0x38,0x38,0x38,0x00,0x00,0x38,0x38,0xA0,0xA0,0x00,0x00,0x00,0x00,0x00,0x00,0xE0,0xE0},
    {0xE0,0xE0,0x00,0x00,0x20,0x20,0xE0,0xE0,0xE0,0xE0,0xE0,0xE0,0xE0,0xE0,0xE0,0xE0,0xE0,0xE0,0xE0,0xE0,0xE0,0xE0,0xE0,0xE0,0x00,0x00,0x24,0x20,0xE0,0xE0},
    {0xE0,0xE0,0x00,0x00,0xA0,0xA0,0x00,0x00,0x00,0x00,0x00,0x00,0x00,0x00,0x00,0x00,0x00,0x00,0x00,0x00,0x00,0x00,0x00,0x00,0x00,0x00,0x20,0x20,0xE0,0xE0},
    {0xE0,0xE0,0x00,0x00,0x00,0x00,0x00,0x00,0x00,0x00,0x00,0x00,0x00,0x00,0x00,0x00,0x00,0x00,0x00,0x00,0x00,0x00,0x00,0x00,0x00,0x00,0xE0,0xE0,0xE0,0xE0},
    {0xA0,0xA0,0x00,0x00,0x00,0x00,0x00,0x00,0xA8,0xA8,0x00,0x00,0xA8,0xA8,0x00,0x00,0xA8,0xA8,0x00,0x00,0xA8,0xA8,0x00,0x00,0x00,0x00,0x00,0x00,0xE0,0xE0},
    {0xA2,0xA2,0x00,0x00,0x00,0x00,0x00,0x00,0xA8,0xA8,0x00,0x00,0xA8,0xA8,0x00,0x00,0xA8,0xA8,0x00,0x00,0xA8,0xA8,0x00,0x00,0x00,0x00,0x00,0x00,0xE0,0xE0},
    {0xA2,0xA2,0x00,0x00,0xA0,0xA0,0xE0,0xE0,0xE0,0xE0,0xE0,0xE0,0xE0,0xE0,0xE0,0xE0,0xE0,0xE0,0xE0,0xE0,0xE0,0xE0,0xE0,0xE0,0x00,0x00,0x00,0x00,0xE0,0xE0},
    {0xA0,0xA0,0xE0,0xE0,0xE0,0xE0,0xE0,0xE0,0xE0,0xE0,0xE0,0xE0,0xE0,0xE0,0xE0,0xE0,0xE0,0xE0,0xE0,0xE0,0xE0,0xE0,0xE0,0xE0,0xE0,0xE0,0xE0,0xE0,0xE0,0xE0},
  },
  { /* sala 44 (0x44) */
    {0xE0,0xE0,0xE0,0xE0,0xE0,0xE0,0xE0,0xE0,0xE0,0xE0,0xE0,0xE0,0xE0,0xE0,0xE0,0xE0,0xE0,0xE0,0xE0,0xE0,0xE0,0xE0,0xE0,0xE0,0xE0,0xE0,0xE0,0xE0,0xE0,0xE0},
    {0xE0,0xE0,0x00,0x00,0x00,0x00,0x00,0x00,0x00,0x00,0x00,0x00,0x00,0x00,0x00,0x00,0x00,0x00,0x00,0x00,0x00,0x00,0x00,0x00,0x00,0x00,0x24,0x20,0xE0,0xE0},
    {0xE0,0xE0,0x00,0x00,0x00,0x00,0x00,0x00,0x00,0x00,0x00,0x00,0x00,0x00,0x00,0x00,0x00,0x00,0x00,0x00,0x00,0x00,0x00,0x00,0x00,0x00,0x20,0x20,0xE0,0xE0},
    {0xE0,0xE0,0x00,0x00,0x00,0x00,0x00,0x00,0x00,0x00,0x00,0x00,0x00,0x00,0x00,0x00,0x00,0x00,0x00,0x00,0x00,0x00,0x00,0x00,0x00,0x00,0x00,0x00,0xE0,0xE0},
    {0xE0,0xE0,0x00,0x00,0xE0,0xE0,0xE0,0xE0,0xE0,0xE0,0xE0,0xE0,0x00,0x00,0x00,0x00,0xA0,0xA0,0x00,0x00,0x00,0x00,0x00,0x00,0x00,0x00,0x00,0x00,0xE0,0xE0},
    {0xE0,0xE0,0x00,0x00,0xE0,0xE0,0xE0,0xE0,0xE0,0xE0,0xE0,0xE0,0x10,0x10,0x00,0x00,0x00,0x00,0x00,0x00,0x00,0x00,0x00,0x00,0x00,0x00,0x24,0x20,0xE0,0xE0},
    {0xE0,0xE0,0x00,0x00,0x00,0x00,0x38,0x38,0x00,0x00,0xE0,0xE0,0x10,0x10,0x00,0x00,0x00,0x00,0x00,0x00,0x00,0x00,0x00,0x00,0x00,0x00,0x20,0x20,0xE0,0xE0},
    {0xE0,0xE0,0x00,0x00,0x00,0x00,0x38,0x38,0x00,0x00,0xE0,0xE0,0x10,0x10,0x00,0x00,0x00,0x00,0x00,0x00,0x00,0x00,0x00,0x00,0x00,0x00,0x00,0x00,0xE0,0xE0},
    {0xE0,0xE0,0x00,0x00,0xE0,0xE0,0xE0,0xE0,0xE0,0xE0,0xE0,0xE0,0x00,0x00,0x00,0x00,0xA0,0xA0,0x00,0x00,0x00,0x00,0x00,0x00,0x00,0x00,0x00,0x00,0xE0,0xE0},
    {0xE0,0xE0,0x00,0x00,0xE0,0xE0,0xE0,0xE0,0xE0,0xE0,0xE0,0xE0,0x10,0x10,0x00,0x00,0x00,0x00,0x00,0x00,0x00,0x00,0x00,0x00,0x00,0x00,0x24,0x20,0xE0,0xE0},
    {0xE0,0xE0,0x00,0x00,0x00,0x00,0x38,0x38,0xE0,0xE0,0xE0,0xE0,0x10,0x10,0x00,0x00,0x00,0x00,0x00,0x00,0x00,0x00,0x00,0x00,0x00,0x00,0x20,0x20,0xE0,0xE0},
    {0xE0,0xE0,0x00,0x00,0x00,0x00,0x38,0x38,0xE0,0xE0,0xE0,0xE0,0x10,0x10,0x00,0x00,0x00,0x00,0x00,0x00,0x00,0x00,0x00,0x00,0x00,0x00,0x00,0x00,0xE0,0xE0},
    {0xE0,0xE0,0x00,0x00,0xE0,0xE0,0xE0,0xE0,0xE0,0xE0,0xE0,0xE0,0x00,0x00,0x00,0x00,0xA0,0xA0,0x00,0x00,0x00,0x00,0x00,0x00,0x00,0x00,0x00,0x00,0xE0,0xE0},
    {0xE0,0xE0,0x00,0x00,0xE0,0xE0,0xE0,0xE0,0xE0,0xE0,0xE0,0xE0,0x10,0x10,0x00,0x00,0x00,0x00,0x00,0x00,0x00,0x00,0x00,0x00,0x00,0x00,0x00,0x00,0xA0,0xA0},
    {0xE0,0xE0,0x00,0x00,0xE0,0xE0,0xE0,0xE0,0xE0,0xE0,0xE0,0xE0,0xE0,0xE0,0xE0,0xE0,0xE0,0xE0,0x00,0x00,0x00,0x00,0x00,0x00,0x00,0x00,0x00,0x00,0xA2,0xA2},
    {0xE0,0xE0,0x00,0x00,0xE0,0xE0,0xE0,0xE0,0xE0,0xE0,0xE0,0xE0,0xE0,0xE0,0xE0,0xE0,0xE0,0xE0,0xE0,0xE0,0xE0,0xE0,0x00,0x00,0x00,0x00,0x00,0x00,0xA2,0xA2},
    {0xE0,0xE0,0x00,0x00,0x00,0x00,0x00,0x00,0x00,0x00,0x00,0x00,0x00,0x00,0xE0,0xE0,0xE0,0xE0,0xE0,0xE0,0xE0,0xE0,0xE0,0xE0,0xE0,0xE0,0xE0,0xE0,0xA0,0xA0},
    {0xE0,0xE0,0x00,0x00,0x00,0x00,0x00,0x00,0x00,0x00,0x00,0x00,0x00,0x00,0xE0,0xE0,0xE0,0xE0,0xE0,0xE0,0xE0,0xE0,0xE0,0xE0,0xE0,0xE0,0xE0,0xE0,0xE0,0xE0},
    {0xE0,0xE0,0xE0,0xE0,0xE0,0xE0,0xE0,0xE0,0xE0,0xE0,0xE0,0xE0,0x00,0x00,0xE0,0xE0,0xE0,0xE0,0xE0,0xE0,0xE0,0xE0,0xE0,0xE0,0xE0,0xE0,0xE0,0xE0,0xE0,0xE0},
    {0xE0,0xE0,0xE0,0xE0,0xE0,0xE0,0xE0,0xE0,0xE0,0xE0,0xE0,0xE0,0x00,0x00,0xE0,0xE0,0xE0,0xE0,0xE0,0xE0,0xE0,0xE0,0xE0,0xE0,0xE0,0xE0,0xE0,0xE0,0xE0,0xE0},
  },
  { /* sala 45 (0x45) */
    {0xE0,0xE0,0xE0,0xE0,0xE0,0xE0,0xE0,0xE0,0x00,0x00,0x00,0x00,0x00,0x00,0xE0,0xE0,0xE0,0xE0,0xE0,0xE0,0xE0,0xE0,0xE0,0xE0,0xE0,0xE0,0xE0,0xE0,0xE0,0xE0},
    {0xE0,0xE0,0xA0,0xA0,0xA0,0xA0,0xA0,0xA0,0x00,0x00,0x00,0x00,0x00,0x00,0x00,0x00,0x00,0x00,0x00,0x00,0x00,0x00,0x00,0x00,0x00,0x00,0x00,0x00,0x00,0x00},
    {0xE0,0xE0,0x00,0xA0,0xA0,0xA0,0xA0,0x00,0x00,0x00,0x00,0x00,0x00,0x00,0x00,0x00,0x00,0x00,0x00,0x00,0x00,0x00,0x00,0x00,0x00,0x00,0x00,0x00,0x00,0x00},
    {0xE0,0xE0,0x00,0x00,0x24,0x24,0x00,0x00,0x00,0x00,0x00,0x00,0x00,0x00,0x00,0x00,0x00,0x00,0x38,0x38,0x00,0x00,0x00,0x00,0x00,0x00,0x00,0x00,0x00,0x00},
    {0xE0,0xE0,0x00,0x00,0x24,0x24,0x00,0x00,0x00,0x00,0x00,0x00,0x00,0x00,0x00,0x00,0x00,0x00,0x38,0x38,0x00,0x00,0x00,0x00,0x00,0x00,0x00,0x00,0x00,0x00},
    {0xE0,0xE0,0xE0,0xE0,0xE0,0xE0,0xE0,0xE0,0xE0,0xE0,0x00,0x00,0x00,0x00,0xE0,0xE0,0xE0,0xE0,0xE0,0xE0,0xE0,0xE0,0xE0,0xE0,0xE0,0xE0,0xE0,0xE0,0xA0,0xA0},
    {0xE0,0xE0,0x24,0x20,0x24,0x20,0x00,0x00,0x00,0x00,0x00,0x00,0x00,0x00,0x00,0x00,0x00,0x00,0x00,0x00,0x00,0x00,0x00,0x00,0x00,0x00,0x00,0x00,0xE0,0xE0},
    {0xE0,0xE0,0x20,0x20,0x20,0x20,0x00,0x00,0x00,0x00,0x00,0x00,0x00,0x00,0x00,0x00,0x00,0x00,0x00,0x00,0x00,0x00,0x00,0x00,0x00,0x00,0x00,0x00,0xE0,0xE0},
    {0xE0,0xE0,0x00,0x00,0x00,0x00,0x00,0x00,0x38,0x38,0x00,0x00,0x00,0x00,0x00,0x00,0x00,0x00,0x00,0x00,0x00,0x00,0x00,0x00,0x00,0x00,0x00,0x00,0xE0,0xE0},
    {0xE0,0xE0,0x00,0x00,0x00,0x00,0x00,0x00,0x38,0x38,0x00,0x00,0x00,0x00,0x00,0x00,0x00,0x00,0x00,0x00,0x00,0x00,0x00,0x00,0x00,0x00,0x00,0x00,0xA0,0xA0},
    {0xE0,0xE0,0xE0,0xE0,0xE0,0xE0,0xE0,0xE0,0xE0,0xE0,0xE0,0xE0,0xE0,0xE0,0xE0,0xE0,0xE0,0xE0,0xE0,0xE0,0x00,0x00,0x00,0x00,0x00,0x00,0x00,0x00,0xA2,0xA2},
    {0xE0,0xE0,0x10,0x10,0x10,0x10,0x10,0x10,0x10,0x10,0x10,0x10,0x10,0x10,0x10,0x10,0x10,0x10,0x10,0x10,0x00,0x00,0x00,0x00,0x00,0x00,0x00,0x00,0xA2,0xA2},
    {0xE0,0xE0,0x10,0x10,0x10,0x10,0x10,0x10,0x10,0x10,0x10,0x10,0x10,0x10,0x10,0x10,0x10,0x10,0x10,0x10,0x00,0x00,0x00,0x00,0x00,0x00,0xE0,0xE0,0xA0,0xA0},
    {0xA0,0xA0,0x00,0x00,0x00,0x00,0x00,0x00,0x00,0x00,0x00,0x00,0x00,0x00,0x00,0x00,0x00,0x00,0x00,0x00,0x00,0x00,0x00,0x00,0xE0,0xE0,0xE0,0xE0,0xE0,0xE0},
    {0xA2,0xA2,0x00,0x00,0xA8,0xA8,0x00,0x00,0x00,0x00,0x00,0x00,0x00,0x00,0x00,0x00,0x00,0x00,0x00,0x00,0x00,0x00,0xE0,0xE0,0xE0,0xE0,0xE0,0xE0,0xE0,0xE0},
    {0xA2,0xA2,0x00,0x00,0xA8,0xA8,0x00,0x00,0x00,0x00,0x00,0x00,0x00,0x00,0x00,0x00,0x00,0x00,0x00,0x00,0x00,0x00,0xE0,0xE0,0xE0,0xE0,0xE0,0xE0,0xE0,0xE0},
    {0xA0,0xA0,0xE0,0xE0,0xE0,0xE0,0x00,0x00,0x00,0x00,0x00,0x00,0xA0,0xA0,0x00,0x00,0x00,0x00,0x00,0x00,0xE0,0xE0,0xE0,0xE0,0xE0,0xE0,0xE0,0xE0,0xE0,0xE0},
    {0xE0,0xE0,0xE0,0xE0,0xE0,0xE0,0xE0,0xE0,0x00,0x00,0x00,0x00,0x00,0x00,0x00,0x00,0x00,0x00,0x00,0x00,0xE0,0xE0,0xE0,0xE0,0xE0,0xE0,0xE0,0xE0,0xE0,0xE0},
    {0xE0,0xE0,0xE0,0xE0,0xE0,0xE0,0xE0,0xE0,0xE0,0xE0,0x00,0x00,0x00,0x00,0x00,0x00,0x00,0x00,0xE0,0xE0,0xE0,0xE0,0xE0,0xE0,0xE0,0xE0,0xE0,0xE0,0xE0,0xE0},
    {0xE0,0xE0,0xE0,0xE0,0xE0,0xE0,0xE0,0xE0,0xE0,0xE0,0xE0,0xE0,0x00,0x00,0xE0,0xE0,0xE0,0xE0,0xE0,0xE0,0xE0,0xE0,0xE0,0xE0,0xE0,0xE0,0xE0,0xE0,0xE0,0xE0},
  },
  { /* sala 46 (0x46) */
    {0xE0,0xE0,0xE0,0xE0,0xE0,0xE0,0xE0,0xE0,0xE0,0xE0,0xE0,0xE0,0xE0,0xE0,0x00,0x00,0xE0,0xE0,0xE0,0xE0,0xE0,0xE0,0xE0,0xE0,0xE0,0xE0,0xE0,0xE0,0xE0,0xE0},
    {0x00,0x00,0x00,0x00,0x00,0x00,0x00,0x00,0x24,0x20,0x24,0x20,0xA0,0xA0,0x00,0x00,0xA8,0xA8,0x24,0x20,0x24,0x20,0x00,0x00,0x00,0x00,0x00,0x00,0xE0,0xE0},
    {0x00,0x00,0x00,0x00,0x00,0x00,0x00,0x00,0x20,0x20,0x20,0x20,0xA0,0xA0,0x00,0x00,0xA8,0xA8,0x20,0x20,0x20,0x20,0x00,0x00,0x00,0x00,0x00,0x00,0xA0,0xA0},
    {0x00,0x00,0x00,0x00,0x00,0x00,0x00,0x00,0x00,0x00,0x00,0x00,0xA0,0xA0,0x00,0x00,0xA8,0xA8,0x00,0x00,0x00,0x00,0x00,0x00,0x00,0x00,0x00,0x00,0xA2,0xA2},
    {0x00,0x00,0x00,0x00,0x00,0x00,0x00,0x00,0x00,0x00,0x00,0x00,0xA0,0xA0,0x00,0x00,0xA8,0xA8,0x00,0x00,0x00,0x00,0x00,0x00,0x00,0x00,0x00,0x00,0xA2,0xA2},
    {0xA0,0xA0,0xE0,0xE0,0xE0,0xE0,0xE0,0xE0,0xE0,0xE0,0xE0,0xE0,0xE0,0xE0,0x00,0x00,0xE0,0xE0,0xE0,0xE0,0xE0,0xE0,0xE0,0xE0,0xE0,0xE0,0xE0,0xE0,0xA0,0xA0},
    {0xE0,0xE0,0x24,0x20,0x00,0x00,0x00,0x00,0x00,0x00,0x00,0x00,0xA0,0xA0,0x00,0x00,0xA0,0xA0,0x00,0x00,0x00,0x00,0x00,0x00,0x00,0x00,0x24,0x20,0xE0,0xE0},
    {0xE0,0xE0,0x20,0x20,0x00,0x00,0x00,0x00,0x00,0x00,0x00,0x00,0xA0,0xA0,0x00,0x00,0xA0,0xA0,0x00,0x00,0x00,0x00,0x00,0x00,0x00,0x00,0x20,0x20,0xE0,0xE0},
    {0xE0,0xE0,0xE0,0xE0,0x00,0x00,0x00,0x00,0x38,0x38,0x00,0x00,0xA0,0xA0,0x00,0x00,0xA0,0xA0,0x00,0x00,0x38,0x38,0x00,0x00,0x00,0x00,0xE0,0xE0,0xE0,0xE0},
    {0xA0,0xA0,0x00,0x00,0x00,0x00,0x00,0x00,0x38,0x38,0x00,0x00,0xA0,0xA0,0x00,0x00,0xA0,0xA0,0x00,0x00,0x38,0x38,0x00,0x00,0x00,0x00,0x00,0x00,0xE0,0xE0},
    {0xA2,0xA2,0x00,0x00,0x00,0x00,0x00,0x00,0x00,0x00,0x00,0x00,0xA0,0xA0,0x00,0x00,0xA0,0xA0,0x00,0x00,0x00,0x00,0x00,0x00,0x00,0x00,0x00,0x00,0xE0,0xE0},
    {0xA2,0xA2,0x00,0x00,0x00,0x00,0x00,0x00,0x00,0x00,0x00,0x00,0xA0,0xA0,0x00,0x00,0xA0,0xA0,0x00,0x00,0x00,0x00,0x00,0x00,0x00,0x00,0x00,0x00,0xE0,0xE0},
    {0xA0,0xA0,0xE0,0xE0,0x00,0x00,0x00,0x00,0x00,0x00,0x00,0x00,0xE0,0xE0,0xA0,0xA0,0xE0,0xE0,0x00,0x00,0x00,0x00,0x00,0x00,0x00,0x00,0xE0,0xE0,0xE0,0xE0},
    {0xE0,0xE0,0x24,0x20,0x00,0x00,0x00,0x00,0x00,0x00,0x00,0x00,0xE0,0xE0,0xE0,0xE0,0xE0,0xE0,0x00,0x00,0x00,0x00,0x00,0x00,0x00,0x00,0x24,0x20,0xE0,0xE0},
    {0xE0,0xE0,0x20,0x20,0x00,0x00,0x00,0x00,0x00,0x00,0x00,0x00,0x24,0x20,0xA0,0xA0,0x24,0x20,0x00,0x00,0x00,0x00,0x00,0x00,0x00,0x00,0x20,0x20,0xE0,0xE0},
    {0xE0,0xE0,0xE0,0xE0,0x00,0x00,0x00,0x00,0x00,0x00,0x00,0x00,0x20,0x20,0xA0,0xA0,0x20,0x20,0x00,0x00,0x00,0x00,0x00,0x00,0x00,0x00,0xE0,0xE0,0xE0,0xE0},
    {0xE0,0xE0,0x00,0x00,0x00,0x00,0x00,0x00,0x00,0x00,0x00,0x00,0x00,0x00,0xA0,0xA0,0x00,0x00,0x00,0x00,0x00,0x00,0x00,0x00,0x00,0x00,0x00,0x00,0xA0,0xA0},
    {0xE0,0xE0,0x00,0x00,0x00,0x00,0x00,0x00,0x00,0x00,0x00,0x00,0x00,0x00,0xA0,0xA0,0x00,0x00,0x00,0x00,0x00,0x00,0x00,0x00,0x00,0x00,0x00,0x00,0xA2,0xA2},
    {0xE0,0xE0,0x00,0x00,0x00,0x00,0x00,0x00,0x00,0x00,0x00,0x00,0x00,0x00,0xA0,0xA0,0x00,0x00,0x00,0x00,0x00,0x00,0x00,0x00,0x00,0x00,0x00,0x00,0xA2,0xA2},
    {0xE0,0xE0,0xE0,0xE0,0xE0,0xE0,0xE0,0xE0,0xE0,0xE0,0xE0,0xE0,0xE0,0xE0,0xE0,0xE0,0xE0,0xE0,0xE0,0xE0,0xE0,0xE0,0xE0,0xE0,0xE0,0xE0,0xE0,0xE0,0xA0,0xA0},
  },
  { /* sala 47 (0x47) */
    {0xE0,0xE0,0xE0,0xE0,0xE0,0xE0,0xE0,0xE0,0xE0,0xE0,0xE0,0xE0,0xE0,0xE0,0xE0,0xE0,0xE0,0xE0,0xE0,0xE0,0xE0,0xE0,0xE0,0xE0,0xE0,0xE0,0x00,0x00,0xE0,0xE0},
    {0xE0,0xE0,0x24,0x20,0x24,0x20,0x24,0x20,0x00,0x00,0x00,0x00,0x00,0x00,0x00,0x00,0x00,0x00,0x00,0x00,0x00,0x00,0x00,0x00,0x00,0x00,0x00,0x00,0xE0,0xE0},
    {0xA0,0xA0,0x20,0x20,0x20,0x20,0x20,0x20,0x00,0x00,0x00,0x00,0x00,0x00,0x00,0x00,0x00,0x00,0x00,0x00,0x00,0x00,0x00,0x00,0x00,0x00,0x00,0x00,0xE0,0xE0},
    {0xA2,0xA2,0x00,0x00,0x00,0x00,0x00,0x00,0x00,0x00,0x38,0x38,0x00,0x00,0x00,0x00,0x00,0x00,0xA8,0xA8,0x00,0x00,0x00,0x00,0x00,0x00,0x00,0x00,0xE0,0xE0},
    {0xA2,0xA2,0x00,0x00,0x00,0x00,0x00,0x00,0x00,0x00,0x38,0x38,0x00,0x00,0x00,0x00,0x00,0x00,0xA8,0xA8,0x00,0x00,0x00,0x00,0x00,0x00,0x00,0x00,0xE0,0xE0},
    {0xA0,0xA0,0xE0,0xE0,0xE0,0xE0,0xE0,0xE0,0xE0,0xE0,0xE0,0xE0,0xE0,0xE0,0xE0,0xE0,0xE0,0xE0,0xE0,0xE0,0xE0,0xE0,0xE0,0xE0,0xE0,0xE0,0x00,0x00,0xE0,0xE0},
    {0xE0,0xE0,0x00,0x00,0x00,0x00,0x00,0x00,0x00,0x00,0x00,0x00,0x00,0x00,0x00,0x00,0x00,0x00,0x00,0x00,0x00,0x00,0x00,0x00,0x00,0x00,0x00,0x00,0xE0,0xE0},
    {0xE0,0xE0,0x00,0x00,0x00,0x00,0x00,0x00,0x00,0x00,0x00,0x00,0x00,0x00,0x00,0x00,0x00,0x00,0x00,0x00,0x00,0x00,0x00,0x00,0x00,0x00,0x00,0x00,0xE0,0xE0},
    {0xE0,0xE0,0x00,0x00,0x00,0x00,0x00,0x00,0x00,0x00,0x00,0x00,0x00,0x00,0x00,0x00,0x00,0x00,0x00,0x00,0x00,0x00,0x00,0x00,0x00,0x00,0x00,0x00,0xE0,0xE0},
    {0xE0,0xE0,0x00,0x00,0xA8,0xA8,0x00,0x00,0x00,0x00,0x00,0x00,0x00,0x00,0x00,0x00,0x00,0x00,0x00,0x00,0x00,0x00,0x00,0x00,0x00,0x00,0x00,0x00,0xE0,0xE0},
    {0xE0,0xE0,0x00,0x00,0xA8,0xA8,0x00,0x00,0x00,0x00,0x00,0x00,0x00,0x00,0x00,0x00,0x00,0x00,0x00,0x00,0x00,0x00,0x00,0x00,0x00,0x00,0x00,0x00,0xE0,0xE0},
    {0xE0,0xE0,0xE0,0xE0,0xE0,0xE0,0x00,0x00,0x00,0x00,0xA0,0xA0,0x00,0x00,0x00,0x00,0x00,0x00,0x00,0x00,0xE0,0xE0,0xE0,0xE0,0xE0,0xE0,0xE0,0xE0,0xE0,0xE0},
    {0xE0,0xE0,0x00,0x00,0x00,0x00,0x00,0x00,0x00,0x00,0x00,0x00,0x00,0x00,0x00,0x00,0x00,0x00,0x00,0x00,0x00,0x00,0xE0,0xE0,0xE0,0xE0,0xE0,0xE0,0xE0,0xE0},
    {0xE0,0xE0,0x00,0x00,0x00,0x00,0x00,0x00,0x00,0x00,0x00,0x00,0x00,0x00,0x00,0x00,0x00,0x00,0x00,0x00,0x00,0x00,0x00,0x00,0xE0,0xE0,0xE0,0xE0,0xE0,0xE0},
    {0xE0,0xE0,0x00,0x00,0x00,0x00,0xE0,0xE0,0xE0,0xE0,0xE0,0xE0,0x00,0x00,0x00,0x00,0x00,0x00,0x00,0x00,0x00,0x00,0x00,0x00,0x00,0x00,0xE0,0xE0,0xE0,0xE0},
    {0xE0,0xE0,0x00,0x00,0x00,0x00,0xE0,0xE0,0xE0,0xE0,0xE0,0xE0,0xE0,0xE0,0x00,0x00,0x00,0x00,0x00,0x00,0x00,0x00,0x00,0x00,0x00,0x00,0x00,0x00,0xE0,0xE0},
    {0xA0,0xA0,0x00,0x00,0x00,0x00,0x00,0x00,0xE0,0xE0,0xE0,0xE0,0xE0,0xE0,0xE0,0xE0,0x00,0x00,0x00,0x00,0x00,0x00,0x00,0x00,0x00,0x00,0x00,0x00,0xA0,0xA0},
    {0xA2,0xA2,0x00,0x00,0x00,0x00,0x00,0x00,0x00,0x00,0xE0,0xE0,0xE0,0xE0,0xE0,0xE0,0xE0,0xE0,0x00,0x00,0x00,0x00,0x00,0x00,0x00,0x00,0x00,0x00,0xA2,0xA2},
    {0xA2,0xA2,0x00,0x00,0x00,0x00,0x00,0x00,0x00,0x00,0xE0,0xE0,0xE0,0xE0,0xE0,0xE0,0xE0,0xE0,0xE0,0xE0,0x00,0x00,0x00,0x00,0x00,0x00,0x00,0x00,0xA2,0xA2},
    {0xA0,0xA0,0xE0,0xE0,0xE0,0xE0,0xE0,0xE0,0x00,0x00,0xE0,0xE0,0xE0,0xE0,0xE0,0xE0,0xE0,0xE0,0xE0,0xE0,0xE0,0xE0,0xE0,0xE0,0xE0,0xE0,0xE0,0xE0,0xA0,0xA0},
  },
  { /* sala 48 (0x48) */
    {0xE0,0xE0,0x00,0x00,0x00,0x00,0x00,0x00,0x00,0x00,0x00,0x00,0x00,0x00,0x00,0x00,0x00,0x00,0x00,0x00,0x00,0x00,0x24,0x20,0x24,0x20,0x24,0x20,0xE0,0xE0},
    {0xE0,0xE0,0x00,0x00,0x00,0x00,0x00,0x00,0x00,0x00,0x00,0x00,0x00,0x00,0x00,0x00,0x00,0x00,0x00,0x00,0x00,0x00,0x20,0x20,0x20,0x20,0x20,0x20,0xA0,0xA0},
    {0xE0,0xE0,0x00,0x00,0x00,0x00,0x00,0x00,0x00,0x00,0x00,0x00,0x00,0x00,0x00,0x00,0x00,0x00,0x00,0x00,0x38,0x38,0x00,0x00,0x00,0x00,0x00,0x00,0xA2,0xA2},
    {0xE0,0xE0,0x00,0x00,0x00,0x00,0x00,0x00,0x00,0x00,0x00,0x00,0x00,0x00,0x00,0x00,0x00,0x00,0x00,0x00,0x38,0x38,0x00,0x00,0x00,0x00,0x00,0x00,0xA2,0xA2},
    {0xE0,0xE0,0x00,0x00,0x00,0x00,0x00,0x00,0xA0,0xA0,0x00,0x00,0x00,0x00,0xE0,0xE0,0xE0,0xE0,0xE0,0xE0,0xE0,0xE0,0xE0,0xE0,0xE0,0xE0,0xE0,0xE0,0xA0,0xA0},
    {0xE0,0xE0,0x00,0x00,0x00,0x00,0x00,0x00,0x00,0x00,0x00,0x00,0x00,0x00,0x00,0x00,0x00,0x00,0x00,0x00,0x00,0x00,0x00,0x00,0x00,0x00,0x00,0x00,0xE0,0xE0},
    {0xE0,0xE0,0x24,0x20,0x00,0x00,0x00,0x00,0x00,0x00,0x00,0x00,0x00,0x00,0x00,0x00,0x00,0x00,0x00,0x00,0x00,0x00,0x00,0x00,0x00,0x00,0x24,0x20,0xE0,0xE0},
    {0xE0,0xE0,0x20,0x20,0x00,0x00,0x00,0x00,0x00,0x00,0x00,0x00,0x00,0x00,0x00,0x00,0x00,0x00,0x00,0x00,0x00,0x00,0x00,0x00,0x00,0x00,0x20,0x20,0xE0,0xE0},
    {0xE0,0xE0,0x00,0x00,0x00,0x00,0x00,0x00,0x00,0x00,0x00,0x00,0x00,0x00,0x00,0x00,0x00,0x00,0x00,0x00,0xA0,0xA0,0x00,0x00,0x00,0x00,0x00,0x00,0xE0,0xE0},
    {0xE0,0xE0,0x24,0x20,0x00,0x00,0x00,0x00,0x00,0x00,0x00,0x00,0x00,0x00,0xE0,0xE0,0xE0,0xE0,0x00,0x00,0x00,0x00,0x00,0x00,0x00,0x00,0x24,0x20,0xE0,0xE0},
    {0xE0,0xE0,0x20,0x20,0x00,0x00,0x00,0x00,0x00,0x00,0x00,0x00,0xE0,0xE0,0xE0,0xE0,0x00,0x00,0x00,0x00,0x00,0x00,0x00,0x00,0x00,0x00,0x20,0x20,0xE0,0xE0},
    {0xE0,0xE0,0x00,0x00,0x00,0x00,0x00,0x00,0xA0,0xA0,0x00,0x00,0x00,0x00,0x00,0x00,0x00,0x00,0x00,0x00,0x00,0x00,0x00,0x00,0x00,0x00,0x00,0x00,0xE0,0xE0},
    {0xE0,0xE0,0x00,0x00,0x00,0x00,0x00,0x00,0x00,0x00,0x00,0x00,0x00,0x00,0x00,0x00,0x00,0x00,0x00,0x00,0x00,0x00,0x00,0x00,0x00,0x00,0x00,0x00,0xE0,0xE0},
    {0xE0,0xE0,0x00,0x00,0x00,0x00,0x00,0x00,0x00,0x00,0x00,0x00,0x00,0x00,0x00,0x00,0x00,0x00,0x00,0x00,0x00,0x00,0x00,0x00,0x00,0x00,0x00,0x00,0xE0,0xE0},
    {0xE0,0xE0,0x00,0x00,0x00,0x00,0x00,0x00,0x00,0x00,0x00,0x00,0x00,0x00,0x00,0x00,0x00,0x00,0x00,0x00,0x00,0x00,0x00,0x00,0x00,0x00,0x00,0x00,0xE0,0xE0},
    {0xE0,0xE0,0xE0,0xE0,0xE0,0xE0,0xE0,0xE0,0xE0,0xE0,0xE0,0xE0,0xE0,0xE0,0xE0,0xE0,0x00,0x00,0x00,0x00,0xA0,0xA0,0x00,0x00,0x00,0x00,0x00,0x00,0xE0,0xE0},
    {0xA0,0xA0,0x00,0x00,0x00,0x00,0x00,0x00,0x00,0x00,0x00,0x00,0x00,0x00,0x00,0x00,0x00,0x00,0x00,0x00,0x00,0x00,0x00,0x00,0x00,0x00,0x00,0x00,0xE0,0xE0},
    {0xA2,0xA2,0x00,0x00,0x00,0x00,0x00,0x00,0xA8,0xA8,0x00,0x00,0x00,0x00,0x00,0x00,0x00,0x00,0x00,0x00,0x00,0x00,0x00,0x00,0x00,0x00,0x00,0x00,0xE0,0xE0},
    {0xA2,0xA2,0x00,0x00,0x00,0x00,0x00,0x00,0xA8,0xA8,0x00,0x00,0x00,0x00,0x00,0x00,0x00,0x00,0x00,0x00,0x00,0x00,0x00,0x00,0x00,0x00,0x00,0x00,0xE0,0xE0},
    {0xA0,0xA0,0xE0,0xE0,0xE0,0xE0,0xE0,0xE0,0xE0,0xE0,0xE0,0xE0,0xE0,0xE0,0xE0,0xE0,0xE0,0xE0,0xE0,0xE0,0xE0,0xE0,0xE0,0xE0,0xE0,0xE0,0xE0,0xE0,0xE0,0xE0},
  },
  { /* sala 49 (0x49) */
    {0xE0,0xE0,0xE0,0xE0,0xE0,0xE0,0xE0,0xE0,0xE0,0xE0,0xE0,0xE0,0xE0,0xE0,0x00,0x00,0x00,0x00,0xE0,0xE0,0xE0,0xE0,0xE0,0xE0,0xE0,0xE0,0x00,0x00,0x00,0x00},
    {0xA0,0xA0,0x00,0x00,0xA8,0xA8,0x00,0x00,0x00,0x00,0x00,0x00,0x00,0x00,0x00,0x00,0x00,0x00,0x00,0x00,0x00,0x00,0x00,0x00,0xA0,0xA0,0x00,0x00,0x00,0x00},
    {0xA2,0xA2,0x00,0x00,0xA8,0xA8,0x00,0x00,0x00,0x00,0x00,0x00,0x00,0x00,0x00,0x00,0x00,0x00,0x00,0x00,0x00,0x00,0x00,0x00,0xA0,0xA0,0x00,0x00,0x00,0x00},
    {0xA2,0xA2,0x00,0x00,0xA1,0xA1,0xA1,0xA1,0xA1,0xA1,0xA1,0xA1,0xA1,0xA1,0xA1,0xA1,0xA1,0xA1,0xA1,0xA1,0xA1,0xA1,0x00,0x00,0xA0,0xA0,0x00,0x00,0x00,0x00},
    {0xA0,0xA0,0x00,0x00,0x00,0x00,0xE0,0xE0,0xE0,0xE0,0xE0,0xE0,0xE0,0xE0,0x18,0x18,0xE0,0xE0,0xE0,0xE0,0x18,0x18,0x00,0x00,0xA0,0xA0,0x00,0x00,0x00,0x00},
    {0xE0,0xE0,0x00,0x00,0x00,0x00,0xE0,0xE0,0xE0,0xE0,0xE0,0xE0,0xE0,0xE0,0xA8,0xA8,0xE0,0xE0,0xE0,0xE0,0xA8,0xA8,0x00,0x00,0xA0,0xA0,0x00,0x00,0x00,0x00},
    {0xE0,0xE0,0x00,0x00,0x00,0x00,0x00,0x00,0x24,0x20,0x24,0x20,0x24,0x20,0x00,0x00,0x00,0x00,0x00,0x00,0x00,0x00,0x00,0x00,0xA0,0xA0,0x00,0x00,0x00,0x00},
    {0xE0,0xE0,0x00,0x00,0x00,0x00,0x00,0x00,0x20,0x20,0x20,0x20,0x20,0x20,0x00,0x00,0x00,0x00,0x00,0x00,0x00,0x00,0x00,0x00,0xA0,0xA0,0x00,0x00,0x00,0x00},
    {0xE0,0xE0,0x00,0x00,0x00,0x00,0x00,0x00,0x00,0x00,0x00,0x00,0x00,0x00,0x00,0x00,0x00,0x00,0x00,0x00,0x00,0x00,0x00,0x00,0xA0,0xA0,0x00,0x00,0x00,0x00},
    {0xE0,0xE0,0x00,0x00,0x00,0x00,0x00,0x00,0x00,0x00,0x00,0x00,0x00,0x00,0x00,0x00,0x00,0x00,0x00,0x00,0x00,0x00,0x00,0x00,0xA0,0xA0,0x00,0x00,0x00,0x00},
    {0xE0,0xE0,0x00,0x00,0x00,0x00,0x00,0x00,0x00,0x00,0x00,0x00,0x00,0x00,0x00,0x00,0x00,0x00,0x00,0x00,0x00,0x00,0x00,0x00,0xA0,0xA0,0x00,0x00,0x00,0x00},
    {0xE0,0xE0,0x00,0x00,0x00,0x00,0x00,0x00,0x00,0x00,0x00,0x00,0x00,0x00,0x00,0x00,0x00,0x00,0x00,0x00,0x00,0x00,0x00,0x00,0xA0,0xA0,0x00,0x00,0x00,0x00},
    {0xE0,0xE0,0xA1,0xA1,0xA1,0xA1,0xA1,0xA1,0xA1,0xA1,0xA1,0xA1,0xA1,0xA1,0xA1,0xA1,0xA1,0xA1,0xA1,0xA1,0x00,0x00,0x00,0x00,0xA0,0xA0,0x00,0x00,0x00,0x00},
    {0xE0,0xE0,0xE0,0xE0,0xE0,0xE0,0xE0,0xE0,0xE0,0xE0,0xE0,0xE0,0xE0,0xE0,0xE0,0xE0,0xE0,0xE0,0xE0,0xE0,0x00,0x00,0x00,0x00,0xA0,0xA0,0x00,0x00,0x00,0x00},
    {0xE0,0xE0,0x00,0x00,0x00,0x00,0x00,0x00,0x00,0x00,0x38,0x38,0x00,0x00,0x00,0x00,0x00,0x00,0x00,0x00,0x00,0x00,0x00,0x00,0xA0,0xA0,0x00,0x00,0x00,0x00},
    {0xE0,0xE0,0x00,0x00,0x00,0x00,0x00,0x00,0x00,0x00,0x38,0x38,0x00,0x00,0x00,0x00,0x00,0x00,0x00,0x00,0x00,0x00,0x00,0x00,0xA0,0xA0,0x00,0x00,0x00,0x00},
    {0xE0,0xE0,0x00,0x00,0xE0,0xE0,0xE0,0xE0,0xE0,0xE0,0xE0,0xE0,0xE0,0xE0,0xE0,0xE0,0xE0,0xE0,0xE0,0xE0,0xE0,0xE0,0xE0,0xE0,0xE0,0xE0,0x00,0x00,0x00,0x00},
    {0xE0,0xE0,0x00,0x00,0x00,0x00,0x00,0x00,0x00,0x00,0x00,0x00,0x00,0x00,0x00,0x00,0x00,0x00,0x00,0x00,0x00,0x00,0x00,0x00,0xA8,0xA8,0x00,0x00,0x00,0x00},
    {0xE0,0xE0,0x00,0x00,0x00,0x00,0x00,0x00,0x00,0x00,0x00,0x00,0x00,0x00,0x00,0x00,0x00,0x00,0x00,0x00,0x00,0x00,0x00,0x00,0xA8,0xA8,0x00,0x00,0x00,0x00},
    {0xE0,0xE0,0xA0,0xA0,0xE0,0xE0,0xE0,0xE0,0xE0,0xE0,0xE0,0xE0,0xE0,0xE0,0xE0,0xE0,0xE0,0xE0,0xE0,0xE0,0xE0,0xE0,0xE0,0xE0,0xE0,0xE0,0x00,0x00,0x00,0x00},
  },
  { /* sala 50 (0x50) */
    {0xE0,0xE0,0x00,0x00,0x00,0x00,0xE0,0xE0,0xE0,0xE0,0xE0,0xE0,0xE0,0xE0,0xE0,0xE0,0xE0,0xE0,0xE0,0xE0,0xE0,0xE0,0xE0,0xE0,0x00,0x00,0x10,0x10,0xE0,0xE0},
    {0xE0,0xE0,0x00,0x00,0x00,0x00,0x00,0x00,0x00,0x00,0x00,0x00,0x00,0x00,0x00,0x00,0x00,0x00,0x00,0x00,0x00,0x00,0xA0,0xA0,0x00,0x00,0x10,0x10,0xE0,0xE0},
    {0xE0,0xE0,0x00,0x00,0x00,0x00,0x00,0x00,0x00,0x00,0x00,0x00,0x00,0x00,0x00,0x00,0x00,0x00,0x00,0x00,0x00,0x00,0xA0,0xA0,0x00,0x00,0x10,0x10,0xE0,0xE0},
    {0xE0,0xE0,0x00,0x00,0x00,0x00,0x00,0x00,0x00,0x00,0x00,0x00,0x00,0x00,0x00,0x00,0x00,0x00,0x00,0x00,0x00,0x00,0xA0,0xA0,0x00,0x00,0x10,0x10,0xE0,0xE0},
    {0xE0,0xE0,0x00,0x00,0x00,0x00,0xE0,0xE0,0xE0,0xE0,0xE0,0xE0,0xE0,0xE0,0xE0,0xE0,0xE0,0xE0,0x00,0x00,0x00,0x00,0xA0,0xA0,0x00,0x00,0x10,0x10,0xE0,0xE0},
    {0xE0,0xE0,0x00,0x00,0x00,0x00,0xA0,0xA0,0x00,0x00,0x00,0x00,0x00,0x00,0x00,0x00,0xA0,0xA0,0x00,0x00,0xA0,0xA0,0xA0,0xA0,0x00,0x00,0x10,0x10,0xE0,0xE0},
    {0xE0,0xE0,0x00,0x00,0x00,0x00,0xA0,0xA0,0x00,0x00,0x00,0x00,0x24,0x20,0x00,0x00,0xA0,0xA0,0x00,0x00,0xA0,0xA0,0xA0,0xA0,0x00,0x00,0x10,0x10,0xE0,0xE0},
    {0xE0,0xE0,0x00,0x00,0x00,0x00,0xA0,0xA0,0x00,0x00,0x00,0x00,0x20,0x20,0x00,0x00,0xA0,0xA0,0x00,0x00,0xA0,0xA0,0xA0,0xA0,0x00,0x00,0x10,0x10,0xE0,0xE0},
    {0xE0,0xE0,0x00,0x00,0x00,0x00,0xA0,0xA0,0x00,0x00,0x00,0x00,0x00,0x00,0x00,0x00,0xA0,0xA0,0x00,0x00,0xA0,0xA0,0xA0,0xA0,0x00,0x00,0x10,0x10,0xE0,0xE0},
    {0xE0,0xE0,0x00,0x00,0x00,0x00,0xA0,0xA0,0x00,0x00,0x00,0x00,0x00,0x00,0x00,0x00,0xA0,0xA0,0x00,0x00,0xA0,0xA0,0xA0,0xA0,0x00,0x00,0x10,0x10,0xE0,0xE0},
    {0xE0,0xE0,0xA0,0xA0,0xA0,0xA0,0xE0,0xE0,0x00,0x00,0xE0,0xE0,0xE0,0xE0,0xE0,0xE0,0xE0,0xE0,0x00,0x00,0xA0,0xA0,0xE0,0xE0,0x24,0x20,0x10,0x10,0xE0,0xE0},
    {0xE0,0xE0,0x00,0x20,0x20,0x00,0xE0,0xE0,0x10,0x10,0x10,0x10,0x10,0x10,0x10,0x10,0x10,0x10,0x10,0x10,0xE0,0xE0,0xE0,0xE0,0x20,0x20,0x10,0x10,0xE0,0xE0},
    {0xE0,0xE0,0x00,0x20,0x20,0x00,0xE0,0xE0,0x10,0x10,0x10,0x10,0x10,0x10,0x10,0x10,0x10,0x10,0x10,0x10,0xE0,0xE0,0xE0,0xE0,0x00,0x00,0x10,0x10,0xE0,0xE0},
    {0xE0,0xE0,0x00,0x20,0x20,0x00,0xE0,0xE0,0xE0,0xE0,0x10,0x10,0x10,0x10,0x10,0x10,0x10,0x10,0xE0,0xE0,0xE0,0xE0,0xE0,0xE0,0x00,0x00,0x10,0x10,0xE0,0xE0},
    {0xE0,0xE0,0x00,0x20,0x20,0x00,0x00,0x00,0xE0,0xE0,0xE0,0xE0,0x10,0x10,0x10,0x10,0xE0,0xE0,0xE0,0xE0,0xE0,0xE0,0xE0,0xE0,0x00,0x00,0x10,0x10,0xE0,0xE0},
    {0xE0,0xE0,0x00,0x20,0x20,0x00,0x00,0x00,0xE0,0xE0,0xE0,0xE0,0xE0,0xE0,0xE0,0xE0,0xE0,0xE0,0xE0,0xE0,0xE0,0xE0,0xE0,0xE0,0x00,0x00,0x10,0x10,0xE0,0xE0},
    {0xE0,0xE0,0x00,0x20,0x20,0x00,0x00,0x00,0x00,0x00,0xE0,0xE0,0xE0,0xE0,0xE0,0xE0,0xE0,0xE0,0xE0,0xE0,0xE0,0xE0,0x00,0x00,0x00,0x00,0x00,0x00,0xA0,0xA0},
    {0xE0,0xE0,0x00,0x20,0x20,0x00,0x00,0x00,0x00,0x00,0x00,0x00,0x00,0x00,0x00,0x00,0x00,0x00,0x00,0x00,0x00,0x00,0x00,0x00,0x00,0x00,0x00,0x00,0xA2,0xA2},
    {0xE0,0xE0,0x00,0x20,0x20,0x00,0x00,0x00,0x00,0x00,0x00,0x00,0x00,0x00,0x00,0x00,0x00,0x00,0x00,0x00,0x00,0x00,0x00,0x00,0x00,0x00,0x00,0x00,0xA2,0xA2},
    {0xE0,0xE0,0xE0,0xE0,0xE0,0xE0,0xE0,0xE0,0xE0,0xE0,0xE0,0xE0,0xE0,0xE0,0x00,0x00,0xE0,0xE0,0xE0,0xE0,0xE0,0xE0,0xE0,0xE0,0xE0,0xE0,0xE0,0xE0,0xA0,0xA0},
  },
  { /* sala 51 (0x51) */
    {0xE0,0xE0,0x24,0x20,0xE0,0xE0,0xE0,0xE0,0xE0,0xE0,0x24,0x20,0x00,0x00,0x00,0x00,0x00,0x00,0x24,0x20,0xE0,0xE0,0xE0,0xE0,0xE0,0xE0,0x00,0x00,0xE0,0xE0},
    {0xE0,0xE0,0x20,0x20,0x00,0x00,0xE0,0xE0,0xE0,0xE0,0x20,0x20,0x00,0x00,0x00,0x00,0x00,0x00,0x20,0x20,0xE0,0xE0,0xE0,0xE0,0x00,0x00,0x00,0x00,0xA0,0xA0},
    {0xE0,0xE0,0x00,0x00,0x00,0x00,0x00,0x00,0xE0,0xE0,0x00,0x00,0x00,0x00,0x00,0x00,0x00,0x00,0x00,0x00,0xE0,0xE0,0x00,0x00,0x00,0x00,0x00,0x00,0xA2,0xA2},
    {0xE0,0xE0,0x00,0x00,0x00,0x00,0x00,0x00,0x00,0x00,0x00,0x00,0x00,0x00,0x00,0x00,0x00,0x00,0x00,0x00,0x00,0x00,0x00,0x00,0x00,0x00,0x00,0x00,0xA2,0xA2},
    {0xE0,0xE0,0x00,0x00,0x00,0x00,0x00,0x00,0xA0,0xA0,0x00,0x00,0x00,0x00,0x00,0x00,0x00,0x00,0x00,0x00,0x00,0x00,0x00,0x00,0x00,0x00,0x00,0x00,0xA0,0xA0},
    {0xE0,0xE0,0x00,0x00,0x00,0x00,0x00,0x00,0xE0,0xE0,0x00,0x00,0x00,0x00,0x00,0x00,0x00,0x00,0x00,0x00,0xE0,0xE0,0x00,0x00,0x00,0x00,0x00,0x00,0xE0,0xE0},
    {0xE0,0xE0,0x00,0x00,0x00,0x00,0xE0,0xE0,0xE0,0xE0,0xE0,0xE0,0x00,0x00,0x00,0x00,0x00,0x00,0xE0,0xE0,0xE0,0xE0,0xE0,0xE0,0x00,0x00,0x00,0x00,0xE0,0xE0},
    {0xE0,0xE0,0x00,0x00,0xE0,0xE0,0xE0,0xE0,0xE0,0xE0,0xE0,0xE0,0xE0,0xE0,0xE0,0xE0,0xE0,0xE0,0xE0,0xE0,0xE0,0xE0,0xE0,0xE0,0xE0,0xE0,0x00,0x00,0xE0,0xE0},
    {0xE0,0xE0,0x00,0x00,0x00,0x00,0x00,0x00,0x00,0x00,0x00,0x00,0x24,0x20,0x24,0x20,0x24,0x20,0x00,0x00,0x00,0x00,0x00,0x00,0x00,0x00,0x00,0x00,0xE0,0xE0},
    {0xE0,0xE0,0x00,0x00,0x00,0x00,0x00,0x00,0x00,0x00,0x00,0x00,0x20,0x20,0x20,0x20,0x20,0x20,0x00,0x00,0x00,0x00,0x00,0x00,0x00,0x00,0x00,0x00,0xE0,0xE0},
    {0xE0,0xE0,0x00,0x00,0x00,0x00,0x00,0x00,0x00,0x00,0x00,0x00,0x00,0x00,0x00,0x00,0x00,0x00,0x00,0x00,0x00,0x00,0x00,0x00,0x00,0x00,0x00,0x00,0xE0,0xE0},
    {0xE0,0xE0,0xA0,0xA0,0x00,0x00,0x00,0x00,0x00,0x00,0x00,0x00,0x00,0x00,0x00,0x00,0x00,0x00,0x00,0x00,0x00,0x00,0x00,0x00,0x00,0x00,0x00,0x00,0xE0,0xE0},
    {0xE0,0xE0,0x00,0x00,0xA8,0xA8,0x00,0x00,0x00,0x00,0x00,0x00,0x00,0x00,0x00,0x00,0x00,0x00,0x00,0x00,0x00,0x00,0x00,0x00,0xA8,0xA8,0x00,0x00,0xE0,0xE0},
    {0xE0,0xE0,0xE0,0xE0,0xA8,0xA8,0x00,0x00,0x00,0x00,0x00,0x00,0x00,0x00,0x00,0x00,0x00,0x00,0x00,0x00,0x00,0x00,0x00,0x00,0xA8,0xA8,0xE0,0xE0,0xE0,0xE0},
    {0xE0,0xE0,0xE0,0xE0,0xE0,0xE0,0x00,0x00,0x00,0x00,0x00,0x00,0x00,0x00,0x00,0x00,0x00,0x00,0x00,0x00,0x00,0x00,0x00,0x00,0xE0,0xE0,0xE0,0xE0,0xE0,0xE0},
    {0xE0,0xE0,0xE0,0xE0,0x00,0x00,0x00,0x00,0x00,0x00,0x00,0x00,0xA0,0xA0,0x00,0x00,0x00,0x00,0x00,0x00,0x00,0x00,0x00,0x00,0x00,0x00,0xE0,0xE0,0xE0,0xE0},
    {0xA0,0xA0,0x00,0x00,0x00,0x00,0x00,0x00,0x00,0x00,0x00,0x00,0x00,0x00,0x00,0x00,0x00,0x00,0x00,0x00,0x00,0x00,0x00,0x00,0x00,0x00,0x00,0x00,0xE0,0xE0},
    {0xA2,0xA2,0x00,0x00,0x00,0x00,0x00,0x00,0x00,0x00,0x00,0x00,0x38,0x38,0x00,0x00,0x00,0x00,0x00,0x00,0x00,0x00,0x00,0x00,0x00,0x00,0x00,0x00,0xE0,0xE0},
    {0xA2,0xA2,0x00,0x00,0x00,0x00,0x00,0x00,0x00,0x00,0x00,0x00,0x38,0x38,0x00,0x00,0x00,0x00,0x00,0x00,0x00,0x00,0x00,0x00,0x00,0x00,0x00,0x00,0xE0,0xE0},
    {0xA0,0xA0,0xE0,0xE0,0xE0,0xE0,0xE0,0xE0,0xE0,0xE0,0xE0,0xE0,0xE0,0xE0,0xE0,0xE0,0xE0,0xE0,0xE0,0xE0,0xE0,0xE0,0xE0,0xE0,0xE0,0xE0,0xE0,0xE0,0xE0,0xE0},
  },
  { /* sala 52 (0x52) */
    {0xE0,0xE0,0x24,0x20,0x00,0x00,0xE0,0xE0,0xE0,0xE0,0xE0,0xE0,0xE0,0xE0,0xE0,0xE0,0xE0,0xE0,0xE0,0xE0,0xE0,0xE0,0xE0,0xE0,0x00,0x00,0x24,0x20,0xE0,0xE0},
    {0xA0,0xA0,0x20,0x20,0x00,0x00,0x00,0x00,0x00,0x00,0xE0,0xE0,0xE0,0xE0,0xE0,0xE0,0xE0,0xE0,0xE0,0xE0,0x00,0x00,0x00,0x00,0x00,0x00,0x20,0x20,0xA0,0xA0},
    {0xA2,0xA2,0x00,0x00,0x00,0x00,0x00,0x00,0x00,0x00,0x00,0x00,0xE0,0xE0,0xE0,0xE0,0xE0,0xE0,0x00,0x00,0x00,0x00,0x00,0x00,0x00,0x00,0x00,0x00,0xA2,0xA2},
    {0xA2,0xA2,0x00,0x00,0x00,0x00,0x00,0x00,0x00,0x00,0x00,0x00,0x00,0x00,0xE0,0xE0,0x00,0x00,0x00,0x00,0x00,0x00,0x00,0x00,0x00,0x00,0x00,0x00,0xA2,0xA2},
    {0xA0,0xA0,0x00,0x00,0x00,0x00,0x00,0x00,0x00,0x00,0xA0,0xA0,0x00,0x00,0xE0,0xE0,0x00,0x00,0xA0,0xA0,0x00,0x00,0x00,0x00,0x00,0x00,0x00,0x00,0xA0,0xA0},
    {0xE0,0xE0,0x00,0x00,0x00,0x00,0x00,0x00,0x00,0x00,0x00,0x00,0x00,0x00,0x00,0x00,0x00,0x00,0x00,0x00,0x00,0x00,0x00,0x00,0x00,0x00,0x00,0x00,0xE0,0xE0},
    {0xE0,0xE0,0x00,0x00,0x00,0x00,0x00,0x00,0x00,0x00,0x00,0x00,0x00,0x00,0x00,0x00,0x00,0x00,0x00,0x00,0x00,0x00,0x00,0x00,0x00,0x00,0x00,0x00,0xE0,0xE0},
    {0xE0,0xE0,0x00,0x00,0x00,0x00,0x00,0x00,0x00,0x00,0x00,0x00,0x00,0x00,0xE0,0xE0,0x00,0x00,0x00,0x00,0x00,0x00,0x00,0x00,0x00,0x00,0x00,0x00,0xE0,0xE0},
    {0xE0,0xE0,0x00,0x00,0x00,0x00,0x00,0x00,0x00,0x00,0x00,0x00,0x00,0x00,0xA0,0xA0,0x00,0x00,0x00,0x00,0x00,0x00,0x00,0x00,0x00,0x00,0x00,0x00,0xE0,0xE0},
    {0xE0,0xE0,0xE0,0xE0,0x00,0x00,0x00,0x00,0x00,0x00,0x00,0x00,0x00,0x00,0xA0,0xA0,0x00,0x00,0x00,0x00,0x00,0x00,0x00,0x00,0x00,0x00,0xE0,0xE0,0xE0,0xE0},
    {0xE0,0xE0,0xE0,0xE0,0xE0,0xE0,0x00,0x00,0x00,0x00,0x00,0x00,0x00,0x00,0xA0,0xA0,0x00,0x00,0x00,0x00,0x00,0x00,0x00,0x00,0xE0,0xE0,0xE0,0xE0,0xE0,0xE0},
    {0xE0,0xE0,0x00,0x00,0xA0,0xA0,0x00,0x00,0x00,0x00,0x00,0x00,0x00,0x00,0xE0,0xE0,0x00,0x00,0x00,0x00,0x00,0x00,0x00,0x00,0xA0,0xA0,0x00,0x00,0xE0,0xE0},
    {0xE0,0xE0,0xE0,0xE0,0xE0,0xE0,0x00,0x00,0x00,0x00,0x00,0x00,0x00,0x00,0xE0,0xE0,0x00,0x00,0x00,0x00,0x00,0x00,0x00,0x00,0xE0,0xE0,0xE0,0xE0,0xE0,0xE0},
    {0xE0,0xE0,0xE0,0xE0,0x00,0x00,0x00,0x00,0x00,0x00,0x00,0x00,0x00,0x00,0x24,0x20,0x00,0x00,0x00,0x00,0x00,0x00,0x00,0x00,0x00,0x00,0xE0,0xE0,0xE0,0xE0},
    {0xE0,0xE0,0x00,0x00,0x00,0x00,0x00,0x00,0x00,0x00,0x00,0x00,0x00,0x00,0x20,0x20,0x00,0x00,0x00,0x00,0x00,0x00,0x00,0x00,0x00,0x00,0x00,0x00,0xE0,0xE0},
    {0xE0,0xE0,0x00,0x00,0x00,0x00,0x00,0x00,0x00,0x00,0x00,0x00,0x00,0x00,0xE0,0xE0,0x00,0x00,0x00,0x00,0x00,0x00,0x00,0x00,0x00,0x00,0x00,0x00,0xE0,0xE0},
    {0xE0,0xE0,0x00,0x00,0x00,0x00,0x00,0x00,0x00,0x00,0x00,0x00,0xE0,0xE0,0xE0,0xE0,0xE0,0xE0,0x00,0x00,0x00,0x00,0x00,0x00,0x00,0x00,0x00,0x00,0xE0,0xE0},
    {0xE0,0xE0,0x24,0x20,0x24,0x20,0x24,0x20,0x00,0x00,0xE0,0xE0,0xE0,0xE0,0xE0,0xE0,0xE0,0xE0,0xE0,0xE0,0x00,0x00,0x24,0x20,0x24,0x20,0x24,0x20,0xE0,0xE0},
    {0xE0,0xE0,0x20,0x20,0x20,0x20,0x20,0x20,0xE0,0xE0,0xE0,0xE0,0xE0,0xE0,0xE0,0xE0,0xE0,0xE0,0xE0,0xE0,0xE0,0xE0,0x20,0x20,0x20,0x20,0x20,0x20,0xE0,0xE0},
    {0xE0,0xE0,0xE0,0xE0,0xE0,0xE0,0xE0,0xE0,0xE0,0xE0,0xE0,0xE0,0xE0,0xE0,0xE0,0xE0,0xE0,0xE0,0xE0,0xE0,0xE0,0xE0,0xE0,0xE0,0xE0,0xE0,0xE0,0xE0,0xE0,0xE0},
  },
  { /* sala 53 (0x53) */
    {0xE0,0xE0,0xE0,0xE0,0xE0,0xE0,0xE0,0xE0,0xE0,0xE0,0xE0,0xE0,0xE0,0xE0,0xE0,0xE0,0xE0,0xE0,0xE0,0xE0,0xE0,0xE0,0xE0,0xE0,0xE0,0xE0,0x00,0x00,0xE0,0xE0},
    {0xA0,0xA0,0x00,0x00,0x00,0x00,0x00,0x00,0x00,0x00,0x00,0x00,0x00,0x00,0x00,0x00,0x00,0x00,0x00,0x00,0x00,0x00,0x00,0x00,0xE0,0xE0,0x00,0x00,0xE0,0xE0},
    {0xA2,0xA2,0x00,0x00,0x38,0x38,0x00,0x00,0x00,0x00,0x00,0x00,0x38,0x38,0x00,0x00,0x00,0x00,0x00,0x00,0x00,0x00,0x00,0x00,0xE0,0xE0,0x00,0x00,0xE0,0xE0},
    {0xA2,0xA2,0x00,0x00,0x38,0x38,0x00,0x00,0x00,0x00,0x00,0x00,0x38,0x38,0x00,0x00,0x00,0x00,0x00,0x00,0x00,0x00,0x00,0x00,0xA0,0xA0,0x00,0x00,0xA0,0xA0},
    {0xA0,0xA0,0x00,0x00,0xE0,0xE0,0xE0,0xE0,0x00,0x00,0x00,0x00,0xE0,0xE0,0xE0,0xE0,0x00,0x00,0x00,0x00,0x00,0x00,0x00,0x00,0xA0,0xA0,0x00,0x00,0xA0,0xA0},
    {0xE0,0xE0,0x00,0x00,0x00,0x00,0x00,0x00,0x00,0x00,0x00,0x00,0x00,0x00,0x00,0x00,0x00,0x00,0x00,0x00,0x00,0x00,0x00,0x00,0xA0,0xA0,0x00,0x00,0xA0,0xA0},
    {0xE0,0xE0,0x00,0x00,0x00,0x00,0x38,0x38,0x00,0x00,0x00,0x00,0x00,0x00,0x38,0x38,0x00,0x00,0x00,0x00,0x00,0x00,0x00,0x00,0xA0,0xA0,0x00,0x00,0xA0,0xA0},
    {0xE0,0xE0,0x00,0x00,0x00,0x00,0x38,0x38,0x00,0x00,0x00,0x00,0x00,0x00,0x38,0x38,0x00,0x00,0x00,0x00,0x00,0x00,0x00,0x00,0xA0,0xA0,0x00,0x00,0xA0,0xA0},
    {0xE0,0xE0,0x00,0x00,0x00,0x00,0xE0,0xE0,0xE0,0xE0,0x00,0x00,0x00,0x00,0xE0,0xE0,0xE0,0xE0,0x00,0x00,0x00,0x00,0x00,0x00,0xA0,0xA0,0x00,0x00,0xA0,0xA0},
    {0xE0,0xE0,0x00,0x00,0x00,0x00,0x00,0x00,0x00,0x00,0x00,0x00,0x00,0x00,0x00,0x00,0x00,0x00,0x00,0x00,0x00,0x00,0x00,0x00,0xA0,0xA0,0x00,0x00,0xA0,0xA0},
    {0xE0,0xE0,0x00,0x00,0x00,0x00,0x00,0x00,0x38,0x38,0x00,0x00,0x00,0x00,0x00,0x00,0x38,0x38,0x00,0x00,0x00,0x00,0x00,0x00,0xA0,0xA0,0x00,0x00,0xA0,0xA0},
    {0xE0,0xE0,0x00,0x00,0x00,0x00,0x00,0x00,0x38,0x38,0x00,0x00,0x00,0x00,0x00,0x00,0x38,0x38,0x00,0x00,0x00,0x00,0x00,0x00,0xA0,0xA0,0xA0,0xA0,0xA0,0xA0},
    {0xE0,0xE0,0xE0,0xE0,0x00,0x00,0x00,0x00,0xE0,0xE0,0xE0,0xE0,0x00,0x00,0x00,0x00,0xE0,0xE0,0xE0,0xE0,0x00,0x00,0x00,0x00,0xA0,0xA0,0xA0,0xA0,0xA0,0xA0},
    {0xE0,0xE0,0x00,0x00,0x00,0x00,0x00,0x00,0x00,0x00,0x00,0x00,0x00,0x00,0x00,0x00,0x00,0x00,0x00,0x00,0x00,0x00,0x00,0x00,0xA0,0xA0,0xA0,0xA0,0xA0,0xA0},
    {0xE0,0xE0,0x00,0x00,0x00,0x00,0x00,0x00,0x00,0x00,0x38,0x38,0x00,0x00,0x00,0x00,0x00,0x00,0x38,0x38,0x00,0x00,0x00,0x00,0xA0,0xA0,0xA0,0xA0,0xA0,0xA0},
    {0xE0,0xE0,0x00,0x00,0x00,0x00,0x00,0x00,0x00,0x00,0x38,0x38,0x00,0x00,0x00,0x00,0x00,0x00,0x38,0x38,0x00,0x00,0x00,0x00,0xE0,0xE0,0xA0,0xA0,0xE0,0xE0},
    {0xE0,0xE0,0x00,0x00,0x00,0x00,0x00,0x00,0x00,0x00,0xE0,0xE0,0xE0,0xE0,0x00,0x00,0x00,0x00,0xE0,0xE0,0xE0,0xE0,0x00,0x00,0xA0,0xA0,0xA0,0xA0,0xE0,0xE0},
    {0xE0,0xE0,0x00,0x00,0xA8,0xA8,0x00,0x00,0x00,0x00,0x00,0x00,0x00,0x00,0x00,0x00,0x00,0x00,0x00,0x00,0x00,0x00,0x00,0x00,0xA2,0xA2,0xA0,0xA0,0xE0,0xE0},
    {0xE0,0xE0,0x00,0x00,0xA8,0xA8,0x00,0x00,0x00,0x00,0x00,0x00,0x00,0x00,0x00,0x00,0x00,0x00,0x00,0x00,0x00,0x00,0x00,0x00,0xA2,0xA2,0xA0,0xA0,0xE0,0xE0},
    {0xE0,0xE0,0xE0,0xE0,0xE0,0xE0,0xE0,0xE0,0xE0,0xE0,0xE0,0xE0,0xE0,0xE0,0xE0,0xE0,0xE0,0xE0,0xE0,0xE0,0xE0,0xE0,0xE0,0xE0,0xE0,0xE0,0xA0,0xA0,0xE0,0xE0},
  },
  { /* sala 54 (0x54) */
    {0xE0,0xE0,0xE0,0xE0,0xE0,0xE0,0xE0,0xE0,0xE0,0xE0,0xE0,0xE0,0x00,0x00,0xE0,0xE0,0xE0,0xE0,0xE0,0xE0,0xE0,0xE0,0xE0,0xE0,0xE0,0xE0,0xE0,0xE0,0xE0,0xE0},
    {0xE0,0xE0,0xE0,0xE0,0xE0,0xE0,0xE0,0xE0,0xE0,0xE0,0xE0,0xE0,0x00,0x00,0xE0,0xE0,0xE0,0xE0,0xE0,0xE0,0xE0,0xE0,0xE0,0xE0,0xE0,0xE0,0x00,0x00,0xE0,0xE0},
    {0xE0,0xE0,0xE0,0xE0,0xE0,0xE0,0xE0,0xE0,0xE0,0xE0,0xE0,0xE0,0x24,0x20,0xE0,0xE0,0xE0,0xE0,0xE0,0xE0,0xE0,0xE0,0xE0,0xE0,0x00,0x00,0x00,0x00,0xE0,0xE0},
    {0xA0,0xA0,0x00,0x00,0xA0,0xA0,0x00,0x00,0xE0,0xE0,0xE0,0xE0,0x20,0x20,0xE0,0xE0,0xE0,0xE0,0xE0,0xE0,0xE0,0xE0,0x00,0x00,0x00,0x00,0x00,0x00,0xE0,0xE0},
    {0xA0,0xA0,0x00,0x00,0xA0,0xA0,0x00,0x00,0xE0,0xE0,0xE0,0xE0,0x00,0x00,0xE0,0xE0,0xE0,0xE0,0xE0,0xE0,0x00,0x00,0x00,0x00,0x00,0x00,0x00,0x00,0xE0,0xE0},
    {0xA0,0xA0,0x00,0x00,0xA0,0xA0,0x00,0x00,0xE0,0xE0,0x24,0x20,0x24,0x20,0x24,0x20,0xE0,0xE0,0x00,0x00,0x00,0x00,0x00,0x00,0x00,0x00,0x00,0x00,0xA0,0xA0},
    {0xA0,0xA0,0x00,0x00,0xA0,0xA0,0x00,0x00,0x00,0x00,0x20,0x20,0x20,0x20,0x20,0x20,0x00,0x00,0x00,0x00,0x00,0x00,0x00,0x00,0x00,0x00,0x00,0x00,0xA2,0xA2},
    {0xA0,0xA0,0x00,0x00,0xA0,0xA0,0x00,0x00,0x00,0x00,0x00,0x00,0x00,0x00,0x00,0x00,0x00,0x00,0x00,0x00,0x00,0x00,0x00,0x00,0x00,0x00,0x00,0x00,0xA2,0xA2},
    {0xA0,0xA0,0x00,0x00,0xA0,0xA0,0x00,0x00,0x00,0x00,0x00,0x00,0x00,0x00,0x00,0x00,0x00,0x00,0x00,0x00,0x00,0x00,0x00,0x00,0x00,0x00,0xE0,0xE0,0xA0,0xA0},
    {0xA0,0xA0,0x00,0x00,0xA0,0xA0,0x00,0x00,0x00,0x00,0x00,0x00,0xA0,0xA0,0x00,0x00,0x00,0x00,0x00,0x00,0x00,0x00,0x00,0x00,0xE0,0xE0,0xE0,0xE0,0xE0,0xE0},
    {0xA0,0xA0,0x00,0x00,0xA0,0xA0,0x00,0x00,0x00,0x00,0x00,0x00,0x00,0x00,0x00,0x00,0x00,0x00,0x00,0x00,0x00,0x00,0xE0,0xE0,0xE0,0xE0,0xE0,0xE0,0xE0,0xE0},
    {0xA0,0xA0,0x00,0x00,0xA0,0xA0,0x00,0x00,0x00,0x00,0x00,0x00,0x00,0x00,0x00,0x00,0x00,0x00,0x00,0x00,0x00,0x00,0xE0,0xE0,0xE0,0xE0,0xE0,0xE0,0xE0,0xE0},
    {0xA0,0xA0,0x00,0x00,0xA0,0xA0,0x00,0x00,0x00,0x00,0x00,0x00,0xA0,0xA0,0x00,0x00,0x00,0x00,0x00,0x00,0x00,0x00,0xE0,0xE0,0xE0,0xE0,0xE0,0xE0,0xE0,0xE0},
    {0xA0,0xA0,0x00,0x00,0xA0,0xA0,0x00,0x00,0x00,0x00,0x00,0x00,0x00,0x00,0x00,0x00,0x00,0x00,0x00,0x00,0x00,0x00,0xE0,0xE0,0xE0,0xE0,0xE0,0xE0,0xE0,0xE0},
    {0xA0,0xA0,0x00,0x00,0xA0,0xA0,0x00,0x00,0x00,0x00,0x00,0x00,0x00,0x00,0x00,0x00,0x00,0x00,0x00,0x00,0x00,0x00,0x00,0x00,0xE0,0xE0,0xE0,0xE0,0xE0,0xE0},
    {0xE0,0xE0,0x00,0x00,0xE0,0xE0,0x00,0x00,0x00,0x00,0x00,0x00,0xA0,0xA0,0x00,0x00,0x00,0x00,0x00,0x00,0x00,0x00,0x00,0x00,0x00,0x00,0xE0,0xE0,0xE0,0xE0},
    {0xE0,0xE0,0x00,0x00,0xA0,0xA0,0x00,0x00,0x00,0x00,0x00,0x00,0x00,0x00,0x00,0x00,0x00,0x00,0x00,0x00,0x00,0x00,0x00,0x00,0x00,0x00,0x00,0x00,0xA0,0xA0},
    {0xE0,0xE0,0x00,0x00,0xA2,0xA2,0x00,0x00,0x00,0x00,0x00,0x00,0x00,0x00,0x00,0x00,0x00,0x00,0x00,0x00,0x00,0x00,0x00,0x00,0x00,0x00,0x00,0x00,0xA2,0xA2},
    {0xE0,0xE0,0x00,0x00,0xA2,0xA2,0x00,0x00,0x00,0x00,0x00,0x00,0x00,0x00,0x00,0x00,0x00,0x00,0x00,0x00,0x00,0x00,0x00,0x00,0x00,0x00,0x00,0x00,0xA2,0xA2},
    {0xE0,0xE0,0x00,0x00,0xE0,0xE0,0xE0,0xE0,0xE0,0xE0,0xE0,0xE0,0xE0,0xE0,0xE0,0xE0,0xE0,0xE0,0xE0,0xE0,0xE0,0xE0,0xE0,0xE0,0xE0,0xE0,0xE0,0xE0,0xA0,0xA0},
  },
  { /* sala 55 (0x55) */
    {0xE0,0xE0,0x00,0x00,0x00,0x00,0x00,0x00,0x00,0x00,0x00,0x00,0x00,0x00,0x00,0x00,0x00,0x00,0x00,0x00,0x00,0x00,0x00,0x00,0x24,0x20,0x24,0x20,0xE0,0xE0},
    {0xE0,0xE0,0x00,0x00,0x00,0x00,0x00,0x00,0x00,0x00,0x00,0x00,0x00,0x00,0x00,0x00,0x00,0x00,0x00,0x00,0x00,0x00,0x00,0x00,0x20,0x20,0x20,0x20,0xE0,0xE0},
    {0xE0,0xE0,0x00,0x00,0x00,0x00,0x00,0x00,0x00,0x00,0x00,0x00,0x00,0x00,0x00,0x00,0x00,0x00,0x00,0x00,0x00,0x00,0x00,0x00,0x00,0x00,0x00,0x00,0xE0,0xE0},
    {0xE0,0xE0,0x00,0x00,0x00,0x00,0x00,0x00,0x00,0x00,0x00,0x00,0x00,0x00,0x00,0x00,0x00,0x00,0x00,0x00,0x00,0x00,0x00,0x00,0x00,0x00,0x00,0x00,0xE0,0xE0},
    {0xE0,0xE0,0x00,0x00,0x00,0x00,0x00,0x00,0x00,0x00,0x00,0x00,0x00,0x00,0x00,0x00,0x00,0x00,0x00,0x00,0x00,0x00,0x00,0x00,0x00,0x00,0x00,0x00,0xE0,0xE0},
    {0xA0,0xA0,0x00,0x00,0x00,0x00,0x00,0x00,0x00,0x00,0x00,0x00,0x00,0x00,0x00,0x00,0x00,0x00,0x00,0x00,0x00,0x00,0x00,0x00,0x00,0x00,0x00,0x00,0xA0,0xA0},
    {0xA2,0xA2,0x00,0x00,0x00,0x00,0x00,0x00,0x38,0x38,0x00,0x00,0x00,0x00,0x00,0x00,0x00,0x00,0x00,0x00,0xA8,0xA8,0x00,0x00,0x00,0x00,0x00,0x00,0xA2,0xA2},
    {0xA2,0xA2,0x00,0x00,0x00,0x00,0x00,0x00,0x38,0x38,0x00,0x00,0x00,0x00,0x00,0x00,0x00,0x00,0x00,0x00,0xA8,0xA8,0x00,0x00,0x00,0x00,0x00,0x00,0xA2,0xA2},
    {0xA0,0xA0,0xE0,0xE0,0xE0,0xE0,0xE0,0xE0,0xE0,0xE0,0xE0,0xE0,0xE0,0xE0,0x00,0x00,0xE0,0xE0,0xE0,0xE0,0xE0,0xE0,0xE0,0xE0,0xE0,0xE0,0xE0,0xE0,0xA0,0xA0},
    {0xE0,0xE0,0xE0,0xE0,0xE0,0xE0,0xE0,0xE0,0xE0,0xE0,0xE0,0xE0,0xE0,0xE0,0x00,0x00,0xE0,0xE0,0xE0,0xE0,0xE0,0xE0,0xE0,0xE0,0xE0,0xE0,0xE0,0xE0,0xE0,0xE0},
    {0xE0,0xE0,0xE0,0xE0,0xE0,0xE0,0xE0,0xE0,0xE0,0xE0,0xE0,0xE0,0xE0,0xE0,0x00,0x00,0xE0,0xE0,0xE0,0xE0,0xE0,0xE0,0xE0,0xE0,0xE0,0xE0,0xE0,0xE0,0xE0,0xE0},
    {0xE0,0xE0,0xE0,0xE0,0xE0,0xE0,0xE0,0xE0,0xE0,0xE0,0xE0,0xE0,0xE0,0xE0,0x00,0x00,0xE0,0xE0,0xE0,0xE0,0xE0,0xE0,0xE0,0xE0,0xE0,0xE0,0xE0,0xE0,0xE0,0xE0},
    {0xE0,0xE0,0xE0,0xE0,0xE0,0xE0,0xE0,0xE0,0x00,0x00,0x00,0x00,0x00,0x00,0xA0,0xA0,0x00,0x00,0x00,0x00,0x00,0x00,0xE0,0xE0,0xE0,0xE0,0xE0,0xE0,0xE0,0xE0},
    {0xE0,0xE0,0xE0,0xE0,0xE0,0xE0,0xE0,0xE0,0xE0,0xE0,0xE0,0xE0,0xE0,0xE0,0x00,0x00,0xE0,0xE0,0xE0,0xE0,0xE0,0xE0,0xE0,0xE0,0xE0,0xE0,0xE0,0xE0,0xE0,0xE0},
    {0xE0,0xE0,0xE0,0xE0,0xE0,0xE0,0xE0,0xE0,0xE0,0xE0,0xE0,0xE0,0xE0,0xE0,0x00,0x00,0xE0,0xE0,0xE0,0xE0,0xE0,0xE0,0xE0,0xE0,0xE0,0xE0,0xE0,0xE0,0xE0,0xE0},
    {0xE0,0xE0,0xE0,0xE0,0xE0,0xE0,0xE0,0xE0,0xE0,0xE0,0xE0,0xE0,0xE0,0xE0,0x00,0x00,0xE0,0xE0,0xE0,0xE0,0xE0,0xE0,0xE0,0xE0,0xE0,0xE0,0xE0,0xE0,0xE0,0xE0},
    {0xA0,0xA0,0x00,0x00,0x00,0x00,0x00,0x00,0x00,0x00,0x00,0x00,0x00,0x00,0x00,0x00,0x00,0x00,0x00,0x00,0x00,0x00,0x00,0x00,0x00,0x00,0x00,0x00,0xA0,0xA0},
    {0xA2,0xA2,0x00,0x00,0x00,0x00,0x00,0x00,0x00,0x00,0x00,0x00,0x00,0x00,0x00,0x00,0x00,0x00,0x00,0x00,0x00,0x00,0x38,0x38,0x00,0x00,0x00,0x00,0xA2,0xA2},
    {0xA2,0xA2,0x00,0x00,0x00,0x00,0x00,0x00,0x00,0x00,0x00,0x00,0x00,0xE0,0x00,0x00,0x00,0x00,0x00,0x00,0x00,0x00,0x38,0x38,0x00,0x00,0x00,0x00,0xA2,0xA2},
    {0xA0,0xA0,0xE0,0xE0,0xE0,0xE0,0xE0,0xE0,0xE0,0xE0,0xE0,0xE0,0xE0,0xE0,0xE0,0xE0,0xE0,0xE0,0xE0,0xE0,0xE0,0xE0,0xE0,0xE0,0xE0,0xE0,0xE0,0xE0,0xA0,0xA0},
  },
  { /* sala 56 (0x56) */
    {0xE0,0xE0,0xE0,0xE0,0xE0,0xE0,0xE0,0xE0,0x00,0x00,0x00,0x00,0xE0,0xE0,0xE0,0xE0,0xE0,0xE0,0x00,0x00,0x00,0x00,0xE0,0xE0,0xE0,0xE0,0xE0,0xE0,0xE0,0xE0},
    {0xE0,0xE0,0x24,0x20,0x24,0x20,0x00,0x00,0x00,0x00,0x00,0x00,0x00,0x00,0x00,0x00,0x00,0x00,0x00,0x00,0x00,0x00,0x00,0x00,0x24,0x20,0x24,0x20,0xE0,0xE0},
    {0xE0,0xE0,0x20,0x20,0x20,0x20,0x00,0x00,0x00,0x00,0x00,0x00,0x00,0x00,0x00,0x00,0x00,0x00,0x00,0x00,0x00,0x00,0x00,0x00,0x20,0x20,0x20,0x20,0xE0,0xE0},
    {0xE0,0xE0,0x00,0x00,0x00,0x00,0x00,0x00,0x00,0x00,0x00,0x00,0x00,0x00,0x00,0x00,0x00,0x00,0x00,0x00,0x00,0x00,0x00,0x00,0x00,0x00,0x00,0x00,0xE0,0xE0},
    {0xE0,0xE0,0x00,0x00,0x00,0x00,0x00,0x00,0x00,0x00,0x00,0x00,0x00,0x00,0x00,0x00,0x00,0x00,0x00,0x00,0x00,0x00,0x00,0x00,0x00,0x00,0x00,0x00,0xE0,0xE0},
    {0xA0,0xA0,0x00,0x00,0x00,0x00,0x00,0x00,0x00,0x00,0x00,0x00,0x00,0x00,0x00,0x00,0x00,0x00,0x00,0x00,0x00,0x00,0x00,0x00,0x00,0x00,0x00,0x00,0xA0,0xA0},
    {0xA2,0xA2,0x00,0x00,0x00,0x00,0x00,0x00,0x00,0x00,0x00,0x00,0x00,0x00,0x00,0x00,0x00,0x00,0x00,0x00,0x00,0x00,0x00,0x00,0x00,0x00,0x00,0x00,0xA2,0xA2},
    {0xA2,0xA2,0x00,0x00,0x00,0x00,0x00,0x00,0x00,0x00,0x00,0x00,0x00,0x00,0x00,0x00,0x00,0x00,0x00,0x00,0x00,0x00,0x00,0x00,0x00,0x00,0x00,0x00,0xA2,0xA2},
    {0xA0,0xA0,0xE0,0xE0,0xE0,0xE0,0xE0,0xE0,0xA0,0xA0,0xA0,0xA0,0xE0,0xE0,0xE0,0xE0,0xE0,0xE0,0xA0,0xA0,0xA0,0xA0,0xE0,0xE0,0xE0,0xE0,0xE0,0xE0,0xA0,0xA0},
    {0xE0,0xE0,0xE0,0xE0,0xE0,0xE0,0xE0,0xE0,0xE0,0xE0,0xE0,0xE0,0xE0,0xE0,0xE0,0xE0,0xE0,0xE0,0xE0,0xE0,0xE0,0xE0,0xE0,0xE0,0xE0,0xE0,0xE0,0xE0,0xE0,0xE0},
    {0xE0,0xE0,0xE0,0xE0,0xE0,0xE0,0xE0,0xE0,0xE0,0xE0,0xE0,0xE0,0xE0,0xE0,0xE0,0xE0,0xE0,0xE0,0xE0,0xE0,0xE0,0xE0,0xE0,0xE0,0xE0,0xE0,0xE0,0xE0,0xE0,0xE0},
    {0xE0,0xE0,0xE0,0xE0,0xE0,0xE0,0xE0,0xE0,0xE0,0xE0,0xE0,0xE0,0xE0,0xE0,0xE0,0xE0,0xE0,0xE0,0xE0,0xE0,0xE0,0xE0,0xE0,0xE0,0xE0,0xE0,0xE0,0xE0,0xE0,0xE0},
    {0xE0,0xE0,0xE0,0xE0,0xE0,0xE0,0xE0,0xE0,0xE0,0xE0,0xE0,0xE0,0xE0,0xE0,0xE0,0xE0,0xE0,0xE0,0xE0,0xE0,0xE0,0xE0,0xE0,0xE0,0xE0,0xE0,0xE0,0xE0,0xE0,0xE0},
    {0xE0,0xE0,0xE0,0xE0,0xE0,0xE0,0xE0,0xE0,0xE0,0xE0,0xE0,0xE0,0xE0,0xE0,0xE0,0xE0,0xE0,0xE0,0xE0,0xE0,0xE0,0xE0,0xE0,0xE0,0xE0,0xE0,0xE0,0xE0,0xE0,0xE0},
    {0xE0,0xE0,0xE0,0xE0,0xE0,0xE0,0xE0,0xE0,0xE0,0xE0,0xE0,0xE0,0xE0,0xE0,0xE0,0xE0,0xE0,0xE0,0xE0,0xE0,0xE0,0xE0,0xE0,0xE0,0xE0,0xE0,0xE0,0xE0,0xE0,0xE0},
    {0xE0,0xE0,0xE0,0xE0,0xE0,0xE0,0xE0,0xE0,0xE0,0xE0,0xE0,0xE0,0xE0,0xE0,0xE0,0xE0,0xE0,0xE0,0xE0,0xE0,0xE0,0xE0,0xE0,0xE0,0xE0,0xE0,0xE0,0xE0,0xE0,0xE0},
    {0xA0,0xA0,0x00,0x00,0x00,0x00,0xE0,0xE0,0xE0,0xE0,0x00,0x00,0xE0,0xE0,0xE0,0xE0,0xE0,0xE0,0x00,0x00,0xE0,0xE0,0xE0,0xE0,0x00,0x00,0x00,0x00,0xA0,0xA0},
    {0xA2,0xA2,0x00,0x00,0x00,0x00,0x00,0x00,0x00,0x00,0x00,0x00,0x00,0x00,0x00,0x00,0x00,0x00,0x00,0x00,0x00,0x00,0x00,0x00,0x00,0x00,0x00,0x00,0xA2,0xA2},
    {0xA2,0xA2,0x00,0x00,0x00,0x00,0x00,0x00,0x00,0x00,0x00,0x00,0x00,0x00,0x00,0x00,0x00,0x00,0x00,0x00,0x00,0x00,0x00,0x00,0x00,0x00,0x00,0x00,0xA2,0xA2},
    {0xA0,0xA0,0xE0,0xE0,0xE0,0xE0,0xE0,0xE0,0xE0,0xE0,0x00,0x00,0xE0,0xE0,0xE0,0xE0,0xE0,0xE0,0x00,0x00,0xE0,0xE0,0xE0,0xE0,0xE0,0xE0,0xE0,0xE0,0xA0,0xA0},
  },
  { /* sala 57 (0x57) */
    {0xE0,0xE0,0xE0,0xE0,0xE0,0xE0,0xE0,0xE0,0x00,0x00,0xE0,0xE0,0xE0,0xE0,0xE0,0xE0,0xE0,0xE0,0xE0,0xE0,0xE0,0xE0,0x00,0x00,0xE0,0xE0,0xE0,0xE0,0xE0,0xE0},
    {0xE0,0xE0,0x00,0x00,0x00,0x00,0x00,0x00,0x00,0x00,0xE0,0xE0,0xE0,0xE0,0xE0,0xE0,0xE0,0xE0,0x24,0x20,0x00,0x00,0x00,0x00,0x00,0x00,0x24,0x20,0xE0,0xE0},
    {0xE0,0xE0,0x00,0x00,0x24,0x20,0x24,0x20,0x00,0x00,0xE0,0xE0,0xE0,0xE0,0xE0,0xE0,0xE0,0xE0,0x20,0x20,0x00,0x00,0x00,0x00,0x00,0x00,0x20,0x20,0xE0,0xE0},
    {0xE0,0xE0,0x00,0x00,0x20,0x20,0x20,0x20,0x00,0x00,0xE0,0xE0,0xE0,0xE0,0xE0,0xE0,0xE0,0xE0,0x00,0x00,0x00,0x00,0x00,0x00,0x00,0x00,0x00,0x00,0xA0,0xA0},
    {0xE0,0xE0,0x00,0x00,0x00,0x00,0x00,0x00,0x00,0x00,0xE0,0xE0,0xE0,0xE0,0xE0,0xE0,0xE0,0xE0,0x00,0x00,0x00,0x00,0xA0,0xA0,0x00,0x00,0x00,0x00,0xA2,0xA2},
    {0xA0,0xA0,0x00,0x00,0x00,0x00,0x00,0x00,0x00,0x00,0xE0,0xE0,0xE0,0xE0,0xE0,0xE0,0xE0,0xE0,0x00,0x00,0x00,0x00,0xA0,0xA0,0x00,0x00,0x00,0x00,0xA2,0xA2},
    {0xA2,0xA2,0x00,0x00,0x00,0x00,0x00,0x00,0x00,0x00,0xE0,0xE0,0xE0,0xE0,0xE0,0xE0,0xE0,0xE0,0xE0,0xE0,0xE0,0xE0,0xA0,0xA0,0xE0,0xE0,0xE0,0xE0,0xA0,0xA0},
    {0xA2,0xA2,0x00,0x00,0x00,0x00,0x00,0x00,0x00,0x00,0xE0,0xE0,0xE0,0xE0,0xE0,0xE0,0xE0,0xE0,0xE0,0xE0,0xE0,0xE0,0xE0,0xE0,0xE0,0xE0,0xE0,0xE0,0xE0,0xE0},
    {0xA0,0xA0,0xE0,0xE0,0xE0,0xE0,0xE0,0xE0,0xE0,0xE0,0xE0,0xE0,0xE0,0xE0,0xE0,0xE0,0xE0,0xE0,0xA0,0xA0,0xA8,0xA8,0x00,0x00,0x00,0x00,0x00,0x00,0xE0,0xE0},
    {0xE0,0xE0,0xE0,0xE0,0xE0,0xE0,0xE0,0xE0,0xE0,0xE0,0xE0,0xE0,0xE0,0xE0,0xE0,0xE0,0xE0,0x00,0xA0,0xA0,0xA8,0xA8,0x00,0x00,0x00,0x00,0x00,0x00,0xE0,0xE0},
    {0xE0,0xE0,0xE0,0xE0,0xE0,0xE0,0xE0,0xE0,0xE0,0xE0,0xE0,0xE0,0xE0,0xE0,0xE0,0xE0,0x00,0x00,0xA0,0xA0,0xA8,0xA8,0x00,0x00,0x00,0x00,0x00,0x00,0xE0,0xE0},
    {0xE0,0xE0,0xE0,0xE0,0xE0,0xE0,0xE0,0xE0,0xE0,0xE0,0xE0,0xE0,0xE0,0xE0,0xE0,0x00,0x00,0x00,0xA0,0xA0,0xA8,0xA8,0x00,0x00,0x00,0x00,0x00,0x00,0xE0,0xE0},
    {0xE0,0xE0,0xE0,0xE0,0xE0,0xE0,0xE0,0xE0,0xE0,0xE0,0xE0,0xE0,0xE0,0xE0,0x00,0x00,0x00,0x00,0xA0,0xA0,0xA8,0xA8,0x00,0x00,0x00,0x00,0x00,0x00,0xE0,0xE0},
    {0xE0,0xE0,0xE0,0xE0,0xE0,0xE0,0xE0,0xE0,0xE0,0xE0,0xE0,0xE0,0xE0,0x00,0x00,0x00,0x00,0x00,0xA0,0xA0,0xA8,0xA8,0x00,0x00,0x00,0x00,0x00,0x00,0xA0,0xA0},
    {0xE0,0xE0,0xE0,0xE0,0xE0,0xE0,0xE0,0xE0,0xE0,0xE0,0xE0,0xE0,0x00,0x00,0x00,0x00,0x00,0x00,0xA0,0xA0,0xA8,0xA8,0x00,0x00,0x00,0x00,0x00,0x00,0xA2,0xA2},
    {0xE0,0xE0,0xE0,0xE0,0xE0,0xE0,0xE0,0xE0,0xE0,0xE0,0xE0,0x00,0x00,0x00,0x00,0x00,0x00,0x00,0xA0,0xA0,0xA8,0xA8,0x00,0x00,0x00,0x00,0x00,0x00,0xA2,0xA2},
    {0xA0,0xA0,0x00,0x00,0x00,0x00,0x00,0x00,0x00,0x00,0x00,0x00,0x00,0x00,0x00,0x00,0x00,0x00,0xA0,0xA0,0xA8,0xA8,0x00,0x00,0x00,0x00,0x00,0x00,0xA0,0xA0},
    {0xA2,0xA2,0x00,0x00,0x00,0x00,0x00,0x00,0x00,0x00,0x00,0x00,0x00,0x00,0x00,0x00,0x00,0x00,0xA0,0xA0,0xA8,0xA8,0x00,0x00,0x00,0x00,0x00,0x00,0xE0,0xE0},
    {0xA2,0xA2,0x00,0x00,0x00,0x00,0x00,0x00,0x00,0x00,0x00,0x00,0x00,0x00,0xE0,0xE0,0xE0,0xE0,0xA0,0xA0,0xE0,0xE0,0xE0,0xE0,0xE0,0xE0,0xE0,0xE0,0xE0,0xE0},
    {0xA0,0xA0,0xE0,0xE0,0xE0,0xE0,0xE0,0xE0,0xE0,0xE0,0xE0,0xE0,0xE0,0xE0,0xE0,0xE0,0xE0,0xE0,0xE0,0xE0,0xE0,0xE0,0xE0,0xE0,0xE0,0xE0,0xE0,0xE0,0xE0,0xE0},
  },
  { /* sala 58 (0x58) */
    {0xE0,0xE0,0xE0,0xE0,0xE0,0xE0,0xE0,0xE0,0xE0,0xE0,0xE0,0xE0,0xE0,0xE0,0xA0,0xA0,0xE0,0xE0,0xE0,0xE0,0xE0,0xE0,0xE0,0xE0,0xE0,0xE0,0xE0,0xE0,0xE0,0xE0},
    {0xE0,0xE0,0x00,0x00,0x00,0x00,0x00,0x00,0x00,0x00,0x00,0x00,0x00,0x00,0xA0,0xA0,0x00,0x00,0x00,0x00,0x00,0x00,0x24,0x20,0x24,0x20,0x24,0x20,0xE0,0xE0},
    {0xE0,0xE0,0x00,0x00,0x00,0x00,0x00,0x00,0x00,0x00,0x00,0x00,0x00,0x00,0xA0,0xA0,0x00,0x00,0x00,0x00,0x00,0x00,0x20,0x20,0x20,0x20,0x20,0x20,0xE0,0xE0},
    {0xA0,0xA0,0x00,0x00,0x00,0x00,0x00,0x00,0x00,0x00,0x00,0x00,0x00,0x00,0xA0,0xA0,0x00,0x00,0x00,0x00,0x00,0x00,0x00,0x00,0x00,0x00,0x00,0x00,0xA0,0xA0},
    {0xA2,0xA2,0x00,0x00,0x00,0x00,0x00,0x00,0x00,0x00,0x00,0x00,0x00,0x00,0xA0,0xA0,0x00,0x00,0x00,0x00,0x00,0x00,0x00,0x00,0x00,0x00,0x00,0x00,0xA2,0xA2},
    {0xA2,0xA2,0x00,0x00,0x00,0x00,0x00,0x00,0x00,0x00,0x00,0x00,0x00,0x00,0xA0,0xA0,0x00,0x00,0x00,0x00,0x00,0x00,0x00,0x00,0x00,0x00,0x00,0x00,0xA2,0xA2},
    {0xA0,0xA0,0x00,0x00,0x00,0x00,0xA0,0xA0,0x00,0x00,0x00,0x00,0xE0,0xE0,0xA0,0xA0,0xE0,0xE0,0x00,0x00,0x00,0x00,0xA0,0xA0,0x00,0x00,0x00,0x00,0xA0,0xA0},
    {0xE0,0xE0,0x00,0x00,0x00,0x00,0x00,0x00,0x00,0x00,0x00,0x00,0xE0,0xE0,0xE0,0xE0,0xE0,0xE0,0x00,0x00,0x00,0x00,0x00,0x00,0x00,0x00,0x00,0x00,0xE0,0xE0},
    {0xE0,0xE0,0x00,0x00,0x00,0x00,0x00,0x00,0x00,0x00,0x00,0x00,0xE0,0xE0,0xE0,0xE0,0xE0,0xE0,0x00,0x00,0x00,0x00,0x00,0x00,0x00,0x00,0xE0,0xE0,0xE0,0xE0},
    {0xE0,0xE0,0x00,0x00,0x00,0x00,0x00,0x00,0x00,0x00,0x00,0x00,0x00,0xE0,0xE0,0xE0,0xE0,0x00,0x00,0x00,0x00,0x00,0x00,0x00,0x00,0x00,0x00,0x00,0xE0,0xE0},
    {0xE0,0xE0,0x00,0x00,0x00,0x00,0x00,0x00,0x00,0x00,0x00,0x00,0x00,0x00,0x00,0x00,0x00,0x00,0x00,0x00,0x00,0x00,0x00,0x00,0x00,0x00,0x00,0x00,0xE0,0xE0},
    {0xE0,0xE0,0x00,0x00,0x00,0x00,0xA0,0xA0,0x00,0x00,0x00,0x00,0x00,0x00,0x00,0x00,0x00,0x00,0x00,0x00,0x00,0x00,0x00,0x00,0x00,0x00,0x00,0x00,0xE0,0xE0},
    {0xE0,0xE0,0x00,0x00,0x00,0x00,0x00,0x00,0x00,0x00,0x00,0x00,0x00,0x00,0x00,0x00,0x00,0x00,0x00,0x00,0x00,0x00,0x00,0x00,0x00,0x00,0x00,0x00,0xE0,0xE0},
    {0xA0,0xA0,0x00,0x00,0x00,0x00,0x00,0x00,0x00,0x00,0x00,0x00,0x00,0x00,0x00,0x00,0x00,0x00,0x00,0x00,0x00,0x00,0x00,0x00,0x00,0x00,0x00,0x00,0xA0,0xA0},
    {0xA2,0xA2,0x00,0x00,0x00,0x00,0x00,0x00,0x00,0x00,0x00,0x00,0x00,0x00,0x00,0x00,0x00,0x00,0x00,0x00,0x00,0x00,0x00,0x00,0x00,0x00,0x00,0x00,0xA2,0xA2},
    {0xA2,0xA2,0x00,0x00,0x00,0x00,0x00,0x00,0x00,0x00,0x00,0x00,0x00,0x00,0xE0,0xE0,0x00,0x00,0x00,0x00,0x00,0x00,0x00,0x00,0x00,0x00,0x00,0x00,0xA2,0xA2},
    {0xA0,0xA0,0x00,0x00,0x00,0x00,0xA0,0xA0,0x00,0x00,0x00,0x00,0x00,0x00,0x00,0x00,0x00,0x00,0x00,0x00,0x00,0x00,0x00,0x00,0x00,0x00,0x00,0x00,0xA0,0xA0},
    {0xE0,0xE0,0x10,0x10,0x10,0x10,0x10,0x10,0x10,0x10,0x10,0x10,0x10,0x10,0x10,0x10,0x10,0x10,0x10,0x10,0x10,0x10,0x10,0x10,0x10,0x10,0x10,0x10,0xE0,0xE0},
    {0xE0,0xE0,0x10,0x10,0x10,0x10,0x10,0x10,0x10,0x10,0x10,0x10,0x10,0x10,0x10,0x10,0x10,0x10,0x10,0x10,0x10,0x10,0x10,0x10,0x10,0x10,0x10,0x10,0xE0,0xE0},
    {0xE0,0xE0,0xE0,0xE0,0xE0,0xE0,0xE0,0xE0,0xE0,0xE0,0xE0,0xE0,0xE0,0xE0,0xE0,0xE0,0xE0,0xE0,0xE0,0xE0,0xE0,0xE0,0xE0,0xE0,0xE0,0xE0,0xE0,0xE0,0xE0,0xE0},
  },
  { /* sala 59 (0x59) */
    {0xE0,0xE0,0xE0,0xE0,0xE0,0xE0,0xE0,0xE0,0xE0,0xE0,0xE0,0xE0,0xE0,0xE0,0xE0,0xE0,0xE0,0xE0,0xE0,0xE0,0xE0,0xE0,0xE0,0xE0,0xE0,0xE0,0x00,0x00,0x00,0x00},
    {0xE0,0xE0,0x00,0x00,0x00,0x00,0x00,0x00,0x00,0x00,0x00,0x00,0x00,0x00,0x00,0x00,0x00,0x00,0x24,0x20,0xE0,0xE0,0xE0,0xE0,0xE0,0x00,0x00,0x00,0x00,0x00},
    {0xE0,0xE0,0x00,0x00,0x00,0x00,0x00,0x00,0x00,0x00,0x00,0x00,0x00,0x00,0x00,0x00,0x00,0x00,0x20,0x20,0xA0,0xA0,0x00,0x00,0x00,0x00,0x00,0x00,0x00,0x00},
    {0xA0,0xA0,0x00,0x00,0x00,0x00,0x00,0x00,0x00,0x00,0x00,0x00,0x00,0x00,0x00,0x00,0x00,0x00,0x00,0x00,0xA0,0xA0,0x00,0x00,0x00,0x00,0x00,0x00,0x00,0x00},
    {0xA2,0xA2,0x00,0x00,0x00,0x00,0x00,0x00,0x00,0x00,0x38,0x38,0x00,0x00,0x00,0x00,0x00,0x00,0x00,0x00,0xA0,0xA0,0x00,0x00,0x00,0x00,0x00,0x00,0x00,0x00},
    {0xA2,0xA2,0x00,0x00,0x00,0x00,0x00,0x00,0x00,0x00,0x38,0x38,0x00,0x00,0x00,0x00,0x00,0x00,0x00,0x00,0xA0,0xA0,0x00,0x00,0x00,0x00,0x00,0x00,0x00,0x00},
    {0xA0,0xA0,0xE0,0xE0,0xE0,0xE0,0x00,0x00,0xE0,0xE0,0xE0,0xE0,0xE0,0xE0,0xE0,0xE0,0xE0,0xE0,0xE0,0xE0,0xE0,0xE0,0x24,0x20,0xE0,0xE0,0x00,0x00,0x00,0x00},
    {0xE0,0xE0,0x00,0x00,0x00,0x00,0x00,0x00,0x00,0x00,0x00,0x00,0x00,0x00,0x00,0x00,0xE0,0xE0,0xE0,0xE0,0xE0,0xE0,0x20,0x20,0xA0,0xA0,0x00,0x00,0x00,0x00},
    {0xE0,0xE0,0x00,0x00,0x00,0x00,0x00,0x00,0x00,0x00,0x00,0x00,0x00,0x00,0x00,0x00,0x00,0x00,0x00,0x00,0x00,0x00,0x00,0x00,0xA0,0xA0,0x00,0x00,0x00,0x00},
    {0xE0,0xE0,0x00,0x00,0x00,0x00,0x00,0x00,0x00,0x00,0x00,0x00,0x00,0x00,0x00,0x00,0x00,0x00,0x00,0x00,0x00,0x00,0x00,0x00,0xA0,0xA0,0x00,0x00,0x00,0x00},
    {0xE0,0xE0,0x00,0x00,0x00,0x00,0xE0,0xE0,0x00,0x00,0x00,0x00,0x00,0x00,0x00,0x00,0x00,0x00,0x00,0x00,0xE0,0xE0,0x00,0x00,0xA0,0xA0,0x00,0x00,0x00,0x00},
    {0xE0,0xE0,0x00,0x00,0x00,0x00,0xE0,0xE0,0x10,0x10,0x10,0x10,0x10,0x10,0x10,0x10,0x10,0x10,0x10,0x10,0xE0,0xE0,0x00,0x00,0xE0,0xE0,0x00,0x00,0x00,0x00},
    {0xE0,0xE0,0x00,0x00,0x00,0x00,0xE0,0xE0,0x10,0x10,0x10,0x10,0x10,0x10,0x10,0x10,0x10,0x10,0x10,0x10,0xE0,0xE0,0x00,0x00,0x00,0x00,0x00,0x00,0x00,0x00},
    {0xA0,0xA0,0x00,0x00,0xE0,0xE0,0xE0,0xE0,0xE0,0xE0,0x10,0x10,0x10,0x10,0x10,0x10,0x10,0x10,0x10,0x10,0xE0,0xE0,0x00,0x00,0x00,0x00,0x00,0x00,0x00,0x00},
    {0xA2,0xA2,0x00,0x00,0xE0,0xE0,0xE0,0xE0,0xE0,0xE0,0x10,0x10,0x10,0x10,0x10,0x10,0x10,0x10,0x10,0x10,0xE0,0xE0,0x00,0x00,0x00,0x00,0x00,0x00,0x00,0x00},
    {0xA2,0xA2,0x00,0x00,0xE0,0xE0,0x24,0x20,0xE0,0xE0,0x10,0x10,0x10,0x10,0x10,0x10,0x10,0x10,0xE0,0xE0,0xE0,0xE0,0x00,0x00,0x00,0x00,0x00,0x00,0x00,0x00},
    {0xA0,0xA0,0xE0,0xE0,0xE0,0xE0,0x20,0x20,0xE0,0xE0,0x10,0x10,0x10,0x10,0x10,0x10,0x10,0x10,0x10,0x10,0xE0,0xE0,0x00,0x00,0x00,0x00,0x00,0x00,0x00,0x00},
    {0xE0,0xE0,0xE0,0xE0,0xE0,0xE0,0x10,0x10,0x10,0x10,0x10,0x10,0x10,0x10,0x10,0x10,0x10,0x10,0x10,0x10,0xE0,0xE0,0x00,0x00,0x00,0x00,0x00,0x00,0x00,0x00},
    {0xE0,0xE0,0xE0,0xE0,0xE0,0xE0,0x10,0x10,0x10,0x10,0x10,0x10,0x10,0x10,0x10,0x10,0x10,0x10,0x10,0x10,0xE0,0xE0,0x00,0x00,0x00,0x00,0x00,0x00,0x00,0x00},
    {0xE0,0xE0,0xE0,0xE0,0xE0,0xE0,0xE0,0xE0,0xE0,0xE0,0xE0,0xE0,0xE0,0xE0,0xE0,0xE0,0xE0,0xE0,0xE0,0xE0,0xE0,0xE0,0x00,0x00,0x00,0x00,0x00,0x00,0x00,0x00},
  },
  { /* sala 60 (0x60) */
    {0xE0,0xE0,0xE0,0xE0,0xE0,0xE0,0x00,0x00,0xE0,0xE0,0xA0,0xA0,0xE0,0xE0,0x00,0x00,0xE0,0xE0,0x00,0x00,0xE0,0xE0,0x00,0x00,0xE0,0xE0,0x00,0x00,0xE0,0xE0},
    {0xE0,0xE0,0x24,0x20,0xE0,0xE0,0x00,0x00,0x00,0x00,0xA0,0xA0,0xA8,0xA8,0x00,0x00,0x00,0x00,0x00,0x00,0x00,0x00,0x00,0x00,0x00,0x00,0x00,0x00,0xE0,0xE0},
    {0xE0,0xE0,0x20,0x20,0xE0,0xE0,0x00,0x00,0x00,0x00,0xA0,0xA0,0xA8,0xA8,0x00,0x00,0xA8,0xA8,0x00,0x00,0x00,0x00,0x00,0x00,0x00,0x00,0x00,0x00,0xE0,0xE0},
    {0xE0,0xE0,0x00,0x00,0xE0,0xE0,0x00,0x00,0x00,0x00,0xA0,0xA0,0xE0,0xE0,0x00,0x00,0xA8,0xA8,0x00,0x00,0x00,0x00,0x00,0x00,0x00,0x00,0x00,0x00,0xE0,0xE0},
    {0xE0,0xE0,0x00,0x00,0x00,0x00,0x00,0x00,0x00,0x00,0xA0,0xA0,0x00,0x00,0x00,0x00,0xE0,0xE0,0x00,0x00,0x00,0x00,0x00,0x00,0xA8,0xA8,0x00,0x00,0xE0,0xE0},
    {0xE0,0xE0,0x00,0x00,0x00,0x00,0x00,0x00,0x00,0x00,0xA0,0xA0,0x00,0x00,0x00,0x00,0x00,0x00,0x00,0x00,0x00,0x00,0x00,0x00,0xA8,0xA8,0x00,0x00,0xE0,0xE0},
    {0xE0,0xE0,0x00,0x00,0x00,0x00,0x00,0x00,0x00,0x00,0xA0,0xA0,0x00,0x00,0x00,0x00,0x00,0x00,0xA0,0xA0,0x00,0x00,0x00,0x00,0xE0,0xE0,0x00,0x00,0xE0,0xE0},
    {0xE0,0xE0,0x00,0x00,0x00,0x00,0x00,0x00,0x00,0x00,0xA0,0xA0,0x00,0x00,0x00,0x00,0x00,0x00,0xA0,0xA0,0x00,0x00,0x00,0x00,0x00,0x00,0x00,0x00,0xE0,0xE0},
    {0xE0,0xE0,0x00,0x00,0x00,0x00,0x00,0x00,0x00,0x00,0xA0,0xA0,0x00,0x00,0xA0,0xA0,0x00,0x00,0xA0,0xA0,0xE0,0xE0,0x00,0x00,0x00,0x00,0xA0,0xA0,0xE0,0xE0},
    {0xE0,0xE0,0xE0,0xE0,0xE0,0xE0,0x00,0x00,0xE0,0xE0,0xA0,0xA0,0xE0,0xE0,0xA0,0xA0,0xE0,0xE0,0xA0,0xA0,0x00,0x00,0x00,0x00,0x00,0x00,0xA0,0xA0,0xE0,0xE0},
    {0xE0,0xE0,0xE0,0xE0,0xE0,0xE0,0x00,0x00,0x00,0x00,0xA0,0xA0,0x00,0x00,0xA0,0xA0,0x00,0x00,0xA0,0xA0,0x00,0x00,0xA0,0xA0,0x00,0x00,0xA0,0xA0,0xE0,0xE0},
    {0xE0,0xE0,0xE0,0xE0,0xE0,0xE0,0x00,0x00,0x00,0x00,0xA0,0xA0,0x00,0x00,0xA0,0xA0,0x00,0x00,0xA0,0xA0,0x00,0x00,0xA0,0xA0,0x00,0x00,0xA0,0xA0,0xE0,0xE0},
    {0xE0,0xE0,0x24,0x20,0x00,0x00,0x00,0x00,0x00,0x00,0xA0,0xA0,0x00,0x00,0xA0,0xA0,0x00,0x00,0xA0,0xA0,0x00,0x00,0xA0,0xA0,0x00,0x00,0xA0,0xA0,0xE0,0xE0},
    {0xE0,0xE0,0x20,0x20,0x00,0x00,0x00,0x00,0x00,0x00,0xA0,0xA0,0x00,0x00,0xA0,0xA0,0x00,0x00,0xA0,0xA0,0x00,0x00,0xA0,0xA0,0x00,0x00,0xA0,0xA0,0xE0,0xE0},
    {0xE0,0xE0,0x00,0x00,0x00,0x00,0xA0,0xA0,0x00,0x00,0xA0,0xA0,0x00,0x00,0xA0,0xA0,0x00,0x00,0xA0,0xA0,0x00,0x00,0xA0,0xA0,0x00,0x00,0xA0,0xA0,0xE0,0xE0},
    {0xE0,0xE0,0x00,0x00,0x00,0x00,0xE0,0xE0,0xE0,0xE0,0xE0,0xE0,0xE0,0xE0,0xE0,0xE0,0xE0,0xE0,0xE0,0xE0,0xE0,0xE0,0xE0,0xE0,0xE0,0xE0,0xE0,0xE0,0xE0,0xE0},
    {0xE0,0xE0,0xE0,0xE0,0x00,0x00,0x00,0x00,0x00,0x00,0x00,0x00,0x00,0x00,0x00,0x00,0x00,0x00,0x00,0x00,0x00,0x00,0x00,0x00,0x00,0x00,0x00,0x00,0x00,0x00},
    {0x00,0x00,0x00,0x00,0x00,0x00,0x00,0x00,0x00,0x00,0x00,0x00,0x00,0x00,0x00,0x00,0x00,0x00,0x00,0x00,0x00,0x00,0x00,0x00,0x00,0x00,0x00,0x00,0x00,0x00},
    {0x00,0x00,0x00,0x00,0x00,0x00,0x00,0x00,0x00,0x00,0x00,0x00,0x00,0x00,0x00,0x00,0x00,0x00,0x00,0x00,0x00,0x00,0x00,0x00,0x00,0x00,0x00,0x00,0x00,0x00},
    {0x00,0x00,0xE0,0xE0,0xE0,0xE0,0xE0,0xE0,0xE0,0xE0,0xE0,0xE0,0xE0,0xE0,0xE0,0xE0,0xE0,0xE0,0xE0,0xE0,0xE0,0xE0,0xE0,0xE0,0xE0,0xE0,0xE0,0xE0,0xA0,0xA0},
  },
  { /* sala 61 (0x61) */
    {0xE0,0xE0,0xE0,0xE0,0xE0,0xE0,0xE0,0xE0,0xE0,0xE0,0xE0,0xE0,0xE0,0xE0,0xE0,0xE0,0xE0,0xE0,0xE0,0xE0,0xE0,0xE0,0xE0,0xE0,0xE0,0xE0,0xE0,0xE0,0xE0,0xE0},
    {0xE0,0xE0,0x24,0x20,0x24,0x20,0x00,0x00,0x00,0x00,0x00,0x00,0x00,0x00,0x00,0x00,0x00,0x00,0x00,0x00,0x00,0x00,0x00,0x00,0x00,0x00,0x00,0x00,0x00,0x00},
    {0xE0,0xE0,0x20,0x20,0x20,0x20,0x00,0x00,0x00,0x00,0x00,0x00,0x00,0x00,0x00,0x00,0x00,0x00,0x00,0x00,0x00,0x00,0x00,0x00,0x00,0x00,0x00,0x00,0x00,0x00},
    {0xE0,0xE0,0x00,0x00,0x00,0x00,0x00,0x00,0x00,0x00,0x00,0x00,0x00,0x00,0x00,0x00,0x00,0x00,0x00,0x00,0x00,0x00,0x00,0x00,0x00,0x00,0x00,0x00,0x00,0x00},
    {0xE0,0xE0,0x00,0x00,0x00,0x00,0x00,0x00,0x00,0x00,0x00,0x00,0x00,0x00,0x00,0x00,0x00,0x00,0x00,0x00,0x00,0x00,0x00,0x00,0x00,0x00,0xA0,0xA0,0xA0,0xA0},
    {0xE0,0xE0,0x00,0x00,0x00,0x00,0x00,0x00,0x00,0x00,0x00,0x00,0x00,0x00,0x00,0x00,0x00,0x00,0x00,0x00,0x00,0x00,0x00,0x00,0x00,0x00,0x00,0x00,0xE0,0xE0},
    {0xE0,0xE0,0x00,0x00,0x00,0x00,0x00,0x00,0x00,0x00,0x00,0x00,0x00,0x00,0x00,0x00,0x00,0x00,0x00,0x00,0x00,0x00,0x00,0x00,0x00,0x00,0x24,0x20,0xE0,0xE0},
    {0xE0,0xE0,0x00,0x00,0x00,0x00,0x00,0x00,0x00,0x00,0x00,0x00,0x00,0x00,0x00,0x00,0x00,0x00,0x00,0x00,0x00,0x00,0x00,0x00,0x00,0x00,0x20,0x20,0xE0,0xE0},
    {0xE0,0xE0,0x00,0x00,0x00,0x00,0x00,0x00,0x00,0x00,0x00,0x00,0x00,0x00,0x00,0x00,0x00,0x00,0x00,0x00,0xA0,0xA0,0x00,0x00,0x00,0x00,0x00,0x00,0xE0,0xE0},
    {0xE0,0xE0,0x00,0x00,0x00,0x00,0x00,0x00,0x00,0x00,0x00,0x00,0x00,0x00,0x00,0x00,0x00,0x00,0x00,0x00,0x00,0x00,0x00,0x00,0x00,0x00,0x00,0x00,0xE0,0xE0},
    {0xE0,0xE0,0x00,0x00,0x00,0x00,0x00,0x00,0x00,0x00,0x00,0x00,0x00,0x00,0x00,0x00,0x00,0x00,0x00,0x00,0x00,0x00,0x00,0x00,0x00,0x00,0x24,0x20,0xE0,0xE0},
    {0xE0,0xE0,0x00,0x00,0x00,0x00,0x00,0x00,0x00,0x00,0x00,0x00,0x00,0x00,0x00,0x00,0x00,0x00,0x00,0x00,0x00,0x00,0x00,0x00,0x00,0x00,0x20,0x20,0xE0,0xE0},
    {0xE0,0xE0,0x00,0x00,0x00,0x00,0x00,0x00,0x00,0x00,0x00,0x00,0x00,0x00,0xA0,0xA0,0x00,0x00,0x00,0x00,0x00,0x00,0x00,0x00,0x00,0x00,0x00,0x00,0xE0,0xE0},
    {0xE0,0xE0,0x00,0x00,0x00,0x00,0x00,0x00,0x00,0x00,0x00,0x00,0x00,0x00,0x00,0x00,0x00,0x00,0x00,0x00,0x00,0x00,0x00,0x00,0x00,0x00,0x00,0x00,0xE0,0xE0},
    {0xE0,0xE0,0x00,0x00,0x00,0x00,0x00,0x00,0x00,0x00,0x00,0x00,0x00,0x00,0x00,0x00,0x00,0x00,0x00,0x00,0x00,0x00,0x00,0x00,0x00,0x00,0x24,0x20,0xE0,0xE0},
    {0xE0,0xE0,0x00,0x00,0x00,0x00,0x00,0x00,0x00,0x00,0x00,0x00,0x00,0x00,0x00,0x00,0x00,0x00,0x00,0x00,0x00,0x00,0x00,0x00,0x00,0x00,0x20,0x20,0xE0,0xE0},
    {0x00,0x00,0x00,0x00,0x00,0x00,0x00,0x00,0xA0,0xA0,0x00,0x00,0x00,0x00,0x00,0x00,0x00,0x00,0x00,0x00,0x00,0x00,0x00,0x00,0x00,0x00,0x00,0x00,0xE0,0xE0},
    {0x00,0x00,0x00,0x00,0x10,0x10,0x10,0x10,0x10,0x10,0x10,0x10,0x10,0x10,0x10,0x10,0x10,0x10,0x10,0x10,0x10,0x10,0x10,0x10,0x10,0x10,0x10,0x10,0xE0,0xE0},
    {0x00,0x00,0x00,0x00,0x10,0x10,0x10,0x10,0x10,0x10,0x10,0x10,0x10,0x10,0x10,0x10,0x10,0x10,0x10,0x10,0x10,0x10,0x10,0x10,0x10,0x10,0x10,0x10,0xE0,0xE0},
    {0xA0,0xA0,0xE0,0xE0,0xE0,0xE0,0xE0,0xE0,0xE0,0xE0,0xE0,0xE0,0xE0,0xE0,0xE0,0xE0,0xE0,0xE0,0xE0,0xE0,0xE0,0xE0,0xE0,0xE0,0xE0,0xE0,0xE0,0xE0,0xE0,0xE0},
  },
  { /* sala 62 (0x62) */
    {0xE0,0xE0,0xE0,0xE0,0xE0,0xE0,0xE0,0xE0,0xE0,0xE0,0xE0,0xE0,0xE0,0xE0,0xE0,0xE0,0xE0,0xE0,0xE0,0xE0,0xE0,0xE0,0xE0,0xE0,0xE0,0xE0,0xE0,0xE0,0xE0,0xE0},
    {0x00,0x00,0x00,0x00,0x00,0x00,0x00,0x00,0x00,0x00,0x00,0x00,0x00,0x00,0x00,0x00,0x00,0x00,0x00,0x00,0x00,0x00,0x00,0x00,0x00,0x00,0x24,0x20,0xE0,0xE0},
    {0x00,0x00,0x00,0x00,0x00,0x00,0x00,0x00,0x00,0x00,0x00,0x00,0x00,0x00,0x00,0x00,0x00,0x00,0x00,0x00,0x00,0x00,0x00,0x00,0x00,0x00,0x20,0x20,0xE0,0xE0},
    {0x00,0x00,0x00,0x00,0x00,0x00,0x00,0x00,0x00,0x00,0x00,0x00,0x00,0x00,0x00,0x00,0x00,0x00,0x00,0x00,0x00,0x00,0x00,0x00,0x00,0x00,0x00,0x00,0xE0,0xE0},
    {0xA0,0xA0,0xE0,0xE0,0xE0,0xE0,0xE0,0xE0,0xE0,0xE0,0xE0,0xE0,0xE0,0xE0,0xE0,0xE0,0xE0,0xE0,0xE0,0xE0,0x00,0x00,0x00,0x00,0x00,0x00,0x00,0x00,0xE0,0xE0},
    {0xE0,0xE0,0x24,0x20,0x00,0x00,0x00,0x00,0x00,0x00,0x00,0x00,0xA8,0xA8,0xE0,0xE0,0xE0,0xE0,0xE0,0xE0,0x00,0x00,0x00,0x00,0x00,0x00,0x00,0x00,0xE0,0xE0},
    {0xE0,0xE0,0x20,0x20,0x00,0x00,0x00,0x00,0x00,0x00,0x00,0x00,0xA8,0xA8,0x00,0x00,0x24,0x20,0xA0,0xA0,0x00,0x00,0x00,0x00,0xE0,0xE0,0xE0,0xE0,0xE0,0xE0},
    {0xE0,0xE0,0x00,0x00,0xE0,0xE0,0xE0,0xE0,0x00,0x00,0x00,0x00,0xA8,0xA8,0x00,0x00,0x20,0x20,0xA2,0xA2,0x00,0x00,0x00,0x00,0x00,0x00,0x24,0x20,0xE0,0xE0},
    {0xE0,0xE0,0x00,0x00,0x00,0x00,0xA0,0xA0,0x00,0x00,0x00,0x00,0xA8,0xA8,0x00,0x00,0x00,0x00,0xA2,0xA2,0x00,0x00,0x00,0x00,0x00,0x00,0x20,0x20,0xE0,0xE0},
    {0xE0,0xE0,0x00,0x00,0x00,0x00,0xA0,0xA0,0x00,0x00,0x00,0x00,0xA8,0xA8,0xE0,0xE0,0xE0,0xE0,0xE0,0xE0,0xE0,0xE0,0x00,0x00,0x00,0x00,0x00,0x00,0xE0,0xE0},
    {0xE0,0xE0,0xE0,0xE0,0x00,0x00,0xA0,0xA0,0x00,0x00,0x00,0x00,0xA8,0xA8,0x00,0x00,0x00,0x00,0x00,0x00,0x00,0x00,0x00,0x00,0x00,0x00,0x00,0x00,0xE0,0xE0},
    {0xE0,0xE0,0x24,0x20,0x00,0x00,0xA0,0xA0,0x00,0x00,0x00,0x00,0xA8,0xA8,0x00,0x00,0x00,0x00,0x00,0x00,0x00,0x00,0x00,0x00,0x00,0x00,0x00,0x00,0xE0,0xE0},
    {0xE0,0xE0,0x20,0x20,0x00,0x00,0xA0,0xA0,0x00,0x00,0x00,0x00,0xA8,0xA8,0x00,0x00,0x00,0x00,0x00,0x00,0x00,0x00,0x00,0x00,0xE0,0xE0,0xE0,0xE0,0xE0,0xE0},
    {0xE0,0xE0,0x00,0x00,0xE0,0xE0,0xE0,0xE0,0x00,0x00,0x00,0x00,0xA8,0xA8,0xE0,0xE0,0x00,0x00,0x00,0x00,0x00,0x00,0x00,0x00,0x00,0x00,0x00,0x00,0xE0,0xE0},
    {0xE0,0xE0,0x00,0x00,0x00,0x00,0xE0,0xE0,0x00,0x00,0x00,0x00,0xA8,0xA8,0xE0,0xE0,0xE0,0xE0,0x00,0x00,0x00,0x00,0x00,0x00,0x00,0x00,0x00,0x00,0xE0,0xE0},
    {0xE0,0xE0,0x00,0x00,0x00,0x00,0xE0,0xE0,0x00,0x00,0x00,0x00,0xA8,0xA8,0xE0,0xE0,0xE0,0xE0,0xE0,0xE0,0x00,0x00,0x00,0x00,0x00,0x00,0x00,0x00,0xE0,0xE0},
    {0xE0,0xE0,0xE0,0xE0,0x00,0x00,0xE0,0xE0,0x00,0x00,0x00,0x00,0xA8,0xA8,0xE0,0xE0,0xE0,0xE0,0xE0,0xE0,0xE0,0xE0,0x10,0x10,0x10,0x10,0x10,0x10,0xA0,0xA0},
    {0xE0,0xE0,0x00,0x00,0x00,0x00,0x00,0x00,0x00,0x00,0x00,0x00,0xA8,0xA8,0xE0,0xE0,0xE0,0xE0,0xE0,0xE0,0xE0,0xE0,0xE0,0xE0,0x10,0x10,0x10,0x10,0xA2,0xA2},
    {0xE0,0xE0,0x00,0x00,0x00,0x00,0x00,0x00,0x00,0x00,0x00,0x00,0xA8,0xA8,0xE0,0xE0,0xE0,0xE0,0xE0,0xE0,0xE0,0xE0,0xE0,0xE0,0xE0,0xE0,0x10,0x10,0xA2,0xA2},
    {0xE0,0xE0,0xE0,0xE0,0xE0,0xE0,0xE0,0xE0,0xA0,0xA0,0xA0,0xA0,0xE0,0xE0,0xE0,0xE0,0xE0,0xE0,0xE0,0xE0,0xE0,0xE0,0xE0,0xE0,0xE0,0xE0,0xE0,0xE0,0xA0,0xA0},
  },
  { /* sala 63 (0x63) */
    {0xE0,0xE0,0xE0,0xE0,0xE0,0xE0,0xE0,0xE0,0xE0,0xE0,0xE0,0xE0,0xE0,0xE0,0xE0,0xE0,0xE0,0xE0,0xE0,0xE0,0xE0,0xE0,0xE0,0xE0,0xE0,0xE0,0xE0,0xE0,0xE0,0xE0},
    {0xE0,0xE0,0x00,0x00,0x00,0x00,0x00,0x00,0x00,0x00,0x00,0x00,0x00,0x00,0x10,0x10,0x00,0x00,0x00,0x00,0x00,0x00,0x00,0x00,0x00,0x00,0x00,0x00,0xE0,0xE0},
    {0xE0,0xE0,0x00,0x00,0x00,0x00,0x00,0x00,0x00,0x00,0x00,0x00,0x00,0x00,0x10,0x10,0x00,0x00,0x00,0x00,0x00,0x00,0x00,0x00,0x00,0x00,0x00,0x00,0xE0,0xE0},
    {0xE0,0xE0,0x00,0x00,0x00,0x00,0x00,0x00,0x00,0x00,0x00,0x00,0x00,0x00,0x00,0x00,0x00,0x00,0x00,0x00,0x00,0x00,0x00,0x00,0x00,0x00,0x00,0x00,0xE0,0xE0},
    {0xE0,0xE0,0x00,0x00,0x00,0x00,0xE0,0xE0,0xE0,0xE0,0x00,0x00,0x00,0x00,0x00,0x00,0x00,0x00,0x00,0x00,0xE0,0xE0,0xE0,0xE0,0x00,0x00,0x00,0x00,0xE0,0xE0},
    {0xE0,0xE0,0x00,0x00,0x00,0x00,0xE0,0xE0,0xE0,0xE0,0x10,0x10,0x10,0x10,0x10,0x10,0x10,0x10,0x10,0x10,0xE0,0xE0,0xE0,0xE0,0x00,0x00,0x00,0x00,0xE0,0xE0},
    {0xE0,0xE0,0x00,0x00,0x00,0x00,0x00,0x00,0xE0,0xE0,0xE0,0xE0,0x10,0x10,0x10,0x10,0x10,0x10,0xE0,0xE0,0xE0,0xE0,0x00,0x00,0x00,0x00,0x00,0x00,0xE0,0xE0},
    {0xE0,0xE0,0xA0,0xA0,0x00,0x00,0x00,0x00,0x00,0x00,0xE0,0xE0,0xE0,0xE0,0xE0,0xE0,0xE0,0xE0,0xE0,0xE0,0x00,0x00,0x00,0x00,0x00,0x00,0xA0,0xA0,0xE0,0xE0},
    {0xE0,0xE0,0x00,0x00,0x00,0x00,0x00,0x00,0x00,0x00,0x00,0x00,0x00,0x00,0xA0,0xA0,0x00,0x00,0x00,0x00,0x00,0x00,0x00,0x00,0x00,0x00,0x00,0x00,0xE0,0xE0},
    {0xE0,0xE0,0x00,0x00,0x00,0x00,0x00,0x00,0x00,0x00,0x00,0x00,0x00,0x00,0xA0,0xA0,0x00,0x00,0x00,0x00,0x00,0x00,0x00,0x00,0x00,0x00,0x00,0x00,0xE0,0xE0},
    {0xE0,0xE0,0x00,0x00,0x00,0x00,0x00,0x00,0x00,0x00,0x00,0x00,0x00,0x00,0xA0,0xA0,0x00,0x00,0x00,0x00,0x00,0x00,0x00,0x00,0x00,0x00,0x00,0x00,0xE0,0xE0},
    {0xE0,0xE0,0xE0,0xE0,0x00,0x00,0x00,0x00,0x00,0x00,0x00,0x00,0x00,0x00,0xA0,0xA0,0x00,0x00,0x00,0x00,0x00,0x00,0x00,0x00,0x00,0x00,0xE0,0xE0,0xE0,0xE0},
    {0xE0,0xE0,0x00,0x00,0x00,0x00,0x00,0x00,0x00,0x00,0x00,0x00,0x00,0x00,0xA0,0xA0,0x00,0x00,0x00,0x00,0x00,0x00,0x00,0x00,0x00,0x00,0x00,0x00,0xE0,0xE0},
    {0xE0,0xE0,0x00,0x00,0x00,0x00,0x00,0x00,0x00,0x00,0x00,0x00,0x00,0x00,0xA0,0xA0,0x00,0x00,0x00,0x00,0x00,0x00,0x00,0x00,0x00,0x00,0x00,0x00,0xE0,0xE0},
    {0xE0,0xE0,0x00,0x00,0x00,0x00,0x00,0x00,0x00,0x00,0x00,0x00,0x00,0x00,0xA0,0xA0,0x00,0x00,0x00,0x00,0x00,0x00,0x00,0x00,0x00,0x00,0x00,0x00,0xE0,0xE0},
    {0xE0,0xE0,0x00,0x00,0x00,0x00,0x00,0x00,0xA0,0xA0,0x00,0x00,0x00,0x00,0xE0,0xE0,0x00,0x00,0x00,0x00,0xA0,0xA0,0x00,0x00,0x00,0x00,0x00,0x00,0xE0,0xE0},
    {0xA0,0xA0,0x10,0x10,0x10,0x10,0x10,0x10,0x10,0x10,0x10,0x10,0x10,0x10,0xE0,0xE0,0x10,0x10,0x10,0x10,0x10,0x10,0x10,0x10,0x10,0x10,0x10,0x10,0xA0,0xA0},
    {0xA2,0xA2,0x10,0x10,0x10,0x10,0x10,0x10,0x10,0x10,0x10,0x10,0x10,0x10,0xE0,0xE0,0x10,0x10,0x10,0x10,0x10,0x10,0x10,0x10,0x10,0x10,0x10,0x10,0xA2,0xA2},
    {0xA2,0xA2,0x10,0x10,0x10,0x10,0x10,0x10,0x10,0x10,0x10,0x10,0x10,0x10,0xE0,0xE0,0x10,0x10,0x10,0x10,0x10,0x10,0x10,0x10,0x10,0x10,0x10,0x10,0xA2,0xA2},
    {0xA0,0xA0,0xE0,0xE0,0xE0,0xE0,0xE0,0xE0,0xE0,0xE0,0xE0,0xE0,0xE0,0xE0,0xE0,0xE0,0xE0,0xE0,0xE0,0xE0,0xE0,0xE0,0xE0,0xE0,0xE0,0xE0,0xE0,0xE0,0xA0,0xA0},
  },
  { /* sala 64 (0x64) */
    {0xE0,0xE0,0x00,0x00,0xE0,0xE0,0xE0,0xE0,0xE0,0xE0,0xE0,0xE0,0xE0,0xE0,0xE0,0xE0,0xE0,0xE0,0xE0,0xE0,0xE0,0xE0,0xE0,0xE0,0xE0,0xE0,0xE0,0xE0,0xE0,0xE0},
    {0xE0,0xE0,0x00,0x00,0x00,0x00,0x00,0x00,0x00,0x00,0x00,0x00,0x00,0x00,0x00,0x00,0x00,0x00,0x00,0x00,0x00,0x00,0x00,0x00,0x00,0x00,0x00,0x00,0xE0,0xE0},
    {0xE0,0xE0,0x00,0x00,0x00,0x00,0x00,0x00,0x00,0x00,0x00,0x00,0x00,0x00,0x00,0x00,0x00,0x00,0x00,0x00,0x00,0x00,0x00,0x00,0x00,0x00,0x00,0x00,0xE0,0xE0},
    {0xE0,0xE0,0x00,0x00,0x00,0x00,0x00,0x00,0x00,0x00,0x00,0x00,0x38,0x38,0x00,0x00,0x00,0x00,0x00,0x00,0x00,0x00,0x00,0x00,0x00,0x00,0x00,0x00,0xE0,0xE0},
    {0xE0,0xE0,0x00,0x00,0x00,0x00,0x00,0x00,0x00,0x00,0x00,0x00,0x38,0x38,0x00,0x00,0x00,0x00,0x00,0x00,0x00,0x00,0x00,0x00,0x00,0x00,0x00,0x00,0xE0,0xE0},
    {0xE0,0xE0,0xE0,0xE0,0xE0,0xE0,0xE0,0xE0,0xE0,0xE0,0xE0,0xE0,0xE0,0xE0,0xE0,0xE0,0xE0,0xE0,0xE0,0xE0,0xE0,0xE0,0x00,0x00,0x00,0x00,0x00,0x00,0xE0,0xE0},
    {0xE0,0xE0,0x00,0x00,0x24,0x20,0x00,0x00,0x00,0x00,0x00,0x00,0x00,0x00,0x00,0x00,0x00,0x00,0x00,0x00,0x00,0x00,0x00,0x00,0x00,0x00,0x00,0x00,0xE0,0xE0},
    {0xE0,0xE0,0x00,0x00,0x20,0x20,0x00,0x00,0x00,0x00,0x00,0x00,0x00,0x00,0x00,0x00,0x00,0x00,0x00,0x00,0x00,0x00,0x00,0x00,0x00,0x00,0x00,0x00,0xE0,0xE0},
    {0xE0,0xE0,0x00,0x00,0x00,0x00,0x00,0x00,0x00,0x00,0x00,0x00,0x38,0x38,0x00,0x00,0x00,0x00,0x00,0x00,0x00,0x00,0x00,0x00,0x00,0x00,0x00,0x00,0xE0,0xE0},
    {0xE0,0xE0,0x00,0x00,0x00,0x00,0x00,0x00,0x00,0x00,0x00,0x00,0x38,0x38,0x00,0x00,0x00,0x00,0x00,0x00,0x00,0x00,0x00,0x00,0x00,0x00,0x00,0x00,0xE0,0xE0},
    {0xE0,0xE0,0x00,0x00,0x00,0x00,0x00,0x00,0xE0,0xE0,0xE0,0xE0,0xE0,0xE0,0xE0,0xE0,0xE0,0xE0,0xE0,0xE0,0xE0,0xE0,0xE0,0xE0,0xE0,0xE0,0xE0,0xE0,0xE0,0xE0},
    {0xE0,0xE0,0x00,0x00,0x00,0x00,0x00,0x00,0x00,0x00,0x00,0x00,0x00,0x00,0x00,0x00,0x00,0x00,0x00,0x00,0x00,0x00,0x00,0x00,0x00,0x00,0x00,0x00,0xE0,0xE0},
    {0xE0,0xE0,0x00,0x00,0x00,0x00,0x00,0x00,0x00,0x00,0x00,0x00,0x00,0x00,0x00,0x00,0x00,0x00,0x00,0x00,0x00,0x00,0x00,0x00,0x00,0x00,0x00,0x00,0xE0,0xE0},
    {0xE0,0xE0,0x00,0x00,0x00,0x00,0x00,0x00,0x00,0x00,0x00,0x00,0x38,0x38,0x00,0x00,0x00,0x00,0x00,0x00,0x00,0x00,0x00,0x00,0x00,0x00,0x00,0x00,0xE0,0xE0},
    {0xE0,0xE0,0x00,0x00,0x00,0x00,0x00,0x00,0x00,0x00,0x00,0x00,0x38,0x38,0x00,0x00,0x00,0x00,0x00,0x00,0x00,0x00,0x00,0x00,0x00,0x00,0x00,0x00,0xE0,0xE0},
    {0xE0,0xE0,0xE0,0xE0,0xE0,0xE0,0xE0,0xE0,0xE0,0xE0,0xE0,0xE0,0xE0,0xE0,0xE0,0xE0,0xE0,0xE0,0xE0,0xE0,0xE0,0xE0,0x00,0x00,0x00,0x00,0x00,0x00,0xE0,0xE0},
    {0xA0,0xA0,0x10,0x10,0x10,0x10,0x10,0x10,0x10,0x10,0x10,0x10,0x10,0x10,0x10,0x10,0x10,0x10,0x10,0x10,0x10,0x10,0x10,0x10,0x10,0x10,0x10,0x10,0xE0,0xE0},
    {0xA2,0xA2,0x10,0x10,0x10,0x10,0x10,0x10,0x10,0x10,0x10,0x10,0x10,0x10,0x10,0x10,0x10,0x10,0x10,0x10,0x10,0x10,0x10,0x10,0x10,0x10,0x10,0x10,0xE0,0xE0},
    {0xA2,0xA2,0x10,0x10,0x10,0x10,0x10,0x10,0x10,0x10,0x10,0x10,0x10,0x10,0x10,0x10,0x10,0x10,0x10,0x10,0x10,0x10,0x10,0x10,0x10,0x10,0x10,0x10,0xE0,0xE0},
    {0xA0,0xA0,0xE0,0xE0,0xE0,0xE0,0xE0,0xE0,0xE0,0xE0,0xE0,0xE0,0xE0,0xE0,0xE0,0xE0,0xE0,0xE0,0xE0,0xE0,0xE0,0xE0,0xE0,0xE0,0xE0,0xE0,0xE0,0xE0,0xE0,0xE0},
  },
  { /* sala 65 (0x65) */
    {0xE0,0xE0,0xE0,0xE0,0xE0,0xE0,0x00,0x00,0xE0,0xE0,0xE0,0xE0,0xE0,0xE0,0xE0,0xE0,0xE0,0xE0,0xE0,0xE0,0xE0,0xE0,0xE0,0xE0,0xE0,0xE0,0xE0,0xE0,0xE0,0xE0},
    {0xE0,0xE0,0x00,0x00,0x00,0x00,0x00,0x00,0x00,0x00,0x00,0x00,0x00,0xE0,0xE0,0xE0,0xE0,0xE0,0xE0,0xE0,0x24,0x20,0x24,0x20,0x24,0x20,0xE0,0xE0,0xE0,0xE0},
    {0xE0,0xE0,0x00,0x00,0x00,0x00,0x00,0x00,0x00,0x00,0x00,0x00,0x00,0x00,0xE0,0xE0,0xE0,0xE0,0xE0,0xE0,0x20,0x20,0x20,0x20,0x20,0x20,0xE0,0xE0,0xE0,0xE0},
    {0xE0,0xE0,0x00,0x00,0xA8,0xA8,0x00,0x00,0x00,0x00,0x00,0x00,0x00,0x00,0x00,0xE0,0xE0,0xE0,0xE0,0xE0,0x00,0x00,0x00,0x00,0x00,0x00,0xE0,0xE0,0xE0,0xE0},
    {0xE0,0xE0,0x00,0x00,0xA8,0xA8,0x00,0x00,0x00,0x00,0x00,0x00,0x00,0x00,0x00,0x00,0xE0,0xE0,0xE0,0xE0,0x00,0x00,0x00,0x00,0x00,0x00,0xE0,0xE0,0xE0,0xE0},
    {0xE0,0xE0,0xE0,0xE0,0xE0,0xE0,0x00,0x00,0xE0,0xE0,0xE0,0xE0,0x00,0x00,0x00,0x00,0x00,0x00,0x00,0x00,0x00,0x00,0x00,0x00,0x00,0x00,0x00,0x00,0xE0,0xE0},
    {0xE0,0xE0,0x00,0x00,0x00,0x00,0x00,0x00,0x00,0x00,0x00,0x00,0x00,0x00,0x00,0x00,0x00,0x00,0x00,0x00,0x00,0x00,0x00,0x00,0x00,0x00,0x00,0x00,0xE0,0xE0},
    {0xE0,0xE0,0x00,0x00,0x00,0x00,0x00,0x00,0x00,0x00,0x00,0x00,0x00,0x00,0x00,0x00,0x00,0x00,0x00,0x00,0x00,0x00,0x00,0x00,0x00,0x00,0x00,0x00,0xE0,0xE0},
    {0xE0,0xE0,0x00,0x00,0xA8,0xA8,0x00,0x00,0x00,0x00,0x00,0x00,0x00,0x00,0x00,0x00,0x00,0x00,0x00,0x00,0x00,0x00,0x00,0x00,0x00,0x00,0x00,0x00,0xE0,0xE0},
    {0xE0,0xE0,0x00,0x00,0xA8,0xA8,0x00,0x00,0x00,0x00,0x00,0x00,0x00,0x00,0x00,0x00,0x00,0x00,0x00,0x00,0x00,0x00,0x00,0x00,0x00,0x00,0x00,0x00,0xE0,0xE0},
    {0xE0,0xE0,0xE0,0xE0,0xE0,0xE0,0x00,0x00,0xE0,0xE0,0xE0,0xE0,0xE0,0xE0,0xE0,0xE0,0xE0,0xE0,0xE0,0xE0,0xE0,0xE0,0xE0,0xE0,0x00,0x00,0x00,0x00,0xE0,0xE0},
    {0xE0,0xE0,0x00,0x00,0x00,0x00,0x00,0x00,0x00,0x00,0x00,0x00,0x00,0x00,0x00,0x00,0x00,0x00,0x00,0x00,0x00,0x00,0x00,0x00,0x00,0x00,0x00,0x00,0xE0,0xE0},
    {0xE0,0xE0,0x00,0x00,0x00,0x00,0x00,0x00,0x00,0x00,0x00,0x00,0x00,0x00,0x00,0x00,0x00,0x00,0x00,0x00,0x00,0x00,0x00,0x00,0x00,0x00,0x00,0x00,0xE0,0xE0},
    {0xE0,0xE0,0x00,0x00,0xA8,0xA8,0xA0,0xA0,0x00,0x00,0x00,0x00,0x00,0x00,0x00,0x00,0x00,0x00,0x00,0x00,0x00,0x00,0x00,0x00,0x00,0x00,0x00,0x00,0xE0,0xE0},
    {0xE0,0xE0,0x00,0x00,0xA8,0xA8,0xA0,0xA0,0x00,0x00,0x00,0x00,0x00,0x00,0x00,0x00,0x00,0x00,0x00,0x00,0x00,0x00,0x00,0x00,0x00,0x00,0x00,0x00,0xE0,0xE0},
    {0xE0,0xE0,0xE0,0xE0,0xE0,0xE0,0xA0,0xA0,0xE0,0xE0,0xE0,0xE0,0xE0,0xE0,0xE0,0xE0,0x00,0x00,0x00,0x00,0x00,0x00,0x00,0x00,0x00,0x00,0x00,0x00,0xE0,0xE0},
    {0xE0,0xE0,0x00,0x00,0x00,0x00,0xA0,0xA0,0x00,0x00,0x00,0x00,0x00,0x00,0x00,0x00,0x00,0x00,0x00,0x00,0x00,0x00,0x00,0x00,0x00,0x00,0x00,0x00,0xA0,0xA0},
    {0xE0,0xE0,0x00,0x00,0x00,0x00,0xA0,0xA0,0x00,0x00,0x00,0x00,0x00,0x00,0x00,0x00,0x00,0x00,0x38,0x38,0x00,0x00,0x00,0x00,0x00,0x00,0x00,0x00,0xA2,0xA2},
    {0xE0,0xE0,0x00,0x00,0x00,0x00,0xA0,0xA0,0x00,0x00,0x00,0x00,0x00,0x00,0x00,0x00,0x00,0x00,0x38,0x38,0x00,0x00,0x00,0x00,0x00,0x00,0x00,0x00,0xA2,0xA2},
    {0xE0,0xE0,0xE0,0xE0,0xE0,0xE0,0xA0,0xA0,0xE0,0xE0,0xE0,0xE0,0xE0,0xE0,0xE0,0xE0,0xE0,0xE0,0xE0,0xE0,0xE0,0xE0,0xE0,0xE0,0xE0,0xE0,0xE0,0xE0,0xA0,0xA0},
  },
  { /* sala 66 (0x66) */
    {0xE0,0xE0,0xE0,0xE0,0xE0,0xE0,0xE0,0xE0,0x00,0x00,0x00,0x00,0x00,0xE0,0xE0,0x00,0x00,0x00,0x00,0x00,0xE0,0xE0,0xE0,0xE0,0xE0,0xE0,0xE0,0xE0,0xE0,0xE0},
    {0xE0,0xE0,0x00,0x00,0x00,0x00,0x00,0x00,0x00,0x00,0x00,0x00,0x00,0x00,0x00,0x00,0x00,0x00,0x00,0x00,0x00,0x00,0x00,0x00,0x00,0x00,0x10,0x10,0xE0,0xE0},
    {0xE0,0xE0,0x00,0x00,0x00,0x00,0x00,0x00,0x00,0x00,0x00,0x00,0x00,0x00,0x00,0x00,0x00,0x00,0x00,0x00,0x00,0x00,0x00,0x00,0x00,0x00,0x10,0x10,0xE0,0xE0},
    {0xE0,0xE0,0x00,0x00,0xE0,0xE0,0xE0,0xE0,0x00,0x00,0x00,0x00,0x10,0x10,0x10,0x10,0x00,0x00,0x00,0x00,0xE0,0xE0,0xE0,0xE0,0x00,0x00,0x10,0x10,0xE0,0xE0},
    {0xE0,0xE0,0x00,0x00,0xA0,0xA0,0x00,0x00,0x00,0x00,0xA0,0xA0,0x00,0x00,0x00,0x00,0x00,0x00,0x00,0x00,0x00,0x00,0xA0,0xA0,0x00,0x00,0x10,0x10,0xE0,0xE0},
    {0xE0,0xE0,0x00,0x00,0xA0,0xA0,0x00,0x00,0x00,0x00,0x00,0x00,0x00,0x00,0x00,0x00,0x00,0x00,0x00,0x00,0x00,0x00,0xA0,0xA0,0x00,0x00,0x10,0x10,0xE0,0xE0},
    {0xE0,0xE0,0x00,0x00,0xA0,0xA0,0x00,0x00,0x00,0x00,0x00,0x00,0x10,0x10,0x10,0x10,0x00,0x00,0x00,0x00,0x00,0x00,0xA0,0xA0,0x00,0x00,0x10,0x10,0xE0,0xE0},
    {0xE0,0xE0,0x00,0x00,0xA0,0xA0,0x00,0x00,0x00,0x00,0x00,0x00,0x00,0x00,0x00,0x00,0x00,0x00,0xA0,0xA0,0x00,0x00,0xA0,0xA0,0x00,0x00,0x10,0x10,0xE0,0xE0},
    {0xE0,0xE0,0x00,0x00,0xE0,0xE0,0xE0,0xE0,0xE0,0xE0,0xE0,0xE0,0xE0,0xE0,0xE0,0xE0,0xE0,0xE0,0xE0,0xE0,0xE0,0xE0,0xE0,0xE0,0x00,0x00,0x10,0x10,0xE0,0xE0},
    {0xE0,0xE0,0x00,0x00,0x24,0x20,0x24,0x20,0xA0,0xA0,0x24,0x20,0x24,0x20,0xA0,0xA0,0x24,0x20,0x24,0x20,0x00,0x00,0xA0,0xA0,0x00,0x00,0x10,0x10,0xE0,0xE0},
    {0xE0,0xE0,0x00,0x00,0x20,0x20,0x20,0x20,0xA2,0xA2,0x20,0x20,0x20,0x20,0xA2,0xA2,0x20,0x20,0x20,0x20,0x00,0x00,0xA0,0xA0,0x00,0x00,0x10,0x10,0xE0,0xE0},
    {0xE0,0xE0,0x00,0x00,0x00,0x00,0x00,0x00,0xA2,0xA2,0x00,0x00,0x00,0x00,0xA2,0xA2,0x00,0x00,0x00,0x00,0x00,0x00,0xA0,0xA0,0x00,0x00,0x10,0x10,0xE0,0xE0},
    {0xE0,0xE0,0xE0,0xE0,0xE0,0xE0,0xE0,0xE0,0xE0,0xE0,0xE0,0xE0,0xE0,0xE0,0xE0,0xE0,0xE0,0xE0,0xE0,0xE0,0x00,0x00,0xA0,0xA0,0x00,0x00,0x10,0x10,0xE0,0xE0},
    {0xE0,0xE0,0x00,0x00,0x00,0x00,0x00,0x00,0x00,0x00,0x00,0x00,0x00,0x00,0x00,0x00,0x00,0x00,0x00,0x00,0x00,0x00,0xA0,0xA0,0x00,0x00,0x10,0x10,0xE0,0xE0},
    {0xE0,0xE0,0x00,0x00,0x00,0x00,0x00,0x00,0x00,0x00,0x00,0x00,0x00,0x00,0x00,0x00,0x00,0x00,0x00,0x00,0x00,0x00,0xA0,0xA0,0x00,0x00,0x10,0x10,0xE0,0xE0},
    {0xE0,0xE0,0x00,0x00,0x00,0x00,0xE0,0xE0,0xE0,0xE0,0xE0,0xE0,0xE0,0xE0,0xE0,0xE0,0xE0,0xE0,0xE0,0xE0,0x00,0x00,0xA0,0xA0,0x00,0x00,0x10,0x10,0xE0,0xE0},
    {0xA0,0xA0,0x00,0x00,0x00,0x00,0xA0,0xA0,0x24,0x20,0x00,0x00,0x00,0x00,0x00,0x00,0x00,0x00,0x00,0x00,0x00,0x00,0xA0,0xA0,0x00,0x00,0x00,0x00,0xA0,0xA0},
    {0xA2,0xA2,0x00,0x00,0x00,0x00,0xA0,0xA0,0x20,0x20,0x00,0x00,0x00,0x00,0x00,0x00,0x00,0x00,0x00,0x00,0x00,0x00,0xA0,0xA0,0xA0,0xA0,0x00,0x00,0xA2,0xA2},
    {0xA2,0xA2,0x00,0x00,0x00,0x00,0xA0,0xA0,0x00,0x00,0x00,0x00,0x00,0x00,0x00,0x00,0x00,0x00,0x00,0x00,0x00,0x00,0xA0,0xA0,0xA0,0xA0,0x00,0x00,0xA2,0xA2},
    {0xA0,0xA0,0xE0,0xE0,0xE0,0xE0,0xE0,0xE0,0xE0,0xE0,0x00,0x00,0x00,0x00,0x00,0x00,0x00,0x00,0xE0,0xE0,0xE0,0xE0,0xE0,0xE0,0xA0,0xA0,0xE0,0xE0,0xA0,0xA0},
  },
  { /* sala 67 (0x67) */
    {0xE0,0xE0,0x10,0x10,0x00,0x00,0x00,0x00,0x00,0x00,0x00,0x00,0x00,0x00,0xE0,0xE0,0xE0,0xE0,0xE0,0xE0,0xE0,0xE0,0xE0,0xE0,0x00,0x00,0x00,0x00,0xE0,0xE0},
    {0xE0,0xE0,0x10,0x10,0x00,0x00,0x00,0x00,0x00,0x00,0x00,0x00,0x00,0x00,0x00,0x00,0x00,0x00,0x00,0x00,0x00,0x00,0x00,0x00,0x00,0x00,0x00,0x00,0xA0,0xA0},
    {0xE0,0xE0,0x10,0x10,0x00,0x00,0x00,0x00,0x00,0x00,0x00,0x00,0x00,0x00,0x00,0x00,0x00,0x00,0x00,0x00,0x00,0x00,0x00,0x00,0x00,0x00,0x00,0x00,0xA2,0xA2},
    {0xE0,0xE0,0x10,0x10,0x00,0x00,0x00,0x00,0x00,0x00,0x00,0x00,0x00,0x00,0x00,0x00,0xA1,0xA1,0xA1,0xA1,0xA1,0xA1,0x00,0x00,0x00,0x00,0x00,0x00,0xA2,0xA2},
    {0xE0,0xE0,0x10,0x10,0x00,0x00,0x10,0x10,0xE0,0xE0,0x00,0x00,0xA0,0xA0,0x00,0x00,0x00,0x00,0x00,0x00,0x00,0x00,0x00,0x00,0x00,0x00,0x00,0x00,0xA0,0xA0},
    {0xE0,0xE0,0x10,0x10,0x00,0x00,0x10,0x10,0xE0,0xE0,0x10,0x10,0x10,0x10,0x10,0x10,0x10,0x10,0x10,0x10,0x10,0x10,0x10,0x10,0x10,0x10,0x10,0x10,0xE0,0xE0},
    {0xE0,0xE0,0x10,0x10,0x00,0x00,0x10,0x10,0xE0,0xE0,0x10,0x10,0x10,0x10,0x10,0x10,0x10,0x10,0x10,0x10,0x10,0x10,0x10,0x10,0x10,0x10,0x10,0x10,0xE0,0xE0},
    {0xE0,0xE0,0x10,0x10,0x00,0x00,0x10,0x10,0xE0,0xE0,0xE0,0xE0,0xE0,0xE0,0xE0,0xE0,0xE0,0xE0,0xE0,0xE0,0xE0,0xE0,0xE0,0xE0,0xE0,0xE0,0xE0,0xE0,0xE0,0xE0},
    {0xE0,0xE0,0x10,0x10,0x00,0x00,0x10,0x10,0xE0,0xE0,0x00,0x00,0xE0,0xE0,0xA0,0xA0,0xA0,0xA0,0xA0,0xA0,0xE0,0xE0,0x00,0x00,0x00,0x00,0x00,0x00,0xE0,0xE0},
    {0xE0,0xE0,0x10,0x10,0x00,0x00,0x10,0x10,0xE0,0xE0,0x00,0x00,0xA0,0xA0,0x00,0xA0,0xA0,0xA0,0xA0,0x00,0xA0,0xA0,0x00,0x00,0x00,0x00,0x00,0x00,0xE0,0xE0},
    {0xE0,0xE0,0x10,0x10,0x00,0x00,0x10,0x10,0xE0,0xE0,0x00,0x00,0xA2,0xA2,0x00,0x00,0x24,0x24,0x00,0x00,0xA2,0xA2,0x00,0x00,0x00,0x00,0x00,0x00,0xE0,0xE0},
    {0xE0,0xE0,0x10,0x10,0x00,0x00,0x10,0x10,0xE0,0xE0,0x00,0x00,0xA2,0xA2,0x00,0x00,0x24,0x24,0x00,0x00,0xA2,0xA2,0x00,0x00,0x00,0x00,0x00,0x00,0xE0,0xE0},
    {0xE0,0xE0,0x10,0x10,0x00,0x00,0x10,0x10,0xE0,0xE0,0xA0,0xA0,0xE0,0xE0,0xE0,0xE0,0xE0,0xE0,0xE0,0xE0,0xE0,0xE0,0xE0,0xE0,0x00,0x00,0x00,0x00,0xE0,0xE0},
    {0xE0,0xE0,0x10,0x10,0x00,0x00,0x10,0x10,0xE0,0xE0,0xA0,0xA0,0xA0,0xA0,0x00,0x00,0x00,0x00,0x00,0x00,0xA0,0xA0,0x00,0x00,0x00,0x00,0x00,0x00,0xE0,0xE0},
    {0xE0,0xE0,0x10,0x10,0x00,0x00,0x10,0x10,0xE0,0xE0,0xA0,0xA0,0xA0,0xA0,0x00,0x00,0x00,0x00,0x00,0x00,0xA0,0xA0,0x00,0x00,0x00,0x00,0x00,0x00,0xE0,0xE0},
    {0xE0,0xE0,0x10,0x10,0x00,0x00,0x10,0x10,0xE0,0xE0,0xA0,0xA0,0xA0,0xA0,0x00,0x00,0x00,0x00,0x00,0x00,0xA0,0xA0,0x00,0x00,0x00,0x00,0xE0,0xE0,0xE0,0xE0},
    {0xA0,0xA0,0x00,0x00,0x00,0x00,0x00,0x00,0x00,0x00,0xA0,0xA0,0xA0,0xA0,0x00,0x00,0x00,0x00,0x00,0x00,0xA0,0xA0,0x00,0x00,0x00,0x00,0x00,0x00,0xA0,0xA0},
    {0xA2,0xA2,0x00,0x00,0x00,0x00,0x00,0x00,0x00,0x00,0xA0,0xA0,0xA0,0xA0,0x00,0x00,0x00,0x00,0x00,0x00,0xA0,0xA0,0x00,0x00,0x00,0x00,0x00,0x00,0xA2,0xA2},
    {0xA2,0xA2,0x00,0x00,0x00,0x00,0x00,0x00,0x00,0x00,0xA0,0xA0,0xA0,0xA0,0x00,0x00,0x00,0x00,0x00,0x00,0xA0,0xA0,0x00,0x00,0x00,0x00,0x00,0x00,0xA2,0xA2},
    {0xA0,0xA0,0xE0,0xE0,0xE0,0xE0,0xE0,0xE0,0xE0,0xE0,0xA0,0xA0,0xE0,0xE0,0xE0,0xE0,0xE0,0xE0,0xE0,0xE0,0xE0,0xE0,0xE0,0xE0,0xA0,0xA0,0xA0,0xA0,0xA0,0xA0},
  },
  { /* sala 68 (0x68) */
    {0xE0,0xE0,0x00,0x00,0x00,0x00,0x00,0x00,0x00,0x00,0x00,0x00,0x00,0x00,0x00,0x00,0x00,0x00,0x00,0x00,0x00,0x00,0x00,0x00,0x00,0x00,0x00,0x00,0xE0,0xE0},
    {0xA0,0xA0,0x00,0x00,0x00,0x00,0x00,0x00,0x00,0x00,0x00,0x00,0x00,0x00,0x00,0x00,0x00,0x00,0x00,0x00,0x00,0x00,0x00,0x00,0x00,0x00,0x00,0x00,0xA0,0xA0},
    {0xA2,0xA2,0x00,0x00,0x00,0x00,0x00,0x00,0x38,0x38,0x00,0x00,0x00,0x00,0x38,0x38,0x00,0x00,0x00,0x00,0x38,0x38,0x00,0x00,0x00,0x00,0x00,0x00,0xA2,0xA2},
    {0xA2,0xA2,0x00,0x00,0x00,0x00,0x00,0x00,0x38,0x38,0x00,0x00,0x00,0x00,0x38,0x38,0x00,0x00,0x00,0x00,0x38,0x38,0x00,0x00,0x00,0x00,0x00,0x00,0xA2,0xA2},
    {0xA0,0xA0,0xE0,0xE0,0x00,0x00,0x00,0x00,0xE0,0xE0,0x00,0x00,0x00,0x00,0xE0,0xE0,0x00,0x00,0x00,0x00,0xE0,0xE0,0x00,0x00,0x00,0x00,0xE0,0xE0,0xA0,0xA0},
    {0xE0,0xE0,0x24,0x20,0x00,0x00,0x00,0x00,0x00,0x00,0x00,0x00,0x00,0x00,0x00,0x00,0x00,0x00,0x00,0x00,0x00,0x00,0x00,0x00,0x00,0x00,0x24,0x20,0xE0,0xE0},
    {0xE0,0xE0,0x20,0x20,0x00,0x00,0x00,0x00,0x00,0x00,0x00,0x00,0x00,0x00,0x00,0x00,0x00,0x00,0x00,0x00,0x00,0x00,0x00,0x00,0x00,0x00,0x20,0x20,0xE0,0xE0},
    {0xE0,0xE0,0x00,0x00,0x00,0x00,0x00,0x00,0x00,0x00,0xA8,0xA8,0x00,0x00,0x00,0x00,0x00,0x00,0xA8,0xA8,0x00,0x00,0x00,0x00,0x00,0x00,0x00,0x00,0xE0,0xE0},
    {0xE0,0xE0,0x00,0x00,0x00,0x00,0x00,0x00,0x00,0x00,0xA8,0xA8,0x00,0x00,0x00,0x00,0x00,0x00,0xA8,0xA8,0x00,0x00,0x00,0x00,0x00,0x00,0x00,0x00,0xE0,0xE0},
    {0xE0,0xE0,0xE0,0xE0,0xE0,0xE0,0x00,0x00,0x00,0x00,0xE0,0xE0,0xE0,0xE0,0x00,0x00,0xE0,0xE0,0xE0,0xE0,0x00,0x00,0x00,0x00,0xE0,0xE0,0xE0,0xE0,0xE0,0xE0},
    {0xE0,0xE0,0x24,0x20,0x00,0x00,0x00,0x00,0x00,0x00,0x00,0x00,0x00,0x00,0x00,0x00,0x00,0x00,0x00,0x00,0x00,0x00,0x00,0x00,0x00,0x00,0x24,0x20,0xE0,0xE0},
    {0xE0,0xE0,0x20,0x20,0x00,0x00,0x00,0x00,0x00,0x00,0x00,0x00,0x00,0x00,0x00,0x00,0x00,0x00,0x00,0x00,0x00,0x00,0x00,0x00,0x00,0x00,0x20,0x20,0xE0,0xE0},
    {0xE0,0xE0,0x00,0x00,0x00,0x00,0x00,0x00,0x00,0x00,0x00,0x00,0x00,0x00,0xA8,0xA8,0x00,0x00,0x00,0x00,0x00,0x00,0x00,0x00,0x00,0x00,0x00,0x00,0xE0,0xE0},
    {0xE0,0xE0,0x00,0x00,0x00,0x00,0x00,0x00,0x00,0x00,0x00,0x00,0x00,0x00,0xA8,0xA8,0x00,0x00,0x00,0x00,0x00,0x00,0x00,0x00,0x00,0x00,0x00,0x00,0xE0,0xE0},
    {0xE0,0xE0,0xE0,0xE0,0xE0,0xE0,0xE0,0xE0,0x00,0x00,0x00,0x00,0xE0,0xE0,0xE0,0xE0,0xE0,0xE0,0x00,0x00,0x00,0x00,0xE0,0xE0,0xE0,0xE0,0xE0,0xE0,0xE0,0xE0},
    {0xE0,0xE0,0x24,0x20,0x24,0x20,0x00,0x00,0x00,0x00,0x00,0x00,0x00,0x00,0x00,0x00,0x00,0x00,0x00,0x00,0x00,0x00,0x00,0x00,0x24,0x20,0x24,0x20,0xE0,0xE0},
    {0xA0,0xA0,0x20,0x20,0x20,0x20,0x00,0x00,0x00,0x00,0x00,0x00,0x00,0x00,0x00,0x00,0x00,0x00,0x00,0x00,0x00,0x00,0x00,0x00,0x20,0x20,0x20,0x20,0xE0,0xE0},
    {0xA2,0xA2,0x00,0x00,0x00,0x00,0x00,0x00,0x00,0x00,0x00,0x00,0x00,0x00,0x00,0x00,0x00,0x00,0x00,0x00,0x00,0x00,0x00,0x00,0x00,0x00,0x00,0x00,0xE0,0xE0},
    {0xA2,0xA2,0x00,0x00,0x00,0x00,0x00,0x00,0x00,0x00,0x00,0x00,0x00,0x00,0x00,0x00,0x00,0x00,0x00,0x00,0x00,0x00,0x00,0x00,0x00,0x00,0x00,0x00,0xE0,0xE0},
    {0xA0,0xA0,0xE0,0xE0,0xE0,0xE0,0xE0,0xE0,0xE0,0xE0,0xE0,0xE0,0xE0,0xE0,0xE0,0xE0,0xE0,0xE0,0xE0,0xE0,0xE0,0xE0,0xE0,0xE0,0xE0,0xE0,0xE0,0xE0,0xE0,0xE0},
  },
  { /* sala 69 (0x69) */
    {0xE0,0xE0,0x00,0x00,0x00,0x00,0x00,0x00,0x00,0x00,0x24,0x20,0x00,0x00,0x00,0x00,0x00,0x00,0x10,0x10,0xE0,0xE0,0x00,0x00,0x00,0x00,0x00,0x00,0x00,0x00},
    {0xA0,0xA0,0x00,0x00,0x00,0x00,0x00,0x00,0x00,0x00,0x20,0x20,0x00,0x00,0x00,0x00,0x00,0x00,0x10,0x10,0xE0,0xE0,0x00,0x00,0x00,0x00,0x00,0x00,0x00,0x00},
    {0xA2,0xA2,0x00,0x00,0x00,0x00,0x00,0x00,0x00,0x00,0x00,0x00,0x00,0x00,0x00,0x00,0x00,0x00,0x10,0x10,0xE0,0xE0,0x00,0x00,0x00,0x00,0x00,0x00,0x00,0x00},
    {0xA2,0xA2,0x00,0x00,0x00,0x00,0x00,0x00,0x00,0x00,0x00,0x00,0x00,0x00,0x00,0x00,0x00,0x00,0x10,0x10,0xE0,0xE0,0x00,0x00,0x00,0x00,0x00,0x00,0x00,0x00},
    {0xA0,0xA0,0xE0,0xE0,0xE0,0xE0,0xE0,0xE0,0xE0,0xE0,0xE0,0xE0,0xE0,0xE0,0x00,0x00,0x00,0x00,0x10,0x10,0xE0,0xE0,0x00,0x00,0x00,0x00,0x00,0x00,0x00,0x00},
    {0xE0,0xE0,0x10,0x10,0x00,0x00,0x00,0x00,0x00,0x00,0x24,0x20,0x00,0x00,0x00,0x00,0x00,0x00,0x00,0x00,0xE0,0xE0,0x00,0x00,0x00,0x00,0x00,0x00,0x00,0x00},
    {0xE0,0xE0,0x10,0x10,0x00,0x00,0x00,0x00,0x00,0x00,0x20,0x20,0x00,0x00,0x00,0x00,0x00,0x00,0x00,0x00,0xE0,0xE0,0x00,0x00,0x00,0x00,0x00,0x00,0x00,0x00},
    {0xE0,0xE0,0x10,0x10,0x00,0x00,0x00,0x00,0x00,0x00,0x00,0x00,0x00,0x00,0x00,0x00,0xA8,0xA8,0x00,0x00,0xE0,0xE0,0x00,0x00,0x00,0x00,0x00,0x00,0x00,0x00},
    {0xE0,0xE0,0x10,0x10,0x00,0x00,0x00,0x00,0x00,0x00,0x00,0x00,0x00,0x00,0x00,0x00,0xA8,0xA8,0x00,0x00,0xE0,0xE0,0x00,0x00,0x00,0x00,0x00,0x00,0x00,0x00},
    {0xE0,0xE0,0x10,0x10,0x00,0x00,0x00,0x00,0xE0,0xE0,0xE0,0xE0,0xE0,0xE0,0xE0,0xE0,0xE0,0xE0,0xE0,0xE0,0xE0,0xE0,0x00,0x00,0x00,0x00,0x00,0x00,0x00,0x00},
    {0xE0,0xE0,0x00,0x00,0x00,0x00,0x00,0x00,0x00,0x00,0x24,0x20,0x00,0x00,0x00,0x00,0x00,0x00,0x10,0x10,0xE0,0xE0,0x00,0x00,0x00,0x00,0x00,0x00,0x00,0x00},
    {0xE0,0xE0,0x00,0x00,0x00,0x00,0x00,0x00,0x00,0x00,0x20,0x20,0x00,0x00,0x00,0x00,0x00,0x00,0x10,0x10,0xE0,0xE0,0x00,0x00,0x00,0x00,0x00,0x00,0x00,0x00},
    {0xE0,0xE0,0x00,0x00,0xA8,0xA8,0x00,0x00,0x00,0x00,0x00,0x00,0x00,0x00,0x00,0x00,0x00,0x00,0x10,0x10,0xE0,0xE0,0x00,0x00,0x00,0x00,0x00,0x00,0x00,0x00},
    {0xE0,0xE0,0x00,0x00,0xA8,0xA8,0x00,0x00,0x00,0x00,0x00,0x00,0x00,0x00,0x00,0x00,0x00,0x00,0x10,0x10,0xE0,0xE0,0x00,0x00,0x00,0x00,0x00,0x00,0x00,0x00},
    {0xE0,0xE0,0xE0,0xE0,0xE0,0xE0,0xE0,0xE0,0xE0,0xE0,0xE0,0xE0,0xE0,0xE0,0x00,0x00,0x00,0x00,0x10,0x10,0xE0,0xE0,0x00,0x00,0x00,0x00,0x00,0x00,0x00,0x00},
    {0xE0,0xE0,0x00,0x00,0x00,0x00,0x00,0x00,0x00,0x00,0x24,0x20,0x00,0x00,0x00,0x00,0x00,0x00,0x00,0x00,0xE0,0xE0,0x00,0x00,0x00,0x00,0x00,0x00,0x00,0x00},
    {0xE0,0xE0,0x00,0x00,0x00,0x00,0x00,0x00,0x00,0x00,0x20,0x20,0x00,0x00,0x00,0x00,0x00,0x00,0x00,0x00,0xE0,0xE0,0x00,0x00,0x00,0x00,0x00,0x00,0x00,0x00},
    {0xE0,0xE0,0x00,0x00,0xA8,0xA8,0x00,0x00,0x00,0x00,0x00,0x00,0x00,0x00,0x00,0x00,0x00,0x00,0x00,0x00,0xE0,0xE0,0x00,0x00,0x00,0x00,0x00,0x00,0x00,0x00},
    {0xE0,0xE0,0x00,0x00,0xA8,0xA8,0x00,0x00,0x00,0x00,0x00,0x00,0x00,0x00,0x00,0x00,0x00,0x00,0x00,0x00,0xE0,0xE0,0x00,0x00,0x00,0x00,0x00,0x00,0x00,0x00},
    {0xE0,0xE0,0xE0,0xE0,0xE0,0xE0,0xE0,0xE0,0xE0,0xE0,0xE0,0xE0,0xE0,0xE0,0xE0,0xE0,0xE0,0xE0,0xE0,0xE0,0xE0,0xE0,0x00,0x00,0x00,0x00,0x00,0x00,0x00,0x00},
  },
  { /* sala 70 (0x70) */
    {0x00,0x00,0xE0,0xE0,0xE0,0xE0,0xE0,0xE0,0x00,0x00,0x00,0x00,0x00,0x00,0x00,0x00,0x00,0x00,0x00,0x00,0x00,0x00,0x00,0x00,0x00,0x00,0x00,0x00,0x00,0x00},
    {0x00,0x00,0xE0,0xE0,0xE0,0xE0,0xE0,0xE0,0xE0,0xE0,0xE0,0xE0,0xE0,0xE0,0xE0,0xE0,0xE0,0xE0,0xE0,0xE0,0xE0,0xE0,0xE0,0xE0,0xE0,0xE0,0xE0,0xE0,0xE0,0xE0},
    {0x00,0x00,0xE0,0xE0,0xE0,0xE0,0xE0,0xE0,0xE0,0xE0,0xE0,0xE0,0xE0,0xE0,0xE0,0xE0,0xE0,0xE0,0xE0,0xE0,0xE0,0xE0,0xE0,0xE0,0xE0,0xE0,0xE0,0xE0,0xE0,0xE0},
    {0x00,0x00,0xE0,0xE0,0xE0,0xE0,0xE0,0xE0,0xE0,0xE0,0xE0,0xE0,0xE0,0xE0,0xE0,0xE0,0xE0,0xE0,0xE0,0xE0,0xE0,0xE0,0xE0,0xE0,0xE0,0xE0,0xE0,0xE0,0xE0,0xE0},
    {0x00,0x00,0xE0,0xE0,0xE0,0xE0,0xE0,0xE0,0xE0,0xE0,0xE0,0xE0,0xE0,0xE0,0xE0,0xE0,0xE0,0xE0,0xE0,0xE0,0xE0,0xE0,0xE0,0xE0,0xE0,0xE0,0xE0,0xE0,0xE0,0xE0},
    {0x00,0x00,0xE0,0xE0,0xE0,0xE0,0xE0,0xE0,0x24,0x20,0x00,0x00,0x00,0x00,0x00,0x00,0x00,0x00,0x00,0x00,0xE0,0xE0,0x00,0x00,0x24,0x20,0x00,0x00,0xA0,0xA0},
    {0x00,0x00,0xE0,0xE0,0xE0,0xE0,0xE0,0xE0,0x20,0x20,0x00,0x00,0x00,0x00,0x00,0x00,0x00,0x00,0x00,0x00,0xA0,0xA0,0x00,0x00,0x20,0x20,0x00,0x00,0xA0,0xA0},
    {0x00,0x00,0xE0,0xE0,0xE0,0xE0,0xE0,0xE0,0x00,0x00,0x00,0x00,0x00,0x00,0x00,0x00,0x00,0x00,0x00,0x00,0xA2,0xA2,0x00,0x00,0x00,0x00,0x00,0x00,0xA0,0xA0},
    {0x00,0x00,0xE0,0xE0,0xE0,0xE0,0xE0,0xE0,0x00,0x00,0x00,0x00,0x00,0x00,0x00,0x00,0x00,0x00,0x00,0x00,0xA2,0xA2,0x00,0x00,0x00,0x00,0x00,0x00,0xA0,0xA0},
    {0x00,0x00,0xE0,0xE0,0xE0,0xE0,0xE0,0xE0,0xE0,0xE0,0x00,0x00,0x00,0x00,0xE0,0xE0,0xE0,0xE0,0xE0,0xE0,0xE0,0xE0,0xE0,0xE0,0xE0,0xE0,0xE0,0xE0,0xE0,0xE0},
    {0x00,0x00,0x00,0x00,0xE0,0xE0,0xE0,0xE0,0xE0,0xE0,0x00,0x00,0x00,0x00,0x00,0x00,0x00,0x00,0x00,0x00,0x00,0x00,0x00,0x00,0x00,0x00,0x00,0x00,0xE0,0xE0},
    {0x00,0x00,0x00,0x00,0x00,0xE0,0xE0,0xE0,0xE0,0xE0,0x00,0x00,0x00,0x00,0x00,0x00,0x00,0x00,0x00,0x00,0x00,0x00,0x00,0x00,0x00,0x00,0x00,0x00,0xA0,0xA0},
    {0x00,0x00,0x00,0x00,0x00,0x00,0xE0,0xE0,0xE0,0xE0,0x00,0x00,0x00,0x00,0xA8,0xA8,0x00,0x00,0x38,0x38,0x00,0x00,0x00,0x00,0x00,0x00,0x00,0x00,0xA2,0xA2},
    {0x00,0x00,0x00,0x00,0x00,0x00,0xE0,0xE0,0xE0,0xE0,0x00,0x00,0x00,0x00,0xA8,0xA8,0x00,0x00,0x38,0x38,0x00,0x00,0x00,0x00,0x00,0x00,0x00,0x00,0xA2,0xA2},
    {0x00,0x00,0x00,0x00,0xE0,0xE0,0xE0,0xE0,0xE0,0xE0,0xE0,0xE0,0xE0,0xE0,0xE0,0xE0,0xE0,0xE0,0xE0,0xE0,0xE0,0xE0,0xE0,0xE0,0x00,0x00,0xE0,0xE0,0xA0,0xA0},
    {0x00,0x00,0x00,0x00,0x24,0x20,0xE0,0xE0,0x00,0x00,0x00,0x00,0x00,0x00,0x00,0x00,0x00,0x00,0x00,0x00,0x00,0x00,0x00,0x00,0x00,0x00,0x00,0x00,0x00,0x00},
    {0x00,0x00,0x00,0x00,0x20,0x20,0xA0,0xA0,0x00,0x00,0x00,0x00,0x00,0x00,0x00,0x00,0x00,0x00,0x00,0x00,0x00,0x00,0x00,0x00,0x00,0x00,0x00,0x00,0x00,0x00},
    {0x00,0x00,0x00,0x00,0x00,0x00,0xA2,0xA2,0x00,0x00,0x00,0x00,0x00,0x00,0x38,0x38,0x00,0x00,0x00,0x00,0x00,0x00,0x00,0x00,0x00,0x00,0x00,0x00,0x00,0x00},
    {0x00,0x00,0x00,0x00,0x00,0x00,0xA2,0xA2,0x00,0x00,0x00,0x00,0x00,0x00,0x38,0x38,0x00,0x00,0x00,0x00,0x00,0x00,0x00,0x00,0x00,0x00,0x00,0x00,0x00,0x00},
    {0xE0,0xE0,0xE0,0xE0,0xE0,0xE0,0xE0,0xE0,0xE0,0xE0,0xE0,0xE0,0xE0,0xE0,0xE0,0xE0,0xE0,0xE0,0xE0,0xE0,0xE0,0xE0,0xE0,0xE0,0xE0,0xE0,0xE0,0xE0,0xA0,0xA0},
  },
  { /* sala 71 (0x71) */
    {0x00,0x00,0x00,0x00,0x00,0x00,0x00,0x00,0x00,0x00,0x00,0x00,0x00,0x00,0x00,0x00,0x00,0x00,0x00,0x00,0x00,0x00,0x00,0x00,0x00,0x00,0x00,0x00,0x00,0x00},
    {0xE0,0xE0,0xE0,0xE0,0xE0,0xE0,0xE0,0xE0,0xE0,0xE0,0xE0,0xE0,0xE0,0xE0,0xE0,0xE0,0xE0,0xE0,0xE0,0xE0,0xE0,0xE0,0xE0,0xE0,0xE0,0xE0,0xE0,0xE0,0xE0,0xE0},
    {0xE0,0xE0,0xE0,0xE0,0xE0,0xE0,0xE0,0xE0,0xE0,0xE0,0xE0,0xE0,0xE0,0xE0,0xE0,0xE0,0xE0,0xE0,0xE0,0xE0,0xE0,0xE0,0xE0,0xE0,0xE0,0xE0,0xE0,0xE0,0xE0,0xE0},
    {0xE0,0xE0,0xE0,0xE0,0xE0,0xE0,0xE0,0xE0,0xE0,0xE0,0xE0,0xE0,0xE0,0xE0,0xE0,0xE0,0xE0,0xE0,0xE0,0xE0,0xE0,0xE0,0xE0,0xE0,0xE0,0xE0,0xE0,0xE0,0xE0,0xE0},
    {0xE0,0xE0,0xE0,0xE0,0xE0,0xE0,0xE0,0xE0,0xE0,0xE0,0xE0,0xE0,0xE0,0xE0,0xE0,0xE0,0xE0,0xE0,0xE0,0xE0,0xE0,0xE0,0xE0,0xE0,0xE0,0xE0,0xE0,0xE0,0xE0,0xE0},
    {0xA0,0xA0,0x24,0x20,0x10,0x10,0x00,0x00,0x00,0x00,0x00,0x00,0x00,0x00,0x10,0x10,0x10,0x10,0x00,0x00,0x24,0x20,0x00,0x00,0x24,0x20,0x00,0x00,0x00,0x00},
    {0xA0,0xA0,0x20,0x20,0x10,0x10,0x00,0x00,0x00,0x00,0x00,0x00,0x00,0x00,0x10,0x10,0x10,0x10,0x00,0x00,0x20,0x20,0x00,0x00,0x20,0x20,0x00,0x00,0x00,0x00},
    {0xA0,0xA0,0x00,0x00,0x00,0x00,0x00,0x00,0x00,0x00,0x00,0x00,0x00,0x00,0x00,0x00,0x00,0x00,0x00,0x00,0x00,0x00,0x00,0x00,0x00,0x00,0x38,0x38,0x00,0x00},
    {0xA0,0xA0,0x00,0x00,0x00,0x00,0x00,0x00,0x00,0x00,0x00,0x00,0x00,0x00,0x00,0x00,0x00,0x00,0x00,0x00,0x00,0x00,0x00,0x00,0x00,0x00,0x38,0x38,0x00,0x00},
    {0xE0,0xE0,0xE0,0xE0,0xE0,0xE0,0xE0,0xE0,0x00,0x00,0x00,0x00,0xE0,0xE0,0xE0,0xE0,0xE0,0xE0,0xE0,0xE0,0xE0,0xE0,0xE0,0xE0,0xE0,0xE0,0xE0,0xE0,0xA0,0xA0},
    {0xE0,0xE0,0x00,0x00,0x00,0x00,0x00,0x00,0x00,0x00,0x00,0x00,0x00,0x00,0x00,0x00,0x00,0x00,0x00,0x00,0x00,0x00,0x00,0x00,0x00,0x00,0x24,0x20,0xA0,0xA0},
    {0xA0,0xA0,0x00,0x00,0x00,0x00,0x00,0x00,0x00,0x00,0x00,0x00,0x00,0x00,0x00,0x00,0x00,0x00,0x00,0x00,0x00,0x00,0x00,0x00,0x00,0x00,0x20,0x20,0xA0,0xA0},
    {0xA2,0xA2,0x00,0x00,0x00,0x00,0x00,0x00,0x00,0x00,0x00,0x00,0x00,0x00,0xE0,0xE0,0x00,0x00,0x00,0x00,0x00,0x00,0xA8,0xA8,0x00,0x00,0x00,0x00,0xA0,0xA0},
    {0xA2,0xA2,0x00,0x00,0x00,0x00,0x00,0x00,0x00,0x00,0x00,0x00,0xE0,0xE0,0xE0,0xE0,0x00,0x00,0x00,0x00,0x00,0x00,0xA8,0xA8,0x00,0x00,0x00,0x00,0xA0,0xA0},
    {0xA0,0xA0,0xE0,0xE0,0xE0,0xE0,0xE0,0xE0,0xE0,0xE0,0xE0,0xE0,0xE0,0xE0,0xE0,0xE0,0x00,0x00,0x00,0x00,0xE0,0xE0,0xE0,0xE0,0xE0,0xE0,0xE0,0xE0,0xE0,0xE0},
    {0x00,0x00,0x00,0x00,0x00,0x00,0x00,0x00,0x00,0x00,0x00,0x00,0x00,0x00,0x00,0x00,0x00,0x00,0x00,0x00,0x00,0x00,0x00,0x00,0x00,0x00,0x24,0x20,0xE0,0xE0},
    {0x00,0x00,0x00,0x00,0x00,0x00,0x00,0x00,0x00,0x00,0x00,0x00,0x00,0x00,0x00,0x00,0x00,0x00,0x00,0x00,0x00,0x00,0x00,0x00,0x00,0x00,0x20,0x20,0xA0,0xA0},
    {0x00,0x00,0x00,0x00,0x00,0x00,0x00,0x00,0x00,0x00,0x00,0x00,0x00,0x00,0xA8,0xA8,0x00,0x00,0x38,0x38,0x00,0x00,0x00,0x00,0x00,0x00,0x00,0x00,0xA2,0xA2},
    {0x00,0x00,0x00,0x00,0x00,0x00,0x00,0x00,0x00,0x00,0x00,0x00,0x00,0x00,0xA8,0xA8,0x00,0x00,0x38,0x38,0x00,0x00,0x00,0x00,0xE0,0x00,0x00,0x00,0xA2,0xA2},
    {0xA0,0xA0,0xE0,0xE0,0xE0,0xE0,0xE0,0xE0,0xE0,0xE0,0xE0,0xE0,0xE0,0xE0,0xE0,0xE0,0xE0,0xE0,0xE0,0xE0,0xE0,0xE0,0xE0,0xE0,0xE0,0xE0,0xE0,0xE0,0xA0,0xA0},
  },
  { /* sala 72 (0x72) */
    {0x00,0x00,0x00,0x00,0x00,0x00,0xE0,0xE0,0x00,0x00,0x00,0x00,0xE0,0xE0,0x00,0x00,0x00,0x00,0x00,0x00,0x00,0x00,0x00,0x00,0x00,0x00,0x00,0x00,0x00,0x00},
    {0xE0,0xE0,0xE0,0xE0,0xE0,0xE0,0xE0,0xE0,0x00,0x00,0x00,0x00,0xE0,0xE0,0xE0,0xE0,0xE0,0xE0,0xE0,0xE0,0xE0,0xE0,0xE0,0xE0,0xE0,0xE0,0xE0,0xE0,0xE0,0xE0},
    {0xE0,0xE0,0xE0,0xE0,0xE0,0xE0,0xE0,0xE0,0x00,0x00,0x00,0x00,0xE0,0xE0,0xE0,0xE0,0xE0,0xE0,0xE0,0xE0,0xE0,0xE0,0xE0,0xE0,0xE0,0xE0,0xE0,0xE0,0xE0,0xE0},
    {0xE0,0xE0,0xE0,0xE0,0xE0,0xE0,0xE0,0xE0,0x00,0x00,0x00,0x00,0xE0,0xE0,0xE0,0xE0,0xE0,0xE0,0xE0,0xE0,0xE0,0xE0,0xE0,0xE0,0xE0,0xE0,0xE0,0xE0,0xE0,0xE0},
    {0xE0,0xE0,0xE0,0xE0,0xE0,0xE0,0xE0,0xE0,0x00,0x00,0x00,0x00,0xE0,0xE0,0xE0,0xE0,0xE0,0xE0,0xE0,0xE0,0xE0,0xE0,0xE0,0xE0,0xE0,0xE0,0xE0,0xE0,0xE0,0xE0},
    {0x00,0x00,0x00,0x00,0x00,0x00,0x00,0x00,0x00,0x00,0x00,0x00,0xA0,0xA0,0x00,0x00,0x00,0x00,0x00,0x00,0x00,0x00,0x00,0x00,0x00,0x00,0x00,0x00,0xE0,0xE0},
    {0x00,0x00,0x00,0x00,0x00,0x00,0x00,0x00,0x00,0x00,0x00,0x00,0xA0,0xA0,0x00,0x00,0x00,0x00,0x00,0x00,0x00,0x00,0x00,0x00,0x00,0x00,0x00,0x00,0xA0,0xA0},
    {0x00,0x00,0x00,0x00,0x00,0x00,0x00,0x00,0x00,0x00,0x00,0x00,0xA0,0xA0,0x00,0x00,0x00,0x00,0x00,0x00,0x00,0x00,0x00,0x00,0x00,0x00,0x00,0x00,0xA2,0xA2},
    {0x00,0x00,0x00,0x00,0x00,0x00,0x00,0x00,0x00,0x00,0x00,0x00,0xA0,0xA0,0x00,0x00,0x00,0x00,0x00,0x00,0x00,0x00,0x00,0x00,0x00,0x00,0x00,0x00,0xA2,0xA2},
    {0xA0,0xA0,0xE0,0xE0,0xE0,0xE0,0xE0,0xE0,0xA0,0xA0,0xA0,0xA0,0xE0,0xE0,0x00,0x00,0xE0,0xE0,0xE0,0xE0,0x00,0x00,0x00,0x00,0xE0,0xE0,0xE0,0xE0,0xA0,0xA0},
    {0xA0,0xA0,0x24,0x20,0x00,0x00,0x00,0x00,0x00,0x20,0x20,0x00,0xE0,0xE0,0x00,0x00,0x24,0x20,0xE0,0xE0,0x00,0x00,0x00,0x00,0x24,0x20,0x00,0x00,0xA0,0xA0},
    {0xA0,0xA0,0x20,0x20,0x00,0x00,0x00,0x00,0x00,0x20,0x20,0x00,0xA0,0xA0,0x00,0x00,0x20,0x20,0xE0,0xE0,0xE0,0xE0,0x00,0x00,0x20,0x20,0x00,0x00,0xA0,0xA0},
    {0xA0,0xA0,0x00,0x00,0x00,0x00,0x10,0x10,0x00,0x20,0x20,0x00,0xA2,0xA2,0x00,0x00,0x00,0x00,0xE0,0xE0,0x00,0x00,0x00,0x00,0x00,0x00,0x00,0x00,0xA0,0xA0},
    {0xA0,0xA0,0x00,0x00,0x00,0x00,0x10,0x10,0x00,0x20,0x20,0x00,0xA2,0xA2,0x00,0x00,0x00,0x00,0xE0,0xE0,0x00,0x00,0x00,0x00,0x00,0x00,0x00,0x00,0xA0,0xA0},
    {0xE0,0xE0,0xE0,0xE0,0xE0,0xE0,0xE0,0xE0,0x00,0x20,0x20,0x00,0xE0,0xE0,0xE0,0xE0,0xE0,0xE0,0xE0,0xE0,0x00,0x00,0xE0,0xE0,0xE0,0xE0,0xE0,0xE0,0xE0,0xE0},
    {0xE0,0xE0,0x00,0x00,0x24,0x20,0xA0,0xA0,0x00,0x20,0x20,0x00,0x00,0x00,0x00,0x00,0x00,0x00,0x00,0x00,0x00,0x00,0x00,0x00,0x00,0x00,0x10,0x10,0xE0,0xE0},
    {0xA0,0xA0,0x00,0x00,0x20,0x20,0xA0,0xA0,0x00,0x20,0x20,0x00,0x00,0x00,0x00,0x00,0x00,0x00,0x00,0x00,0x00,0x00,0x00,0x00,0x00,0x00,0x10,0x10,0xE0,0xE0},
    {0xA2,0xA2,0x00,0x00,0x00,0x00,0xA0,0xA0,0x00,0x20,0x20,0x00,0xA8,0xA8,0x00,0x00,0x00,0x00,0x00,0x00,0x00,0x00,0x00,0x00,0x00,0x00,0x10,0x10,0xE0,0xE0},
    {0xA2,0xA2,0x00,0x00,0x00,0x00,0xA0,0xA0,0x00,0x20,0x20,0x00,0xA8,0xA8,0x00,0x00,0x00,0x00,0x00,0x00,0x00,0x00,0x00,0x00,0x00,0x00,0x10,0x10,0xE0,0xE0},
    {0xA0,0xA0,0xE0,0xE0,0xE0,0xE0,0xE0,0xE0,0xE0,0xE0,0xE0,0xE0,0xE0,0xE0,0xE0,0xE0,0xE0,0xE0,0xE0,0xE0,0xA1,0xA1,0xA1,0xA1,0xA1,0xA1,0xE0,0xE0,0xE0,0xE0},
  },
  { /* sala 73 (0x73) */
    {0x00,0x00,0x00,0x00,0x00,0x00,0x00,0x00,0x00,0x00,0x00,0x00,0x00,0x00,0x00,0x00,0x00,0x00,0x00,0x00,0x00,0x00,0x00,0x00,0x00,0x00,0x00,0x00,0x00,0x00},
    {0xE0,0xE0,0xE0,0xE0,0xE0,0xE0,0xE0,0xE0,0xE0,0xE0,0xE0,0xE0,0xE0,0xE0,0xE0,0xE0,0xE0,0xE0,0xE0,0xE0,0xE0,0xE0,0xE0,0xE0,0xE0,0xE0,0xE0,0xE0,0xE0,0xE0},
    {0xE0,0xE0,0xE0,0xE0,0xE0,0xE0,0xE0,0xE0,0xE0,0xE0,0xE0,0xE0,0xE0,0xE0,0xE0,0xE0,0xE0,0xE0,0xE0,0xE0,0xE0,0xE0,0xE0,0xE0,0xE0,0xE0,0xE0,0xE0,0xE0,0xE0},
    {0xE0,0xE0,0xE0,0xE0,0xE0,0xE0,0xE0,0xE0,0xE0,0xE0,0xE0,0xE0,0xE0,0xE0,0xE0,0xE0,0xE0,0xE0,0xE0,0xE0,0xE0,0xE0,0xE0,0xE0,0xE0,0xE0,0xE0,0xE0,0xE0,0xE0},
    {0xE0,0xE0,0xE0,0xE0,0xE0,0xE0,0xE0,0xE0,0xE0,0xE0,0xE0,0xE0,0xE0,0xE0,0xE0,0xE0,0xE0,0xE0,0xE0,0xE0,0xE0,0xE0,0xE0,0xE0,0xE0,0xE0,0xE0,0xE0,0xE0,0xE0},
    {0xE0,0xE0,0x00,0x00,0x00,0x00,0x00,0x00,0x00,0x00,0xA0,0xA0,0xA0,0xA0,0x00,0x00,0x00,0x00,0x00,0x00,0x00,0x00,0x24,0x20,0x00,0x00,0x00,0x00,0xE0,0xE0},
    {0xA0,0xA0,0x00,0x00,0x00,0x00,0x00,0x00,0x00,0x00,0x00,0x20,0x20,0x00,0x00,0x00,0x00,0x00,0x00,0x00,0x00,0x00,0x20,0x20,0x00,0x00,0x00,0x00,0xA0,0xA0},
    {0xA2,0xA2,0x00,0x00,0x00,0x00,0x00,0x00,0x00,0x00,0x00,0x20,0x20,0x00,0x00,0x00,0x38,0x38,0x00,0x00,0x00,0x00,0x00,0x00,0x00,0x00,0x00,0x00,0xA2,0xA2},
    {0xA2,0xA2,0x00,0x00,0x00,0x00,0x00,0x00,0x00,0x00,0x00,0x20,0x20,0x00,0x00,0x00,0x38,0x38,0x00,0x00,0x00,0x00,0x00,0x00,0x00,0x00,0x00,0x00,0xA2,0xA2},
    {0xA0,0xA0,0xE0,0xE0,0x00,0x00,0x00,0x00,0xE0,0xE0,0x00,0x20,0x20,0x00,0xE0,0xE0,0xE0,0xE0,0x00,0x00,0x00,0x00,0x00,0x00,0x00,0x00,0xE0,0xE0,0xA0,0xA0},
    {0xA0,0xA0,0x24,0x20,0x00,0x00,0x00,0x00,0x00,0x00,0x00,0x20,0x20,0x00,0x24,0x20,0xE0,0xE0,0xE0,0xE0,0x00,0x00,0x00,0x00,0x00,0x00,0xE0,0xE0,0xE0,0xE0},
    {0xA0,0xA0,0x20,0x20,0x00,0x00,0x00,0x00,0x00,0x00,0x00,0x20,0x20,0x00,0x20,0x20,0xE0,0xE0,0x00,0x00,0x00,0x00,0x00,0x00,0xE0,0xE0,0xE0,0xE0,0xE0,0xE0},
    {0xA0,0xA0,0x00,0x00,0x00,0x00,0x00,0x00,0xE0,0xE0,0x00,0x20,0x20,0x00,0xE0,0xE0,0xE0,0xE0,0x00,0x00,0x00,0x00,0x00,0x00,0xE0,0xE0,0xE0,0xE0,0xE0,0xE0},
    {0xA0,0xA0,0x00,0x00,0x00,0x00,0x00,0x00,0x00,0x00,0x00,0x20,0x20,0x00,0x00,0x00,0x00,0x00,0x00,0x00,0x00,0x00,0xE0,0xE0,0xE0,0xE0,0xE0,0xE0,0xE0,0xE0},
    {0xE0,0xE0,0xE0,0xE0,0x00,0x00,0x00,0x00,0x00,0x00,0x00,0x20,0x20,0x00,0x00,0x00,0x00,0x00,0x00,0x00,0xE0,0xE0,0xE0,0xE0,0xE0,0xE0,0xE0,0xE0,0xE0,0xE0},
    {0xE0,0xE0,0xE0,0xE0,0x00,0x00,0x00,0x00,0xE0,0xE0,0x00,0x20,0x20,0x00,0x00,0x00,0x00,0x00,0xE0,0xE0,0xE0,0xE0,0x00,0x00,0x24,0x20,0x00,0x00,0xE0,0xE0},
    {0xE0,0xE0,0x00,0x00,0x00,0x00,0x00,0x00,0x00,0x00,0x00,0x20,0x20,0x00,0x00,0x00,0x00,0x00,0xE0,0xE0,0x00,0x00,0x00,0x00,0x20,0x20,0x00,0x00,0xA0,0xA0},
    {0xE0,0xE0,0x24,0x20,0x00,0x00,0x00,0x00,0x00,0x00,0x00,0x20,0x20,0x00,0x00,0x00,0x38,0x38,0x00,0x00,0x00,0x00,0x00,0x00,0x00,0x00,0x00,0x00,0xA2,0xA2},
    {0xE0,0xE0,0x20,0x20,0xA0,0xA0,0xA0,0xA0,0x00,0x00,0x00,0x20,0x20,0x00,0x00,0x00,0x38,0x38,0x00,0x00,0x00,0x00,0x00,0x00,0x00,0x00,0x00,0x00,0xA2,0xA2},
    {0xE0,0xE0,0xE0,0xE0,0xE0,0xE0,0xE0,0xE0,0xE0,0xE0,0xE0,0xE0,0xE0,0xE0,0xE0,0xE0,0xE0,0xE0,0xA1,0xA1,0xA1,0xA1,0xA1,0xA1,0xE0,0xE0,0xE0,0xE0,0xA0,0xA0},
  },
  { /* sala 74 (0x74) */
    {0x00,0x00,0x00,0x00,0x00,0x00,0x00,0x00,0x00,0x00,0x00,0x00,0x00,0x00,0x00,0x00,0x00,0x00,0x00,0x00,0x00,0x00,0x00,0x00,0x00,0x00,0x00,0x00,0x00,0x00},
    {0xE0,0xE0,0xE0,0xE0,0xE0,0xE0,0xE0,0xE0,0xE0,0xE0,0xE0,0xE0,0xE0,0xE0,0xE0,0xE0,0xE0,0xE0,0xE0,0xE0,0xE0,0xE0,0xE0,0xE0,0xE0,0xE0,0xE0,0xE0,0xE0,0xE0},
    {0xE0,0xE0,0xE0,0xE0,0xE0,0xE0,0xE0,0xE0,0xE0,0xE0,0xE0,0xE0,0xE0,0xE0,0xE0,0xE0,0xE0,0xE0,0xE0,0xE0,0xE0,0xE0,0xE0,0xE0,0xE0,0xE0,0xE0,0xE0,0xE0,0xE0},
    {0xE0,0xE0,0xE0,0xE0,0xE0,0xE0,0xE0,0xE0,0xE0,0xE0,0xE0,0xE0,0xE0,0xE0,0xE0,0xE0,0xE0,0xE0,0xE0,0xE0,0xE0,0xE0,0xE0,0xE0,0xE0,0xE0,0xE0,0xE0,0xE0,0xE0},
    {0xE0,0xE0,0xE0,0xE0,0xE0,0xE0,0xE0,0xE0,0xE0,0xE0,0xE0,0xE0,0xE0,0xE0,0xE0,0xE0,0xE0,0xE0,0xE0,0xE0,0xE0,0xE0,0xE0,0xE0,0xE0,0xE0,0xE0,0xE0,0xE0,0xE0},
    {0xE0,0xE0,0x00,0x00,0x00,0x00,0x00,0x00,0x00,0x00,0x00,0x00,0x00,0x00,0x00,0x00,0x00,0x00,0x00,0x00,0x00,0x00,0x00,0x00,0x00,0x00,0x00,0x00,0xE0,0xE0},
    {0xA0,0xA0,0x00,0x00,0x00,0x00,0x00,0x00,0x00,0x00,0x00,0x00,0x00,0x00,0x00,0x00,0x00,0x00,0x00,0x00,0x38,0x38,0x00,0x00,0x00,0x00,0x00,0x00,0xE0,0xE0},
    {0xA2,0xA2,0x00,0x00,0x00,0x00,0x00,0x00,0x00,0x00,0x00,0x00,0x00,0x00,0x00,0x00,0x00,0x00,0xE0,0xE0,0xE0,0xE0,0xE0,0xE0,0xE0,0xE0,0x00,0x00,0xE0,0xE0},
    {0xA2,0xA2,0x00,0x00,0x00,0x00,0x00,0x00,0x00,0x00,0x00,0x00,0x00,0x00,0x00,0x00,0x10,0x10,0xE0,0xE0,0xE0,0xE0,0xE0,0xE0,0x00,0x00,0x00,0x00,0xE0,0xE0},
    {0xA0,0xA0,0xE0,0xE0,0xA0,0xA0,0xA0,0xA0,0xA0,0xA0,0xE0,0xE0,0x00,0x00,0x00,0x00,0x10,0x10,0xE0,0xE0,0x24,0x20,0xA0,0xA0,0x00,0x00,0x00,0x00,0xE0,0xE0},
    {0xE0,0xE0,0x24,0x20,0x00,0x00,0x00,0x00,0x00,0x00,0xE0,0xE0,0x10,0x10,0x00,0x00,0x10,0x10,0xE0,0xE0,0x20,0x20,0xA2,0xA2,0x00,0x00,0x00,0x00,0xE0,0xE0},
    {0xE0,0xE0,0x20,0x20,0x00,0x00,0x00,0x00,0x00,0x00,0xE0,0xE0,0x10,0x10,0x00,0x00,0x10,0x10,0xE0,0xE0,0x00,0x00,0xA2,0xA2,0x00,0x00,0x00,0x00,0xE0,0xE0},
    {0xE0,0xE0,0x00,0x00,0x00,0x00,0x00,0x00,0x00,0x00,0xE0,0xE0,0x10,0x10,0x24,0x20,0x10,0x10,0xE0,0xE0,0xE0,0xE0,0xE0,0xE0,0xE0,0xE0,0x00,0x00,0xE0,0xE0},
    {0xE0,0xE0,0x00,0x00,0x00,0x00,0x00,0x00,0xE0,0xE0,0xE0,0xE0,0x10,0x10,0x20,0x20,0x10,0x10,0xE0,0xE0,0x10,0x10,0x10,0x10,0x10,0x10,0x00,0x00,0xE0,0xE0},
    {0xE0,0xE0,0x00,0x00,0x00,0x00,0x00,0x00,0x24,0x20,0xE0,0xE0,0x10,0x10,0x00,0x00,0x10,0x10,0xE0,0xE0,0x10,0x10,0x10,0x10,0x10,0x10,0x24,0x20,0xE0,0xE0},
    {0xE0,0xE0,0xE0,0xE0,0x00,0x00,0x00,0x00,0x20,0x20,0xE0,0xE0,0x10,0x10,0x00,0x00,0x10,0x10,0xE0,0xE0,0x00,0x00,0x00,0x00,0x00,0x00,0x20,0x20,0xE0,0xE0},
    {0xA0,0xA0,0x00,0x00,0x00,0x00,0x00,0x00,0x00,0x00,0xE0,0xE0,0x10,0x10,0x00,0x00,0x10,0x10,0xE0,0xE0,0x00,0x00,0x00,0x00,0x00,0x00,0x00,0x00,0xA0,0xA0},
    {0xA2,0xA2,0x00,0x00,0x00,0x00,0x00,0x00,0x00,0x00,0xE0,0xE0,0x10,0x10,0x00,0x00,0x00,0x00,0x00,0x00,0x00,0x00,0x00,0x00,0x00,0x00,0x00,0x00,0xA2,0xA2},
    {0xA2,0xA2,0x00,0x00,0x00,0x00,0x00,0x00,0x00,0x00,0xE0,0xE0,0x10,0x10,0x00,0x00,0x00,0x00,0x00,0x00,0x00,0x00,0x00,0x00,0x00,0x00,0x00,0x00,0xA2,0xA2},
    {0xA0,0xA0,0xE0,0xE0,0xE0,0xE0,0xE0,0xE0,0xE0,0xE0,0xE0,0xE0,0xE0,0xE0,0xE0,0xE0,0xE0,0xE0,0x00,0x00,0x00,0x00,0xE0,0xE0,0xE0,0xE0,0xE0,0xE0,0xA0,0xA0},
  },
  { /* sala 75 (0x75) */
    {0x00,0x00,0x00,0x00,0x00,0x00,0x00,0x00,0x00,0x00,0x00,0x00,0x00,0x00,0x00,0x00,0x00,0x00,0x00,0x00,0x00,0x00,0x00,0x00,0x00,0x00,0x00,0x00,0x00,0x00},
    {0xE0,0xE0,0xE0,0xE0,0xE0,0xE0,0xE0,0xE0,0xE0,0xE0,0xE0,0xE0,0xE0,0xE0,0xE0,0xE0,0xE0,0xE0,0xE0,0xE0,0xE0,0xE0,0xE0,0xE0,0xE0,0xE0,0xE0,0xE0,0xE0,0xE0},
    {0xE0,0xE0,0xE0,0xE0,0xE0,0xE0,0xE0,0xE0,0xE0,0xE0,0xE0,0xE0,0xE0,0xE0,0xE0,0xE0,0xE0,0xE0,0xE0,0xE0,0xE0,0xE0,0xE0,0xE0,0xE0,0xE0,0xE0,0xE0,0xE0,0xE0},
    {0xE0,0xE0,0xE0,0xE0,0xE0,0xE0,0xE0,0xE0,0xE0,0xE0,0xE0,0xE0,0xE0,0xE0,0xE0,0xE0,0xE0,0xE0,0xE0,0xE0,0xE0,0xE0,0xE0,0xE0,0xE0,0xE0,0xE0,0xE0,0xE0,0xE0},
    {0xE0,0xE0,0xE0,0xE0,0xE0,0xE0,0xE0,0xE0,0xE0,0xE0,0xE0,0xE0,0xE0,0xE0,0xE0,0xE0,0xE0,0xE0,0xE0,0xE0,0xE0,0xE0,0xE0,0xE0,0xE0,0xE0,0xE0,0xE0,0xE0,0xE0},
    {0xE0,0xE0,0x24,0x20,0x00,0x00,0x00,0x00,0x00,0x00,0x00,0x00,0x00,0x00,0x00,0x00,0x00,0x00,0x00,0x00,0x00,0x00,0x00,0x00,0x00,0x00,0x00,0x00,0xE0,0xE0},
    {0xE0,0xE0,0x20,0x20,0x00,0x00,0x38,0x38,0x00,0x00,0x00,0x00,0x00,0x00,0x00,0x00,0x00,0x00,0xA8,0xA8,0x00,0x00,0x00,0x00,0x00,0x00,0x00,0x00,0xA0,0xA0},
    {0xE0,0xE0,0x00,0x00,0x00,0x00,0x38,0x38,0x00,0x00,0x00,0x00,0x00,0x00,0x00,0x00,0x00,0x00,0xA8,0xA8,0x00,0x00,0x00,0x00,0x00,0x00,0x00,0x00,0xA2,0xA2},
    {0xE0,0xE0,0xE0,0xE0,0xE0,0xE0,0xE0,0xE0,0xE0,0xE0,0xA0,0xA0,0xA0,0xA0,0xA0,0xA0,0xA0,0xA0,0xE0,0xE0,0xE0,0xE0,0xE0,0xE0,0x00,0x00,0x00,0x00,0xA2,0xA2},
    {0xE0,0xE0,0x24,0x20,0x00,0x00,0x00,0x00,0x00,0x00,0x00,0x00,0x00,0x00,0x00,0x00,0x00,0x00,0x00,0x00,0x00,0x00,0x00,0x00,0x00,0x00,0x00,0x00,0xA0,0xA0},
    {0xE0,0xE0,0x20,0x20,0x00,0x00,0x00,0x00,0x00,0x00,0x00,0x00,0x00,0x00,0x00,0x00,0x00,0x00,0x00,0x00,0x00,0x00,0x00,0x00,0x00,0x00,0x00,0x00,0xE0,0xE0},
    {0xE0,0xE0,0xE0,0xE0,0xE0,0xE0,0xE0,0xE0,0xA1,0xA1,0xA1,0xA1,0xA1,0xA1,0xA1,0xA1,0xA1,0xA1,0xA1,0xA1,0x00,0x00,0xE0,0xE0,0xE0,0xE0,0xE0,0xE0,0xE0,0xE0},
    {0xE0,0xE0,0x24,0x20,0x00,0x00,0x00,0x00,0x00,0x00,0x00,0x00,0x24,0x20,0x00,0x00,0x24,0x20,0x00,0x00,0x00,0x00,0x00,0x00,0x00,0x00,0x24,0x20,0xE0,0xE0},
    {0xE0,0xE0,0x20,0x20,0x00,0x00,0x00,0x00,0x00,0x00,0x00,0x00,0x20,0x20,0x00,0x00,0x20,0x20,0x00,0x00,0x00,0x00,0x00,0x00,0x00,0x00,0x20,0x20,0xE0,0xE0},
    {0xE0,0xE0,0xE0,0xE0,0xE0,0xE0,0x00,0x00,0x00,0x00,0xE0,0xE0,0xE0,0xE0,0xE0,0xE0,0xE0,0xE0,0xE0,0xE0,0x00,0x00,0x00,0x00,0xE0,0xE0,0xE0,0xE0,0xE0,0xE0},
    {0xE0,0xE0,0x00,0x00,0x00,0x00,0x00,0x00,0x00,0x00,0x00,0x00,0x00,0x00,0x00,0x00,0x00,0x00,0x00,0x00,0x00,0x00,0x00,0x00,0x00,0x00,0x24,0x20,0xE0,0xE0},
    {0xA0,0xA0,0x00,0x00,0x00,0x00,0x00,0x00,0x00,0x00,0x00,0x00,0x00,0x00,0x00,0x00,0x00,0x00,0x00,0x00,0x00,0x00,0x00,0x00,0x00,0x00,0x20,0x20,0xE0,0xE0},
    {0xA2,0xA2,0x00,0x00,0xA8,0xA8,0x00,0x00,0x38,0x38,0x00,0x00,0x00,0x00,0x00,0x00,0x00,0x00,0x00,0x00,0x00,0x00,0x00,0x00,0x00,0x00,0x00,0x00,0xE0,0xE0},
    {0xA2,0xA2,0x00,0x00,0xA8,0xA8,0x00,0x00,0x38,0x38,0x00,0x00,0x00,0x00,0x00,0x00,0x00,0x00,0x00,0x00,0x00,0x00,0x00,0x00,0x00,0x00,0x00,0x00,0xE0,0xE0},
    {0xA0,0xA0,0xE0,0xE0,0xE0,0xE0,0xE0,0xE0,0xE0,0xE0,0xE0,0xE0,0xE0,0xE0,0xE0,0xE0,0xE0,0xE0,0xE0,0xE0,0xE0,0xE0,0xE0,0xE0,0xE0,0xE0,0xE0,0xE0,0xE0,0xE0},
  },
  { /* sala 76 (0x76) */
    {0x00,0x00,0x00,0x00,0x00,0x00,0x00,0x00,0xE0,0xE0,0x00,0x00,0x00,0x00,0x00,0x00,0x00,0x00,0x00,0x00,0xE0,0xE0,0x00,0x00,0x00,0x00,0x00,0x00,0x00,0x00},
    {0xE0,0xE0,0xE0,0xE0,0xE0,0xE0,0xE0,0xE0,0xE0,0xE0,0x00,0x00,0x00,0x00,0x00,0x00,0x38,0x38,0x00,0x00,0xE0,0xE0,0xE0,0xE0,0xE0,0xE0,0xE0,0xE0,0xE0,0xE0},
    {0xE0,0xE0,0xE0,0xE0,0xE0,0xE0,0xE0,0xE0,0xE0,0xE0,0x00,0x00,0x00,0x00,0x00,0x00,0x38,0x38,0x00,0x00,0xE0,0xE0,0xE0,0xE0,0xE0,0xE0,0xE0,0xE0,0xE0,0xE0},
    {0xE0,0xE0,0xE0,0xE0,0xE0,0xE0,0xE0,0xE0,0xE0,0xE0,0x00,0x00,0x00,0x00,0x00,0x00,0x00,0x00,0x00,0x00,0xE0,0xE0,0xE0,0xE0,0xE0,0xE0,0xE0,0xE0,0xE0,0xE0},
    {0xE0,0xE0,0xE0,0xE0,0xE0,0xE0,0xE0,0xE0,0xE0,0xE0,0x00,0x00,0x00,0x00,0x00,0x00,0x00,0x00,0x00,0x00,0xE0,0xE0,0xE0,0xE0,0xE0,0xE0,0xE0,0xE0,0xE0,0xE0},
    {0xE0,0xE0,0x00,0x00,0x24,0x20,0x00,0x00,0xA0,0xA0,0x00,0x00,0x00,0x00,0x00,0x00,0x00,0x00,0x00,0x00,0xA0,0xA0,0x00,0x00,0x24,0x20,0x00,0x00,0xE0,0xE0},
    {0xA0,0xA0,0x00,0x00,0x20,0x20,0x00,0x00,0xA0,0xA0,0x00,0x00,0x00,0x00,0x00,0x00,0x00,0x00,0x00,0x00,0xA0,0xA0,0x00,0x00,0x20,0x20,0x00,0x00,0xA0,0xA0},
    {0xA2,0xA2,0x00,0x00,0x00,0x00,0x00,0x00,0xA0,0xA0,0x00,0x00,0x00,0x00,0x00,0x00,0x00,0x00,0x00,0x00,0xA0,0xA0,0x00,0x00,0x00,0x00,0x00,0x00,0xA2,0xA2},
    {0xA2,0xA2,0x00,0x00,0x00,0x00,0x00,0x00,0xA0,0xA0,0x00,0x00,0x00,0x00,0x00,0x00,0x00,0x00,0x00,0x00,0xA0,0xA0,0x00,0x00,0x00,0x00,0x00,0x00,0xA2,0xA2},
    {0xA0,0xA0,0xE0,0xE0,0x00,0x00,0x00,0x00,0xA0,0xA0,0x00,0x00,0x00,0x00,0x00,0x00,0x00,0x00,0x00,0x00,0xA0,0xA0,0x00,0x00,0x00,0x00,0xE0,0xE0,0xA0,0xA0},
    {0xE0,0xE0,0x00,0x00,0x00,0x00,0x00,0x00,0xA0,0xA0,0x00,0x00,0x00,0x00,0x24,0x20,0x00,0x00,0x00,0x00,0xA0,0xA0,0x00,0x00,0x00,0x00,0x00,0x00,0xE0,0xE0},
    {0xE0,0xE0,0x00,0x00,0x00,0x00,0x00,0x00,0xA0,0xA0,0x00,0x00,0x00,0x00,0x20,0x20,0x00,0x00,0x00,0x00,0xA0,0xA0,0x00,0x00,0x00,0x00,0x00,0x00,0xE0,0xE0},
    {0xE0,0xE0,0xE0,0xE0,0x00,0x00,0x00,0x00,0xA2,0xA2,0x00,0x00,0x00,0x00,0x00,0x00,0x00,0x00,0x00,0x00,0xA2,0xA2,0x00,0x00,0x00,0x00,0xE0,0xE0,0xE0,0xE0},
    {0xE0,0xE0,0x00,0x00,0x00,0x00,0x00,0x00,0xA2,0xA2,0x00,0x00,0x00,0x00,0x00,0x00,0x00,0x00,0x00,0x00,0xA2,0xA2,0x00,0x00,0x00,0x00,0x00,0x00,0xE0,0xE0},
    {0xE0,0xE0,0x00,0x00,0x00,0x00,0xE0,0xE0,0xE0,0xE0,0x00,0x00,0x00,0x00,0xE0,0xE0,0x00,0x00,0x00,0x00,0xE0,0xE0,0xE0,0xE0,0x00,0x00,0x00,0x00,0xE0,0xE0},
    {0xE0,0xE0,0x00,0x00,0xE0,0xE0,0xE0,0xE0,0xE0,0xE0,0x00,0x00,0x00,0x00,0x00,0x00,0x00,0x00,0x00,0x00,0xE0,0xE0,0xE0,0xE0,0xE0,0xE0,0x00,0x00,0xE0,0xE0},
    {0xE0,0xE0,0x00,0x00,0x00,0x00,0xA0,0xA0,0x00,0x00,0x00,0x00,0x00,0x00,0x00,0x00,0x00,0x00,0x00,0x00,0x00,0x00,0xA0,0xA0,0x00,0x00,0x00,0x00,0xE0,0xE0},
    {0xE0,0xE0,0x00,0x00,0x00,0x00,0xA2,0xA2,0x00,0x00,0x00,0x00,0x00,0x00,0x00,0x00,0x00,0x00,0x00,0x00,0x00,0x00,0xA2,0xA2,0x00,0x00,0x00,0x00,0xE0,0xE0},
    {0xE0,0xE0,0x00,0x00,0x00,0x00,0xA2,0xA2,0x00,0x00,0x10,0x10,0x10,0x10,0x00,0x00,0x10,0x10,0x10,0x10,0x00,0x00,0xA2,0xA2,0x00,0x00,0x00,0x00,0xE0,0xE0},
    {0xE0,0xE0,0xE0,0xE0,0xE0,0xE0,0xE0,0xE0,0xE0,0xE0,0x10,0x10,0x10,0x10,0xE0,0xE0,0x10,0x10,0x10,0x10,0xE0,0xE0,0xE0,0xE0,0xE0,0xE0,0xE0,0xE0,0xE0,0xE0},
  },
  { /* sala 77 (0x77) */
    {0x00,0x00,0x00,0x00,0x00,0x00,0x00,0x00,0x00,0x00,0x00,0x00,0x00,0x00,0x00,0x00,0xE0,0xE0,0xE0,0xE0,0xE0,0xE0,0xE0,0xE0,0x00,0x00,0x24,0x20,0xA0,0xA0},
    {0xE0,0xE0,0xE0,0xE0,0xE0,0xE0,0xE0,0xE0,0xE0,0xE0,0xE0,0xE0,0xE0,0xE0,0xE0,0xE0,0xE0,0xE0,0xE0,0xE0,0xE0,0xE0,0xE0,0x00,0x00,0x00,0x20,0x20,0xA0,0xA0},
    {0xE0,0xE0,0xE0,0xE0,0xE0,0xE0,0xE0,0xE0,0xE0,0xE0,0xE0,0xE0,0xE0,0xE0,0xE0,0xE0,0xE0,0xE0,0xE0,0xE0,0xE0,0xE0,0x00,0x00,0x00,0x00,0x00,0x00,0xA0,0xA0},
    {0xE0,0xE0,0xE0,0xE0,0xE0,0xE0,0xE0,0xE0,0xE0,0xE0,0xE0,0xE0,0xE0,0xE0,0xE0,0xE0,0xE0,0xE0,0xE0,0xE0,0xE0,0x00,0x00,0x00,0x00,0x00,0x00,0x00,0xA0,0xA0},
    {0xE0,0xE0,0xE0,0xE0,0xE0,0xE0,0xE0,0xE0,0xE0,0xE0,0xE0,0xE0,0xE0,0xE0,0xE0,0xE0,0xE0,0xE0,0xE0,0xE0,0x00,0x00,0x00,0x00,0xE0,0xE0,0xE0,0xE0,0xE0,0xE0},
    {0xE0,0xE0,0x00,0x00,0x00,0x00,0x00,0x00,0x00,0x00,0x00,0x00,0x00,0x00,0x00,0x00,0x00,0x00,0x00,0x00,0x00,0x00,0x00,0x00,0x00,0x00,0x24,0x20,0xA0,0xA0},
    {0xA0,0xA0,0x00,0x00,0x00,0x00,0x00,0x00,0x00,0x00,0x00,0x00,0x00,0x00,0x00,0x00,0x00,0x00,0x00,0x00,0x00,0x00,0x00,0x00,0x00,0x00,0x20,0x20,0xA0,0xA0},
    {0xA2,0xA2,0x00,0x00,0x00,0x00,0x00,0x00,0x00,0x00,0xA8,0xA8,0x00,0x00,0x00,0x00,0x00,0x00,0x00,0x00,0x00,0x00,0x00,0x00,0x00,0x00,0x00,0x00,0xA0,0xA0},
    {0xA2,0xA2,0x00,0x00,0x00,0x00,0x00,0x00,0x00,0x00,0xA8,0xA8,0x00,0x00,0x00,0x00,0x00,0x00,0x00,0x00,0x00,0x00,0x00,0x00,0x00,0x00,0x00,0x00,0xA0,0xA0},
    {0xA0,0xA0,0xE0,0xE0,0x00,0x00,0xE0,0xE0,0xE0,0xE0,0xE0,0xE0,0xE0,0xE0,0xE0,0xE0,0xE0,0xE0,0xE0,0xE0,0x00,0x00,0x00,0x00,0xE0,0xE0,0xE0,0xE0,0xE0,0xE0},
    {0xE0,0xE0,0x00,0x00,0x00,0x00,0x00,0x00,0x38,0x38,0x00,0x00,0x24,0x20,0x00,0x00,0x38,0x38,0x00,0x00,0x00,0x00,0x00,0x00,0x00,0x00,0x00,0x00,0xE0,0xE0},
    {0xE0,0xE0,0x00,0x00,0x00,0x00,0x00,0x00,0x38,0x38,0x00,0x00,0x20,0x20,0x00,0x00,0x38,0x38,0x00,0x00,0x00,0x00,0x00,0x00,0x00,0x00,0x00,0x00,0xE0,0xE0},
    {0xE0,0xE0,0x00,0x00,0x00,0x00,0xE0,0xE0,0xE0,0xE0,0xE0,0xE0,0xE0,0xE0,0xE0,0xE0,0xE0,0xE0,0xE0,0xE0,0xE0,0xE0,0xE0,0xE0,0xE0,0xE0,0x00,0x00,0xE0,0xE0},
    {0xE0,0xE0,0x00,0x00,0x00,0x00,0x00,0x00,0xA8,0xA8,0x00,0x00,0x00,0x00,0x00,0x00,0x00,0x00,0x00,0x00,0x00,0x00,0x00,0x00,0x00,0x00,0x00,0x00,0xE0,0xE0},
    {0xE0,0xE0,0x00,0x00,0x00,0x00,0x00,0x00,0xA8,0xA8,0x00,0x00,0x00,0x00,0x00,0x00,0x00,0x00,0x00,0x00,0x00,0x00,0x00,0x00,0x00,0x00,0x00,0x00,0xE0,0xE0},
    {0xE0,0xE0,0x00,0x00,0x00,0x00,0xE0,0xE0,0xE0,0xE0,0xE0,0xE0,0x00,0x00,0x38,0x38,0x00,0x00,0x00,0x00,0x00,0x00,0x00,0x00,0x00,0x00,0x00,0x00,0xE0,0xE0},
    {0xE0,0xE0,0x00,0x00,0x00,0x00,0xA0,0xA0,0x00,0x00,0xE0,0xE0,0xE0,0xE0,0xE0,0xE0,0x00,0x00,0x38,0x38,0x00,0x00,0x00,0x00,0x00,0x00,0x00,0x00,0xA0,0xA0},
    {0xE0,0xE0,0x38,0x38,0x00,0x00,0xA2,0xA2,0x00,0x00,0x00,0xE0,0xE0,0xE0,0xE0,0xE0,0xE0,0xE0,0xE0,0xE0,0x00,0x00,0x38,0x38,0x00,0x00,0x00,0x00,0xA2,0xA2},
    {0xE0,0xE0,0x38,0x38,0x00,0x00,0xA2,0xA2,0x00,0x00,0x00,0x00,0xE0,0xE0,0xE0,0xE0,0xE0,0xE0,0xE0,0xE0,0xE0,0xE0,0xE0,0xE0,0x00,0x00,0x00,0x00,0xA2,0xA2},
    {0xE0,0xE0,0xE0,0xE0,0xE0,0xE0,0xE0,0xE0,0x00,0x00,0x00,0x00,0xE0,0xE0,0xE0,0xE0,0xE0,0xE0,0xE0,0xE0,0xE0,0xE0,0xE0,0xE0,0xE0,0xE0,0xE0,0xE0,0xA0,0xA0},
  },
  { /* sala 78 (0x78) */
    {0xA0,0xA0,0x24,0x20,0x24,0x20,0x24,0x20,0x24,0x20,0x24,0x20,0xE0,0xE0,0xE0,0xE0,0xE0,0xE0,0x00,0x00,0x00,0x00,0x00,0x00,0x00,0x00,0x00,0x00,0x00,0x00},
    {0xA0,0xA0,0x20,0x20,0x20,0x20,0x20,0x20,0x20,0x20,0x20,0x20,0x00,0xE0,0xE0,0xE0,0xE0,0xE0,0x00,0x00,0x00,0x00,0x00,0x00,0x00,0x00,0x00,0x00,0x00,0x00},
    {0xA0,0xA0,0x00,0x00,0x00,0x00,0x00,0x00,0x00,0x00,0x00,0x00,0x00,0x00,0xE0,0xE0,0xE0,0xE0,0xE0,0xE0,0xE0,0xE0,0xE0,0xE0,0xE0,0xE0,0xE0,0xE0,0xE0,0xE0},
    {0xA0,0xA0,0x00,0x00,0x00,0x00,0x00,0x00,0x00,0x00,0x00,0x00,0x00,0x00,0xE0,0xE0,0xE0,0xE0,0xE0,0xE0,0xE0,0xE0,0xE0,0xE0,0xE0,0xE0,0xE0,0xE0,0xE0,0xE0},
    {0xE0,0xE0,0x00,0x00,0xA0,0xA0,0x00,0x00,0x00,0x00,0xE0,0xE0,0xE0,0xE0,0xE0,0xE0,0xE0,0xE0,0xE0,0xE0,0xE0,0xE0,0xE0,0xE0,0xE0,0xE0,0xE0,0xE0,0xE0,0xE0},
    {0xA0,0xA0,0x00,0x00,0x00,0x00,0x00,0x00,0x00,0x00,0x00,0x00,0x00,0x00,0x00,0x00,0x00,0x00,0x00,0x00,0x00,0x00,0x00,0x00,0x24,0x20,0x24,0x20,0xE0,0xE0},
    {0xA0,0xA0,0x00,0x00,0x10,0x10,0x10,0x10,0x00,0x00,0x00,0x00,0x00,0x00,0x00,0x00,0x00,0x00,0x00,0x00,0x00,0x00,0x00,0x00,0x20,0x20,0x20,0x20,0xE0,0xE0},
    {0xA0,0xA0,0x00,0x00,0x10,0x10,0x10,0x10,0x00,0x00,0x00,0x00,0x00,0x00,0x00,0x00,0x00,0x00,0x00,0x00,0x00,0x00,0x00,0x00,0x00,0x00,0x00,0x00,0xE0,0xE0},
    {0xA0,0xA0,0x00,0x00,0xE0,0xE0,0xE0,0xE0,0xE0,0xE0,0xE0,0xE0,0xE0,0xE0,0x00,0x00,0x00,0x00,0xA0,0xA0,0x00,0x00,0x00,0x00,0x00,0x00,0x00,0x00,0xE0,0xE0},
    {0xE0,0xE0,0x00,0x00,0x00,0x00,0x00,0x00,0x00,0x00,0x00,0x00,0x00,0x00,0x00,0x00,0x00,0x00,0x00,0x00,0x00,0x00,0x00,0x00,0x00,0x00,0x00,0x00,0xE0,0xE0},
    {0xE0,0xE0,0x00,0x00,0x00,0x00,0x00,0x00,0x00,0x00,0x00,0x00,0x00,0x00,0x00,0x00,0x00,0x00,0x00,0x00,0x00,0x00,0x00,0x00,0x00,0x00,0x00,0x00,0xE0,0xE0},
    {0xE0,0xE0,0x00,0x00,0x00,0x00,0x00,0x00,0x00,0x00,0xA0,0xA0,0x00,0x00,0x00,0x00,0x00,0x00,0x00,0x00,0x00,0x00,0x00,0x00,0x00,0x00,0x00,0x00,0xE0,0xE0},
    {0xE0,0xE0,0x00,0x00,0x00,0x00,0x00,0x00,0x00,0x00,0x00,0x00,0x00,0x00,0x00,0x00,0x00,0x00,0x00,0x00,0x00,0x00,0x00,0x00,0x00,0x00,0x00,0x00,0xA0,0xA0},
    {0xE0,0xE0,0x00,0x00,0x00,0x00,0x00,0x00,0x00,0x00,0x00,0x00,0x00,0x00,0x00,0x00,0x00,0x00,0x00,0x00,0x00,0x00,0x00,0x00,0x00,0x00,0x00,0x00,0xA2,0xA2},
    {0xE0,0xE0,0x00,0x00,0x00,0x00,0x00,0x00,0x00,0x00,0x00,0x00,0x00,0x00,0x00,0x00,0x00,0x00,0x00,0x00,0x00,0x00,0x00,0x00,0x00,0x00,0x00,0x00,0xA2,0xA2},
    {0xE0,0xE0,0x00,0x00,0x00,0x00,0x00,0x00,0x00,0x00,0x00,0x00,0x00,0x00,0x00,0x00,0x00,0x00,0x38,0x38,0xE0,0xE0,0xE0,0xE0,0xE0,0xE0,0xE0,0xE0,0xA0,0xA0},
    {0xA0,0xA0,0x00,0x00,0x00,0x00,0x00,0x00,0x00,0x00,0x00,0x00,0x00,0x00,0x00,0x00,0x00,0x00,0xE0,0xE0,0xE0,0xE0,0x00,0x00,0x00,0x00,0x00,0x00,0xA0,0xA0},
    {0xA2,0xA2,0x00,0x00,0x00,0x00,0x00,0x00,0x00,0x00,0x00,0x00,0x00,0x00,0x38,0x38,0xE0,0xE0,0xE0,0xE0,0xE0,0xE0,0x00,0x00,0x00,0x00,0x00,0x00,0xA2,0xA2},
    {0xA2,0xA2,0x00,0x00,0x00,0x00,0x00,0x00,0x00,0x00,0x00,0x00,0x00,0x00,0xE0,0xE0,0xE0,0xE0,0xE0,0xE0,0xE0,0xE0,0x00,0x00,0x00,0x00,0x00,0x00,0xA2,0xA2},
    {0xA0,0xA0,0xE0,0xE0,0xE0,0xE0,0xE0,0xE0,0xE0,0xE0,0xE0,0xE0,0xE0,0xE0,0xE0,0xE0,0xE0,0xE0,0xE0,0xE0,0xE0,0xE0,0x00,0x00,0xE0,0xE0,0xE0,0xE0,0xA0,0xA0},
  },
  { /* sala 79 (0x79) */
    {0x00,0x00,0x00,0x00,0x00,0x00,0x00,0x00,0x00,0x00,0x00,0x00,0x00,0x00,0xE0,0xE0,0x00,0x00,0x00,0x00,0xE0,0xE0,0x00,0x00,0x00,0x00,0x00,0x00,0x00,0x00},
    {0x00,0x00,0x00,0x00,0x00,0x00,0x00,0x00,0x00,0x00,0x00,0x00,0x00,0x00,0xE0,0xE0,0x00,0x00,0x00,0x00,0xE0,0xE0,0x00,0x00,0x00,0x00,0x00,0x00,0x00,0x00},
    {0xE0,0xE0,0xE0,0xE0,0xE0,0xE0,0xE0,0xE0,0xE0,0xE0,0xE0,0xE0,0xE0,0xE0,0xE0,0xE0,0x00,0x00,0x00,0x00,0xE0,0xE0,0x00,0x00,0x00,0x00,0x00,0x00,0x00,0x00},
    {0xE0,0xE0,0xE0,0xE0,0xE0,0xE0,0xE0,0xE0,0xE0,0xE0,0xE0,0xE0,0xE0,0xE0,0xE0,0xE0,0x00,0x00,0x00,0x00,0xE0,0xE0,0x00,0x00,0x00,0x00,0x00,0x00,0x00,0x00},
    {0xE0,0xE0,0xE0,0xE0,0xE0,0xE0,0xE0,0xE0,0xE0,0xE0,0xE0,0xE0,0xE0,0xE0,0xE0,0xE0,0x00,0x00,0x00,0x00,0xE0,0xE0,0x00,0x00,0x00,0x00,0x00,0x00,0x00,0x00},
    {0xE0,0xE0,0x00,0x00,0x24,0x20,0x00,0x00,0x00,0x00,0x00,0x00,0x00,0x00,0x00,0x00,0x00,0x00,0x00,0x00,0xE0,0xE0,0x00,0x00,0x00,0x00,0x00,0x00,0x00,0x00},
    {0xE0,0xE0,0x00,0x00,0x20,0x20,0x00,0x00,0x00,0x00,0x00,0x00,0x00,0x00,0x00,0x00,0x00,0x00,0x00,0x00,0xE0,0xE0,0x00,0x00,0x00,0x00,0x00,0x00,0x00,0x00},
    {0xE0,0xE0,0x00,0x00,0x38,0x38,0x00,0x00,0x00,0x00,0x00,0x00,0x00,0x00,0x00,0x00,0x00,0x00,0x00,0x00,0xE0,0xE0,0x00,0x00,0x00,0x00,0x00,0x00,0x00,0x00},
    {0xE0,0xE0,0x00,0x00,0x38,0x38,0x00,0x00,0x00,0x00,0x00,0x00,0x00,0x00,0x00,0x00,0x00,0x00,0x00,0x00,0xE0,0xE0,0x00,0x00,0x00,0x00,0x00,0x00,0x00,0x00},
    {0xE0,0xE0,0xE0,0xE0,0xE0,0xE0,0xE0,0xE0,0xE0,0xE0,0xE0,0xE0,0xE0,0xE0,0xE0,0xE0,0x00,0x00,0x00,0x00,0xE0,0xE0,0x00,0x00,0x00,0x00,0x00,0x00,0x00,0x00},
    {0xE0,0xE0,0x00,0x00,0x00,0x00,0x00,0x00,0x00,0x00,0x00,0x00,0x00,0x00,0x00,0x00,0xA0,0xA0,0xA0,0xA0,0xE0,0xE0,0x00,0x00,0x00,0x00,0x00,0x00,0x00,0x00},
    {0xE0,0xE0,0x00,0x00,0x00,0x00,0x00,0x00,0x00,0x00,0x00,0x00,0x00,0x00,0x00,0x00,0x00,0x20,0x20,0x00,0xE0,0xE0,0x00,0x00,0x00,0x00,0x00,0x00,0x00,0x00},
    {0xA0,0xA0,0x00,0x00,0x00,0x00,0x00,0x00,0x00,0x00,0x00,0x00,0x38,0x38,0x00,0x00,0x00,0x20,0x20,0x00,0xE0,0xE0,0x00,0x00,0x00,0x00,0x00,0x00,0x00,0x00},
    {0xA2,0xA2,0x00,0x00,0x00,0x00,0x00,0x00,0x00,0x00,0x00,0x00,0x38,0x38,0x00,0x00,0x00,0x20,0x20,0x00,0xE0,0xE0,0x00,0x00,0x00,0x00,0x00,0x00,0x00,0x00},
    {0xA2,0xA2,0x00,0x00,0x00,0x00,0xE0,0xE0,0xE0,0xE0,0xE0,0xE0,0xE0,0xE0,0xE0,0xE0,0x00,0x20,0x20,0x00,0xE0,0xE0,0x24,0x20,0x00,0x00,0x00,0x00,0x00,0x00},
    {0xA0,0xA0,0xE0,0xE0,0xE0,0xE0,0xE0,0xE0,0xE0,0xE0,0xE0,0xE0,0xE0,0xE0,0xE0,0xE0,0xE0,0xE0,0xE0,0xE0,0xE0,0xE0,0x20,0x20,0x00,0x00,0x00,0x00,0x00,0x00},
    {0xA0,0xA0,0x00,0x00,0x24,0x20,0x00,0x00,0x00,0x00,0x00,0x00,0x00,0x00,0x00,0x00,0x00,0x00,0x00,0x00,0xA0,0xA0,0x00,0x00,0x00,0x00,0x00,0x00,0x00,0x00},
    {0xA2,0xA2,0x00,0x00,0x20,0x20,0x00,0x00,0x00,0x00,0x00,0x00,0x00,0x00,0x00,0x00,0x00,0x00,0x00,0x00,0xA2,0xA2,0x00,0x00,0x00,0x00,0x00,0x00,0x00,0x00},
    {0xA2,0xA2,0x00,0x00,0x00,0x00,0x00,0x00,0x00,0x00,0x00,0x00,0x00,0x00,0x00,0x00,0x00,0x00,0x00,0x00,0xA2,0xA2,0x00,0x00,0x00,0x00,0x00,0x00,0x00,0x00},
    {0xA0,0xA0,0xE0,0xE0,0xE0,0xE0,0xE0,0xE0,0xE0,0xE0,0xE0,0xE0,0xE0,0xE0,0xE0,0xE0,0xE0,0xE0,0xE0,0xE0,0xE0,0xE0,0xE0,0xE0,0xE0,0xE0,0xE0,0xE0,0xE0,0xE0},
  },
  { /* sala 80 (0x80) */
    {0xE0,0xE0,0x00,0x00,0xE0,0xE0,0xE0,0xE0,0xE0,0xE0,0xE0,0xE0,0xE0,0xE0,0xE0,0xE0,0xE0,0xE0,0xE0,0xE0,0xE0,0xE0,0xE0,0xE0,0xE0,0xE0,0xE0,0xE0,0xE0,0xE0},
    {0xE0,0xE0,0x00,0x00,0x00,0x00,0x00,0x00,0x00,0x00,0x00,0x00,0x00,0x00,0x00,0x00,0x00,0x00,0x00,0x00,0x00,0x00,0x00,0x00,0x00,0x00,0x00,0x00,0xE0,0xE0},
    {0xE0,0xE0,0xA0,0xA0,0x00,0x00,0x00,0x00,0x00,0x00,0x00,0x00,0x00,0x00,0x00,0x00,0x00,0x00,0x00,0x00,0x00,0x00,0x00,0x00,0x00,0x00,0x00,0x00,0xE0,0xE0},
    {0xE0,0xE0,0xA0,0xA0,0xE0,0xE0,0xE0,0xE0,0x00,0x00,0x00,0x00,0x38,0x38,0xE0,0xE0,0xE0,0xE0,0x00,0x00,0xE0,0xE0,0xE0,0xE0,0x00,0x00,0x00,0x00,0xE0,0xE0},
    {0xE0,0xE0,0xE0,0xE0,0xE0,0xE0,0x00,0x00,0x00,0x00,0x00,0x00,0xE0,0xE0,0xE0,0xE0,0x00,0x00,0x00,0x00,0xA0,0xA0,0x00,0x00,0x00,0x00,0x00,0x00,0xE0,0xE0},
    {0xE0,0xE0,0xE0,0xE0,0x00,0x00,0x00,0x00,0x00,0x00,0xE0,0xE0,0xE0,0xE0,0x00,0x00,0x00,0x00,0x00,0x00,0xA0,0xA0,0x00,0x00,0x00,0x00,0x00,0x00,0xE0,0xE0},
    {0xE0,0xE0,0x00,0x00,0x00,0x00,0x00,0x00,0xE0,0xE0,0xE0,0xE0,0x24,0x20,0x00,0x00,0x00,0x00,0x00,0x00,0xA0,0xA0,0x00,0x00,0x00,0x00,0x00,0x00,0xE0,0xE0},
    {0xE0,0xE0,0x00,0x00,0x00,0x00,0xE0,0xE0,0xE0,0xE0,0x24,0x20,0x20,0x20,0x00,0x00,0xE0,0xE0,0x00,0x00,0xA0,0xA0,0x00,0x00,0x00,0x00,0xE0,0xE0,0xE0,0xE0},
    {0xE0,0xE0,0x00,0x00,0xE0,0xE0,0xE0,0xE0,0x24,0x20,0x20,0x20,0x00,0x00,0xE0,0xE0,0xE0,0xE0,0xA0,0xA0,0xA0,0xA0,0x00,0x00,0x00,0x00,0x00,0x00,0xE0,0xE0},
    {0xE0,0xE0,0x00,0x00,0xA0,0xA0,0x00,0x00,0x20,0x20,0x00,0x00,0xE0,0xE0,0xE0,0xE0,0x00,0x00,0xA0,0xA0,0xA0,0xA0,0x00,0x00,0x00,0x00,0x00,0x00,0xE0,0xE0},
    {0xE0,0xE0,0x24,0x20,0xA0,0xA0,0x00,0x00,0x00,0x00,0xE0,0xE0,0xE0,0xE0,0x00,0x00,0x00,0x00,0xA0,0xA0,0xA0,0xA0,0x00,0x00,0x00,0x00,0x00,0x00,0xE0,0xE0},
    {0xE0,0xE0,0x20,0x20,0xA0,0xA0,0x00,0x00,0xE0,0xE0,0xE0,0xE0,0x24,0x20,0x00,0x00,0x00,0x00,0xA0,0xA0,0xE0,0xE0,0xE0,0xE0,0x00,0x00,0x00,0x00,0xE0,0xE0},
    {0xE0,0xE0,0x00,0x00,0xA0,0xA0,0x00,0x00,0xE0,0xE0,0xE0,0xE0,0x20,0x20,0x00,0x00,0x00,0x00,0xA0,0xA0,0xA0,0xA0,0x00,0x00,0x00,0x00,0x00,0x00,0xE0,0xE0},
    {0xE0,0xE0,0x00,0x00,0xA0,0xA0,0x00,0x00,0x00,0x00,0xE0,0xE0,0xE0,0xE0,0xE0,0xE0,0xE0,0xE0,0xA0,0xA0,0xA0,0xA0,0x00,0x00,0x00,0x00,0x00,0x00,0xE0,0xE0},
    {0xE0,0xE0,0x00,0x00,0xA0,0xA0,0x00,0x00,0x00,0x00,0x00,0x00,0x00,0x00,0xE0,0xE0,0xE0,0xE0,0xA0,0xA0,0xA0,0xA0,0x00,0x00,0x00,0x00,0x00,0x00,0xE0,0xE0},
    {0xE0,0xE0,0x00,0x00,0xA0,0xA0,0x00,0x00,0x00,0x00,0x38,0x38,0x00,0x00,0x00,0x00,0x00,0x00,0xA0,0xA0,0xA0,0xA0,0x00,0x00,0x00,0x00,0xE0,0xE0,0xE0,0xE0},
    {0xE0,0xE0,0x00,0x00,0xE0,0xE0,0x00,0x00,0x00,0x00,0x38,0x38,0x00,0x00,0x00,0x00,0x00,0x00,0xA0,0xA0,0xA0,0xA0,0x00,0x00,0x00,0x00,0x00,0x00,0xA0,0xA0},
    {0xE0,0xE0,0x00,0x00,0x00,0x00,0x00,0x00,0xE0,0xE0,0xE0,0xE0,0xE0,0xE0,0xE0,0xE0,0xE0,0xE0,0xA0,0xA0,0xA0,0xA0,0x00,0x00,0x00,0x00,0x00,0x00,0xA2,0xA2},
    {0xE0,0xE0,0x00,0x00,0x00,0x00,0x00,0x00,0xE0,0xE0,0xE0,0xE0,0xE0,0xE0,0xE0,0xE0,0xE0,0xE0,0xA0,0xA0,0xA0,0xA0,0x00,0x00,0x00,0x00,0x00,0x00,0xA2,0xA2},
    {0xE0,0xE0,0x00,0x00,0xE0,0xE0,0xE0,0xE0,0xE0,0xE0,0xE0,0xE0,0xE0,0xE0,0xE0,0xE0,0xE0,0xE0,0xE0,0xE0,0xE0,0xE0,0xE0,0xE0,0xE0,0xE0,0xE0,0xE0,0xA0,0xA0},
  },
  { /* sala 81 (0x81) */
    {0xE0,0xE0,0xE0,0xE0,0xE0,0xE0,0xE0,0xE0,0x00,0x00,0x00,0x00,0x00,0x00,0x00,0x00,0x00,0x00,0x00,0x00,0x00,0x00,0x00,0x00,0x00,0x00,0x00,0x00,0xE0,0xE0},
    {0xE0,0xE0,0x10,0x10,0x00,0x00,0x00,0x00,0x00,0x00,0x00,0x00,0x00,0x00,0x00,0x00,0x00,0x00,0x00,0x00,0x00,0x00,0x00,0x00,0x00,0x00,0x00,0x00,0xA0,0xA0},
    {0xE0,0xE0,0x10,0x10,0x00,0x00,0x00,0x00,0x00,0x00,0xA8,0xA8,0x00,0x00,0x00,0x00,0x00,0x00,0x00,0x00,0x00,0x00,0x00,0x00,0x00,0x00,0x00,0x00,0xA2,0xA2},
    {0xE0,0xE0,0x10,0x10,0x00,0x00,0x00,0x00,0x00,0x00,0xA8,0xA8,0x00,0x00,0x00,0x00,0x00,0x00,0x00,0x00,0x00,0x00,0x00,0x00,0x00,0x00,0x00,0x00,0xA2,0xA2},
    {0xE0,0xE0,0x10,0x10,0x00,0x00,0x00,0x00,0xE0,0xE0,0xE0,0xE0,0xE0,0xE0,0xE0,0xE0,0xE0,0xE0,0xE0,0xE0,0xE0,0xE0,0xE0,0xE0,0xE0,0xE0,0xE0,0xE0,0xA0,0xA0},
    {0xE0,0xE0,0x10,0x10,0x00,0x00,0x00,0x00,0x00,0x00,0x00,0x00,0x00,0x00,0x00,0x00,0x24,0x20,0x00,0x00,0x00,0x00,0x00,0x00,0x00,0x00,0x00,0x00,0xE0,0xE0},
    {0xE0,0xE0,0x10,0x10,0x00,0x00,0x00,0x00,0x00,0x00,0x00,0x00,0x00,0x00,0x00,0x00,0x20,0x20,0x00,0x00,0x00,0x00,0x00,0x00,0x00,0x00,0x00,0x00,0xA0,0xA0},
    {0xE0,0xE0,0x10,0x10,0x00,0x00,0x00,0x00,0x00,0x00,0x38,0x38,0x00,0x00,0x00,0x00,0x00,0x00,0x00,0x00,0x00,0x00,0x00,0x00,0x00,0x00,0x00,0x00,0xA2,0xA2},
    {0xE0,0xE0,0x10,0x10,0x00,0x00,0x00,0x00,0x00,0x00,0x38,0x38,0x00,0x00,0x00,0x00,0x00,0x00,0x00,0x00,0x00,0x00,0x00,0x00,0x00,0x00,0x00,0x00,0xA2,0xA2},
    {0xE0,0xE0,0x10,0x10,0x00,0x00,0x00,0x00,0xE0,0xE0,0xE0,0xE0,0xE0,0xE0,0xE0,0xE0,0xE0,0xE0,0xE0,0xE0,0xE0,0xE0,0xE0,0xE0,0xE0,0xE0,0xE0,0xE0,0xA0,0xA0},
    {0xE0,0xE0,0x10,0x10,0x00,0x00,0x00,0x00,0x00,0x00,0x00,0x00,0x00,0x00,0x00,0x00,0x24,0x20,0x00,0x00,0x00,0x00,0x00,0x00,0x00,0x00,0x00,0x00,0xE0,0xE0},
    {0xE0,0xE0,0x10,0x10,0x00,0x00,0x00,0x00,0x00,0x00,0x00,0x00,0x00,0x00,0x00,0x00,0x20,0x20,0x00,0x00,0x00,0x00,0x00,0x00,0x00,0x00,0x00,0x00,0xA0,0xA0},
    {0xE0,0xE0,0x10,0x10,0x00,0x00,0x00,0x00,0x00,0x00,0x38,0x38,0x00,0x00,0x00,0x00,0x00,0x00,0x00,0x00,0x00,0x00,0x00,0x00,0x00,0x00,0x00,0x00,0xA2,0xA2},
    {0xE0,0xE0,0x10,0x10,0x00,0x00,0x00,0x00,0x00,0x00,0x38,0x38,0x00,0x00,0x00,0x00,0x00,0x00,0x00,0x00,0x00,0x00,0x00,0x00,0x00,0x00,0x00,0x00,0xA2,0xA2},
    {0xE0,0xE0,0x10,0x10,0x00,0x00,0x00,0x00,0xE0,0xE0,0xE0,0xE0,0xE0,0xE0,0xE0,0xE0,0xE0,0xE0,0xE0,0xE0,0xE0,0xE0,0xE0,0xE0,0xE0,0xE0,0xE0,0xE0,0xA0,0xA0},
    {0xE0,0xE0,0x00,0x00,0x00,0x00,0x00,0x00,0x00,0x00,0x00,0x00,0x00,0x00,0x00,0x00,0x24,0x20,0x00,0x00,0x00,0x00,0x00,0x00,0x00,0x00,0x00,0x00,0xE0,0xE0},
    {0xA0,0xA0,0x00,0x00,0x00,0x00,0x00,0x00,0x00,0x00,0x00,0x00,0x00,0x00,0x00,0x00,0x20,0x20,0x00,0x00,0x00,0x00,0x00,0x00,0x00,0x00,0x00,0x00,0xA0,0xA0},
    {0xA2,0xA2,0x00,0x00,0x00,0x00,0x00,0x00,0x00,0x00,0x38,0x38,0x00,0x00,0x00,0x00,0x00,0x00,0x00,0x00,0x00,0x00,0x00,0x00,0x00,0x00,0x00,0x00,0xA2,0xA2},
    {0xA2,0xA2,0x00,0x00,0x00,0x00,0x00,0x00,0x00,0x00,0x38,0x38,0x00,0x00,0x00,0x00,0x00,0x00,0x00,0x00,0x00,0x00,0x00,0x00,0x00,0x00,0x00,0x00,0xA2,0xA2},
    {0xA0,0xA0,0xE0,0xE0,0xA0,0xA0,0xA0,0xA0,0xE0,0xE0,0xE0,0xE0,0xE0,0xE0,0xE0,0xE0,0xE0,0xE0,0xE0,0xE0,0xE0,0xE0,0xE0,0xE0,0xE0,0xE0,0xE0,0xE0,0xA0,0xA0},
  },
  { /* sala 82 (0x82) */
    {0xE0,0xE0,0x00,0x00,0x00,0x00,0x00,0x00,0x00,0x00,0x00,0x00,0x00,0x00,0x00,0x00,0x00,0x00,0x00,0x00,0x00,0x00,0x00,0x00,0x00,0x00,0x00,0x00,0xE0,0xE0},
    {0xA0,0xA0,0x00,0x00,0x00,0x00,0x00,0x00,0x00,0x00,0x00,0x00,0x00,0x00,0x00,0x00,0x00,0x00,0x00,0x00,0x00,0x00,0x00,0x00,0x00,0x00,0x00,0x00,0xA0,0xA0},
    {0xA2,0xA2,0x00,0x00,0x00,0x00,0x00,0x00,0x00,0x00,0x00,0x00,0x00,0x00,0x00,0x00,0x00,0x00,0x00,0x00,0x00,0x00,0x00,0x00,0x00,0x00,0x00,0x00,0xA2,0xA2},
    {0xA2,0xA2,0x00,0x00,0x00,0x00,0x00,0x00,0x00,0x00,0x00,0x00,0x00,0x00,0x00,0x00,0x00,0x00,0x00,0x00,0x00,0x00,0x00,0x00,0x00,0x00,0x00,0x00,0xA2,0xA2},
    {0xA0,0xA0,0xE0,0xE0,0xE0,0xE0,0x00,0x00,0x00,0x00,0x00,0x00,0xA0,0xA0,0x00,0x00,0x00,0x00,0x00,0x00,0x00,0x00,0x00,0x00,0x00,0x00,0xE0,0xE0,0xA0,0xA0},
    {0xE0,0xE0,0x00,0x00,0xE0,0xE0,0xE0,0xE0,0x00,0x00,0x00,0x00,0x00,0x00,0x00,0x00,0x00,0x00,0x00,0x00,0x00,0x00,0x00,0x00,0xE0,0xE0,0xE0,0xE0,0xE0,0xE0},
    {0xA0,0xA0,0x00,0x00,0x00,0x00,0xE0,0xE0,0xE0,0xE0,0x00,0x00,0x00,0x00,0x00,0x00,0x00,0x00,0x00,0x00,0x00,0x00,0x00,0x00,0xE0,0xE0,0xE0,0xE0,0xE0,0xE0},
    {0xA2,0xA2,0x00,0x00,0x00,0x00,0x24,0x20,0xE0,0xE0,0xE0,0xE0,0x00,0x00,0x00,0x00,0x00,0x00,0x00,0x00,0x00,0x00,0xA0,0xA0,0xE0,0xE0,0xE0,0xE0,0xE0,0xE0},
    {0xA2,0xA2,0x00,0x00,0x00,0x00,0x20,0x20,0xE0,0xE0,0xE0,0xE0,0xE0,0xE0,0x00,0x00,0x00,0x00,0x00,0x00,0x00,0x00,0x00,0x00,0x00,0x00,0x24,0x20,0xE0,0xE0},
    {0xA0,0xA0,0xE0,0xE0,0xE0,0xE0,0xE0,0xE0,0xE0,0xE0,0xE0,0xE0,0xE0,0xE0,0x00,0x00,0x00,0x00,0x00,0x00,0x00,0x00,0x00,0x00,0x00,0x00,0x20,0x20,0xE0,0xE0},
    {0xE0,0xE0,0x00,0x00,0x00,0x00,0x24,0x20,0xE0,0xE0,0xE0,0xE0,0xE0,0xE0,0x00,0x00,0xA0,0xA0,0x00,0x00,0x00,0x00,0x00,0x00,0x00,0x00,0xE0,0xE0,0xE0,0xE0},
    {0xA0,0xA0,0x00,0x00,0x00,0x00,0x20,0x20,0xE0,0xE0,0xE0,0xE0,0x00,0x00,0x00,0x00,0x00,0x00,0x00,0x00,0x00,0x00,0x00,0x00,0xE0,0xE0,0xE0,0xE0,0xE0,0xE0},
    {0xA2,0xA2,0x00,0x00,0x00,0x00,0xE0,0xE0,0xE0,0xE0,0x00,0x00,0x00,0x00,0x00,0x00,0x00,0x00,0x00,0x00,0x00,0x00,0x00,0x00,0x00,0x00,0x24,0x20,0xE0,0xE0},
    {0xA2,0xA2,0x00,0x00,0xE0,0xE0,0xE0,0xE0,0x00,0x00,0x00,0x00,0x00,0x00,0x00,0x00,0x00,0x00,0x00,0x00,0x00,0x00,0x00,0x00,0x00,0x00,0x20,0x20,0xE0,0xE0},
    {0xA0,0xA0,0xE0,0xE0,0xE0,0xE0,0x00,0x00,0x00,0x00,0x00,0x00,0xA0,0xA0,0x00,0x00,0x00,0x00,0x00,0x00,0x00,0x00,0x00,0x00,0x00,0x00,0xE0,0xE0,0xE0,0xE0},
    {0xE0,0xE0,0x00,0x00,0x00,0x00,0x00,0x00,0x00,0x00,0x00,0x00,0x00,0x00,0x00,0x00,0x00,0x00,0x00,0x00,0x00,0x00,0x00,0x00,0xE0,0xE0,0xE0,0xE0,0xE0,0xE0},
    {0xA0,0xA0,0x00,0x00,0x00,0x00,0x00,0x00,0x00,0x00,0x00,0x00,0xE0,0xE0,0x00,0x00,0x00,0x00,0x00,0x00,0x00,0x00,0x00,0x00,0x00,0x00,0x00,0x00,0xE0,0xE0},
    {0xA2,0xA2,0x00,0x00,0x00,0x00,0x00,0x00,0x00,0x00,0xE0,0xE0,0xE0,0xE0,0x10,0x10,0x10,0x10,0x10,0x10,0x10,0x10,0x10,0x10,0x10,0x10,0x10,0x10,0xE0,0xE0},
    {0xA2,0xA2,0x00,0x00,0x00,0x00,0x00,0x00,0xE0,0xE0,0xE0,0xE0,0xE0,0xE0,0x10,0x10,0x10,0x10,0x10,0x10,0x10,0x10,0x10,0x10,0x10,0x10,0x10,0x10,0xE0,0xE0},
    {0xA0,0xA0,0xE0,0xE0,0xE0,0xE0,0xE0,0xE0,0xE0,0xE0,0xE0,0xE0,0xE0,0xE0,0xE0,0xE0,0xE0,0xE0,0xE0,0xE0,0xE0,0xE0,0xE0,0xE0,0xE0,0xE0,0xE0,0xE0,0xE0,0xE0},
  },
  { /* sala 83 (0x83) */
    {0xE0,0xE0,0x00,0x00,0x00,0x00,0x00,0x00,0x00,0x00,0x00,0x00,0x00,0x00,0x00,0x00,0x00,0x00,0x00,0x00,0x00,0x00,0x00,0x00,0x00,0x00,0x00,0x00,0xE0,0xE0},
    {0xA0,0xA0,0x00,0x00,0x00,0x00,0x00,0x00,0x00,0x00,0x00,0x00,0x00,0x00,0x00,0x00,0x00,0x00,0x00,0x00,0x00,0x00,0x00,0x00,0x00,0x00,0x00,0x00,0xA0,0xA0},
    {0xA2,0xA2,0x00,0x00,0x00,0x00,0x00,0x00,0x00,0x00,0x00,0x00,0x00,0x00,0x00,0x00,0x00,0x00,0x00,0x00,0x00,0x00,0x00,0x00,0x00,0x00,0x00,0x00,0xA2,0xA2},
    {0xA2,0xA2,0x00,0x00,0x00,0x00,0x00,0x00,0x00,0x00,0x00,0x00,0x00,0x00,0x00,0x00,0x00,0x00,0x00,0x00,0x00,0x00,0x00,0x00,0x00,0x00,0x00,0x00,0xA2,0xA2},
    {0xA0,0xA0,0xE0,0xE0,0x00,0x00,0x00,0x00,0xE0,0xE0,0x00,0x00,0x00,0x00,0xE0,0xE0,0x00,0x00,0x00,0x00,0xE0,0xE0,0x00,0x00,0x00,0x00,0xE0,0xE0,0xA0,0xA0},
    {0xE0,0xE0,0x00,0x00,0x00,0x00,0x00,0x00,0xA0,0xA0,0x00,0x00,0x00,0x00,0xA0,0xA0,0x00,0x00,0x00,0x00,0xA0,0xA0,0x00,0x00,0x00,0x00,0x00,0x00,0xE0,0xE0},
    {0xE0,0xE0,0x00,0x00,0x00,0x00,0x00,0x00,0xA0,0xA0,0x00,0x00,0x00,0x00,0xA0,0xA0,0x00,0x00,0x00,0x00,0xA0,0xA0,0x00,0x00,0x00,0x00,0x00,0x00,0xE0,0xE0},
    {0xE0,0xE0,0x00,0x00,0x00,0x00,0x00,0x00,0xA0,0xA0,0x00,0x00,0x24,0x20,0xA0,0xA0,0x24,0x20,0x00,0x00,0xA0,0xA0,0x00,0x00,0x00,0x00,0x00,0x00,0xE0,0xE0},
    {0xE0,0xE0,0x00,0x00,0xE0,0xE0,0x00,0x00,0xA0,0xA0,0x00,0x00,0x20,0x20,0xA0,0xA0,0x20,0x20,0x00,0x00,0xA0,0xA0,0x00,0x00,0xE0,0xE0,0x00,0x00,0xE0,0xE0},
    {0xE0,0xE0,0x00,0x00,0x00,0x00,0x00,0x00,0xA0,0xA0,0x00,0x00,0xE0,0xE0,0xE0,0xE0,0xE0,0xE0,0x00,0x00,0xA0,0xA0,0x00,0x00,0x00,0x00,0x00,0x00,0xE0,0xE0},
    {0xE0,0xE0,0x24,0x20,0x00,0x00,0x00,0x00,0xA0,0xA0,0x00,0x00,0x24,0x20,0xA0,0xA0,0x24,0x20,0x00,0x00,0xA0,0xA0,0x00,0x00,0x00,0x00,0x24,0x20,0xE0,0xE0},
    {0xE0,0xE0,0x20,0x20,0x00,0x00,0x00,0x00,0xA0,0xA0,0x00,0x00,0x20,0x20,0xA0,0xA0,0x20,0x20,0x00,0x00,0xA0,0xA0,0x00,0x00,0x00,0x00,0x20,0x20,0xE0,0xE0},
    {0xE0,0xE0,0x00,0x00,0x00,0x00,0x00,0x00,0xA0,0xA0,0x00,0x00,0x00,0x00,0xA0,0xA0,0x00,0x00,0x00,0x00,0xA0,0xA0,0x00,0x00,0x00,0x00,0x00,0x00,0xE0,0xE0},
    {0xE0,0xE0,0x00,0x00,0x00,0x00,0x00,0x00,0xA0,0xA0,0x00,0x00,0xE0,0xE0,0xE0,0xE0,0xE0,0xE0,0x00,0x00,0xA0,0xA0,0x00,0x00,0x00,0x00,0x00,0x00,0xE0,0xE0},
    {0xE0,0xE0,0x00,0x00,0x00,0x00,0x24,0x20,0xA0,0xA0,0x00,0x00,0x00,0x00,0x00,0x00,0x00,0x00,0x00,0x00,0xA0,0xA0,0x24,0x20,0x00,0x00,0x00,0x00,0xE0,0xE0},
    {0xE0,0xE0,0xE0,0xE0,0x00,0x00,0x20,0x20,0xA0,0xA0,0x00,0x00,0x00,0x00,0x00,0x00,0x00,0x00,0x00,0x00,0xA0,0xA0,0x20,0x20,0x00,0x00,0xE0,0xE0,0xE0,0xE0},
    {0xE0,0xE0,0x00,0x00,0x00,0x00,0x00,0x00,0xE0,0xE0,0xE0,0xE0,0x00,0x00,0x00,0x00,0x00,0x00,0xE0,0xE0,0xE0,0xE0,0x00,0x00,0x00,0x00,0x00,0x00,0xA0,0xA0},
    {0xE0,0xE0,0x00,0x00,0x00,0x00,0x00,0x00,0x38,0x38,0x00,0x00,0x00,0x00,0x00,0x00,0x00,0x00,0x00,0x00,0x38,0x38,0x00,0x00,0x00,0x00,0x00,0x00,0xA2,0xA2},
    {0xE0,0xE0,0x00,0x00,0x00,0x00,0x00,0x00,0x38,0x38,0x00,0x00,0x00,0x00,0xE0,0xE0,0x00,0x00,0x00,0x00,0x38,0x38,0x00,0x00,0x00,0x00,0x00,0x00,0xA2,0xA2},
    {0xE0,0xE0,0xE0,0xE0,0xE0,0xE0,0xE0,0xE0,0xE0,0xE0,0xE0,0xE0,0xE0,0xE0,0xE0,0xE0,0xE0,0xE0,0xE0,0xE0,0xE0,0xE0,0xE0,0xE0,0xE0,0xE0,0xE0,0xE0,0xA0,0xA0},
  },
  { /* sala 84 (0x84) */
    {0xE0,0xE0,0x00,0x00,0x00,0x00,0xE0,0xE0,0xA0,0xA0,0xE0,0xE0,0xE0,0xE0,0xE0,0xE0,0xE0,0xE0,0x00,0x00,0x00,0x00,0xE0,0xE0,0x00,0x00,0x00,0x00,0xE0,0xE0},
    {0xA0,0xA0,0x00,0x00,0x00,0x00,0xE0,0xE0,0xA0,0xA0,0x00,0x00,0x00,0x00,0x00,0x00,0x00,0x00,0x00,0x00,0x00,0x00,0xE0,0xE0,0x00,0x00,0x00,0x00,0xA0,0xA0},
    {0xA2,0xA2,0x00,0x00,0x00,0x00,0xE0,0xE0,0xA0,0xA0,0x00,0x00,0x00,0x00,0x00,0x00,0x00,0x00,0x00,0x00,0x00,0x00,0xE0,0xE0,0x00,0x00,0x00,0x00,0xA2,0xA2},
    {0xA2,0xA2,0x00,0x00,0x00,0x00,0xE0,0xE0,0xA0,0xA0,0xE0,0xE0,0xE0,0xE0,0xE0,0xE0,0xE0,0xE0,0xE0,0xE0,0xE0,0xE0,0xE0,0xE0,0x00,0x00,0x00,0x00,0xA2,0xA2},
    {0xA0,0xA0,0xE0,0xE0,0x00,0x00,0x00,0xE0,0xE0,0xE0,0xE0,0xE0,0xE0,0xE0,0xE0,0xE0,0xE0,0xE0,0xE0,0xE0,0xE0,0xE0,0xE0,0x00,0x00,0x00,0xE0,0xE0,0xA0,0xA0},
    {0xE0,0xE0,0x00,0x00,0x00,0x00,0x00,0x00,0x00,0x00,0x00,0x00,0x00,0x00,0x00,0x00,0x00,0x00,0x00,0x00,0x00,0x00,0x00,0x00,0x00,0x00,0xE0,0xE0,0xE0,0xE0},
    {0xE0,0xE0,0x00,0x00,0x00,0x00,0x00,0x00,0xA8,0xA8,0x00,0x00,0x00,0x00,0x00,0x00,0x00,0x00,0x00,0x00,0x00,0x00,0x00,0x00,0x00,0x00,0x24,0x20,0xE0,0xE0},
    {0xE0,0xE0,0x00,0x00,0x00,0x00,0x00,0x00,0xA8,0xA8,0x00,0x00,0x00,0x00,0x00,0x00,0x00,0x00,0x00,0x00,0x00,0x00,0x00,0x00,0xE0,0xE0,0x20,0x20,0xE0,0xE0},
    {0xE0,0xE0,0xE0,0xE0,0xE0,0xE0,0xE0,0xE0,0xE0,0xE0,0xE0,0xE0,0xE0,0xE0,0xE0,0xE0,0x00,0x00,0x00,0x00,0x00,0x00,0xE0,0xE0,0xE0,0xE0,0x00,0x00,0xE0,0xE0},
    {0xE0,0xE0,0xE0,0xE0,0xE0,0xE0,0xE0,0xE0,0x00,0x00,0x00,0x00,0x00,0x00,0x00,0x00,0x00,0x00,0x00,0x00,0xE0,0xE0,0xE0,0xE0,0x00,0x00,0x00,0x00,0xE0,0xE0},
    {0xE0,0xE0,0xE0,0xE0,0xE0,0xE0,0x00,0x00,0x00,0x00,0x00,0x00,0x00,0x00,0x00,0x00,0x00,0x00,0x00,0x00,0xE0,0xE0,0xE0,0xE0,0x00,0x00,0x00,0x00,0xE0,0xE0},
    {0xE0,0xE0,0xE0,0xE0,0x00,0x00,0x00,0x00,0x00,0x00,0x00,0x00,0x00,0x00,0x00,0x00,0x00,0x00,0xE0,0xE0,0xE0,0xE0,0xE0,0xE0,0xE0,0xE0,0x00,0x00,0xE0,0xE0},
    {0xE0,0xE0,0x00,0x00,0x00,0x00,0x00,0x00,0x00,0x00,0x00,0x00,0x00,0x00,0x00,0x00,0x00,0x00,0x00,0x00,0x00,0x00,0x00,0x00,0x00,0x00,0xA0,0xA0,0xE0,0xE0},
    {0xE0,0xE0,0x00,0x00,0x00,0x00,0x00,0x00,0x00,0x00,0xE0,0xE0,0xE0,0xE0,0x00,0x00,0x00,0x00,0x00,0x00,0x00,0x00,0x00,0x00,0x00,0x00,0xA0,0xA0,0xE0,0xE0},
    {0xE0,0xE0,0x00,0x00,0x00,0x00,0x00,0x00,0xE0,0xE0,0xE0,0xE0,0xE0,0xE0,0xE0,0xE0,0x00,0x00,0x00,0x00,0x00,0x00,0xE0,0xE0,0xE0,0xE0,0xA0,0xA0,0xE0,0xE0},
    {0xE0,0xE0,0x00,0x00,0x00,0x00,0xE0,0xE0,0xE0,0xE0,0x24,0x20,0x24,0x20,0xE0,0xE0,0xE0,0xE0,0x00,0x00,0x00,0x00,0x00,0x00,0xE0,0xE0,0xE0,0xE0,0xE0,0xE0},
    {0xA0,0xA0,0x00,0x00,0x00,0x00,0xE0,0xE0,0x00,0x00,0x20,0x20,0x20,0x20,0x00,0x00,0xE0,0xE0,0xE0,0xE0,0x00,0x00,0x00,0x00,0x00,0x00,0x00,0x00,0xA0,0xA0},
    {0xA2,0xA2,0x00,0x00,0xE0,0xE0,0xE0,0xE0,0x00,0x00,0x38,0x38,0x00,0x00,0x00,0x00,0x00,0x00,0x00,0x00,0x00,0x00,0x00,0x00,0x00,0x00,0x00,0x00,0xA2,0xA2},
    {0xA2,0xA2,0x00,0x00,0xE0,0xE0,0xE0,0xE0,0x00,0x00,0x38,0x38,0x00,0x00,0x00,0x00,0x00,0x00,0x00,0x00,0x00,0x00,0x00,0x00,0x00,0x00,0x00,0x00,0xA2,0xA2},
    {0xA0,0xA0,0xE0,0xE0,0xE0,0xE0,0xE0,0xE0,0xE0,0xE0,0xE0,0xE0,0xE0,0xE0,0xE0,0xE0,0xA1,0xA1,0xA1,0xA1,0xA1,0xA1,0xE0,0xE0,0xE0,0xE0,0xE0,0xE0,0xA0,0xA0},
  },
  { /* sala 85 (0x85) */
    {0xE0,0xE0,0x00,0x00,0x00,0x00,0x00,0x00,0x00,0x00,0x00,0x00,0x00,0x00,0x00,0x00,0x00,0x00,0x00,0x00,0x00,0x00,0x00,0x00,0x00,0x00,0x00,0x00,0xE0,0xE0},
    {0xA0,0xA0,0x00,0x00,0x00,0x00,0x00,0x00,0x00,0x00,0x00,0x00,0x00,0x00,0x00,0x00,0x00,0x00,0x00,0x00,0x00,0x00,0x00,0x00,0x00,0x00,0x00,0x00,0xA0,0xA0},
    {0xA2,0xA2,0x00,0x00,0x00,0x00,0x00,0x00,0x38,0x38,0x00,0x00,0x00,0x00,0x00,0x00,0x00,0x00,0x38,0x38,0x00,0x00,0x00,0x00,0x00,0x00,0x00,0x00,0xA2,0xA2},
    {0xA2,0xA2,0x00,0x00,0x00,0x00,0x00,0x00,0x38,0x38,0x00,0x00,0x00,0x00,0x00,0x00,0x00,0x00,0x38,0x38,0x00,0x00,0x00,0x00,0x00,0x00,0x00,0x00,0xA2,0xA2},
    {0xA0,0xA0,0xE0,0xE0,0x00,0x00,0x00,0x00,0xE0,0xE0,0xE0,0xE0,0x00,0x00,0x00,0x00,0x00,0x00,0xE0,0xE0,0xE0,0xE0,0x00,0x00,0x00,0x00,0xE0,0xE0,0xA0,0xA0},
    {0xE0,0xE0,0x00,0x00,0x00,0x00,0x00,0x00,0x00,0x00,0x00,0x00,0x00,0x00,0x00,0x00,0x00,0x00,0x00,0x00,0x00,0x00,0x00,0x00,0x00,0x00,0x00,0x00,0xE0,0xE0},
    {0xE0,0xE0,0x00,0x00,0x00,0x00,0x00,0x00,0x00,0x00,0x00,0x00,0x00,0x00,0x00,0x00,0x00,0x00,0x00,0x00,0x00,0x00,0x00,0x00,0x00,0x00,0x00,0x00,0xE0,0xE0},
    {0xE0,0xE0,0x24,0x20,0xE0,0xE0,0xE0,0xE0,0x00,0x00,0x00,0x00,0xE0,0xE0,0xE0,0xE0,0xE0,0xE0,0x00,0x00,0x00,0x00,0xE0,0xE0,0xE0,0xE0,0x24,0x20,0xE0,0xE0},
    {0xE0,0xE0,0x20,0x20,0x00,0x00,0x00,0x00,0x00,0x00,0x24,0x20,0x00,0x00,0x00,0x00,0x00,0x00,0x00,0x00,0x24,0x20,0x00,0x00,0x00,0x00,0x20,0x20,0xE0,0xE0},
    {0xE0,0xE0,0x00,0x00,0x00,0x00,0x00,0x00,0x00,0x00,0x20,0x20,0x00,0x00,0x00,0x00,0x00,0x00,0x00,0x00,0x20,0x20,0x00,0x00,0x00,0x00,0x00,0x00,0xE0,0xE0},
    {0xE0,0xE0,0xE0,0xE0,0x00,0x00,0x00,0x00,0xE0,0xE0,0xE0,0xE0,0x00,0x00,0x00,0x00,0x00,0x00,0xE0,0xE0,0xE0,0xE0,0x00,0x00,0x00,0x00,0xE0,0xE0,0xE0,0xE0},
    {0xE0,0xE0,0x00,0x00,0x00,0x00,0x00,0x00,0x00,0x00,0x00,0x00,0x00,0x00,0x00,0x00,0x00,0x00,0x00,0x00,0x00,0x00,0x00,0x00,0x00,0x00,0x00,0x00,0xE0,0xE0},
    {0xE0,0xE0,0x00,0x00,0x00,0x00,0x00,0x00,0x00,0x00,0x00,0x00,0x00,0x00,0x00,0x00,0x00,0x00,0x00,0x00,0x00,0x00,0x00,0x00,0x00,0x00,0x00,0x00,0xE0,0xE0},
    {0xE0,0xE0,0x00,0x00,0xE0,0xE0,0xE0,0xE0,0x00,0x00,0x00,0x00,0xE0,0xE0,0xE0,0xE0,0xE0,0xE0,0x00,0x00,0x00,0x00,0xE0,0xE0,0xE0,0xE0,0x00,0x00,0xE0,0xE0},
    {0xE0,0xE0,0x00,0x00,0x00,0x00,0x00,0x00,0x00,0x00,0x24,0x20,0x00,0x00,0x00,0x00,0x00,0x00,0x00,0x00,0x24,0x20,0x00,0x00,0x00,0x00,0x00,0x00,0xE0,0xE0},
    {0xE0,0xE0,0x00,0x00,0x00,0x00,0x00,0x00,0x00,0x00,0x20,0x20,0x00,0x00,0x00,0x00,0x00,0x00,0x00,0x00,0x20,0x20,0x00,0x00,0x00,0x00,0x00,0x00,0xE0,0xE0},
    {0xA0,0xA0,0x00,0x00,0x00,0x00,0x00,0x00,0xE0,0xE0,0xE0,0xE0,0x00,0x00,0x00,0x00,0x00,0x00,0xE0,0xE0,0xE0,0xE0,0x00,0x00,0x00,0x00,0x00,0x00,0xA0,0xA0},
    {0xA2,0xA2,0x00,0x00,0x00,0x00,0x00,0x00,0x00,0x00,0x00,0x00,0x00,0x00,0x00,0x00,0x00,0x00,0x00,0x00,0x00,0x00,0x00,0x00,0x00,0x00,0x00,0x00,0xA2,0xA2},
    {0xA2,0xA2,0x00,0x00,0x00,0x00,0x00,0x00,0x00,0x00,0x00,0x00,0x00,0x00,0x00,0x00,0x00,0x00,0x00,0x00,0x00,0x00,0x00,0x00,0x00,0x00,0x00,0x00,0xA2,0xA2},
    {0xA0,0xA0,0xE0,0xE0,0xE0,0xE0,0xE0,0xE0,0xE0,0xE0,0xE0,0xE0,0xE0,0xE0,0xE0,0xE0,0xE0,0xE0,0xE0,0xE0,0xE0,0xE0,0xE0,0xE0,0xE0,0xE0,0xE0,0xE0,0xA0,0xA0},
  },
  { /* sala 86 (0x86) */
    {0xE0,0xE0,0x00,0x00,0x00,0x00,0x00,0x00,0x00,0x00,0x00,0x00,0x00,0x00,0x00,0x00,0x00,0x00,0x00,0x00,0x00,0x00,0x00,0x00,0x00,0x00,0x24,0x20,0xE0,0xE0},
    {0xA0,0xA0,0x00,0x00,0x00,0x00,0x00,0x00,0x00,0x00,0x00,0x00,0x00,0x00,0x00,0x00,0x00,0x00,0x00,0x00,0x00,0x00,0x00,0x00,0x00,0x00,0x20,0x20,0xE0,0xE0},
    {0xA2,0xA2,0x00,0x00,0x00,0x00,0x00,0x00,0x00,0x00,0x00,0x00,0xA8,0xA8,0x00,0x00,0x00,0x00,0x00,0x00,0x00,0x00,0x00,0x00,0x00,0x00,0x00,0x00,0xE0,0xE0},
    {0xA2,0xA2,0x00,0x00,0x00,0x00,0x00,0x00,0x00,0x00,0x00,0x00,0xA8,0xA8,0x00,0x00,0x00,0x00,0x00,0x00,0x00,0x00,0x00,0x00,0x00,0x00,0x00,0x00,0xE0,0xE0},
    {0xA0,0xA0,0x00,0x00,0x00,0x00,0x00,0x00,0xE0,0xE0,0xE0,0xE0,0xE0,0xE0,0xE0,0xE0,0xE0,0xE0,0xE0,0xE0,0xE0,0xE0,0xE0,0xE0,0xE0,0xE0,0xE0,0xE0,0xE0,0xE0},
    {0xE0,0xE0,0x00,0x00,0x00,0x00,0x00,0x00,0x00,0x00,0x00,0x00,0x00,0x00,0x00,0x00,0x00,0x00,0x00,0x00,0x00,0x00,0x00,0x00,0x00,0x00,0x24,0x20,0xE0,0xE0},
    {0xE0,0xE0,0x00,0x00,0x00,0x00,0x00,0x00,0x00,0x00,0x00,0x00,0x00,0x00,0x00,0x00,0x00,0x00,0x00,0x00,0x00,0x00,0x00,0x00,0x00,0x00,0x20,0x20,0xE0,0xE0},
    {0xE0,0xE0,0x00,0x00,0x00,0x00,0x00,0x00,0x00,0x00,0x00,0x00,0x38,0x38,0x00,0x00,0x00,0x00,0x00,0x00,0x00,0x00,0x00,0x00,0x00,0x00,0x00,0x00,0xE0,0xE0},
    {0xE0,0xE0,0x00,0x00,0x00,0x00,0x00,0x00,0x00,0x00,0x00,0x00,0x38,0x38,0x00,0x00,0x00,0x00,0x00,0x00,0x00,0x00,0x00,0x00,0x00,0x00,0x00,0x00,0xE0,0xE0},
    {0xE0,0xE0,0xE0,0xE0,0xE0,0xE0,0xE0,0xE0,0xE0,0xE0,0xE0,0xE0,0xE0,0xE0,0xE0,0xE0,0xE0,0xE0,0xE0,0xE0,0xE0,0xE0,0x00,0x00,0x00,0x00,0x00,0x00,0xE0,0xE0},
    {0xE0,0xE0,0x24,0x20,0x00,0x00,0x00,0x00,0x00,0x00,0x00,0x00,0x00,0x00,0x00,0x00,0x00,0x00,0x00,0x00,0x00,0x00,0x00,0x00,0x00,0x00,0x00,0x00,0xE0,0xE0},
    {0xE0,0xE0,0x20,0x20,0x00,0x00,0x00,0x00,0x00,0x00,0x00,0x00,0x00,0x00,0x00,0x00,0x00,0x00,0x00,0x00,0x00,0x00,0x00,0x00,0x00,0x00,0x00,0x00,0xE0,0xE0},
    {0xE0,0xE0,0x00,0x00,0x00,0x00,0x00,0x00,0x00,0x00,0x00,0x00,0x38,0x38,0x00,0x00,0x00,0x00,0x00,0x00,0x00,0x00,0x00,0x00,0x00,0x00,0x00,0x00,0xE0,0xE0},
    {0xE0,0xE0,0x00,0x00,0x00,0x00,0x00,0x00,0x00,0x00,0x00,0x00,0x38,0x38,0x00,0x00,0x00,0x00,0x00,0x00,0x00,0x00,0x00,0x00,0x00,0x00,0x00,0x00,0xE0,0xE0},
    {0xE0,0xE0,0x00,0x00,0x00,0x00,0x00,0x00,0xE0,0xE0,0xE0,0xE0,0xE0,0xE0,0xE0,0xE0,0xE0,0xE0,0xE0,0xE0,0xE0,0xE0,0xE0,0xE0,0xE0,0xE0,0xE0,0xE0,0xE0,0xE0},
    {0xE0,0xE0,0x00,0x00,0x00,0x00,0x00,0x00,0x00,0x00,0x00,0x00,0x00,0x00,0x00,0x00,0x00,0x00,0x00,0x00,0x00,0x00,0x00,0x00,0x00,0x00,0x00,0x00,0xE0,0xE0},
    {0xA0,0xA0,0x00,0x00,0x00,0x00,0x00,0x00,0x00,0x00,0x00,0x00,0x00,0x00,0x00,0x00,0x00,0x00,0x00,0x00,0x00,0x00,0x00,0x00,0x00,0x00,0x00,0x00,0xA0,0xA0},
    {0xA2,0xA2,0x00,0x00,0x00,0x00,0x00,0x00,0x00,0x00,0x00,0x00,0xA8,0xA8,0x00,0x00,0x00,0x00,0x00,0x00,0x00,0x00,0x00,0x00,0x00,0x00,0x00,0x00,0xA2,0xA2},
    {0xA2,0xA2,0x00,0x00,0x00,0x00,0x00,0x00,0x00,0x00,0x00,0x00,0xA8,0xA8,0x00,0x00,0x00,0x00,0x00,0x00,0x00,0x00,0x00,0x00,0x00,0x00,0x00,0x00,0xA2,0xA2},
    {0xA0,0xA0,0xE0,0xE0,0xE0,0xE0,0xE0,0xE0,0xE0,0xE0,0xE0,0xE0,0xE0,0xE0,0xE0,0xE0,0xE0,0xE0,0xE0,0xE0,0xE0,0xE0,0xE0,0xE0,0xE0,0xE0,0xE0,0xE0,0xA0,0xA0},
  },
  { /* sala 87 (0x87) */
    {0xE0,0xE0,0x00,0x00,0x00,0x00,0x38,0x38,0x00,0x00,0x00,0x00,0x00,0x00,0x00,0x00,0x00,0x00,0x00,0x00,0x00,0x00,0x00,0x00,0x00,0x00,0x00,0x00,0xE0,0xE0},
    {0xE0,0xE0,0x00,0x00,0x00,0x00,0x38,0x38,0x00,0x00,0x00,0x00,0x00,0x00,0x00,0x00,0x00,0x00,0x00,0x00,0x00,0x00,0x00,0x00,0x00,0x00,0x00,0x00,0xA0,0xA0},
    {0xE0,0xE0,0x00,0x00,0xE0,0xE0,0xE0,0xE0,0x00,0x00,0x00,0x00,0x00,0x00,0x00,0x00,0x00,0x00,0x24,0x20,0x00,0x00,0x00,0x00,0x00,0x00,0x00,0x00,0xA2,0xA2},
    {0xE0,0xE0,0x00,0x00,0xE0,0xE0,0xE0,0xE0,0xE0,0xE0,0x00,0x00,0x00,0x00,0x00,0x00,0x00,0x00,0x20,0x20,0x00,0x00,0x00,0x00,0x00,0x00,0x00,0x00,0xA2,0xA2},
    {0xE0,0xE0,0x00,0x00,0x24,0x20,0x00,0x00,0x00,0x00,0x00,0x00,0x00,0x00,0x00,0x00,0x00,0x00,0xE0,0xE0,0x00,0x00,0x00,0x00,0x00,0x00,0xE0,0xE0,0xA0,0xA0},
    {0xE0,0xE0,0x00,0x00,0x20,0x20,0x00,0x00,0x00,0x00,0x00,0x00,0x00,0x00,0x00,0x00,0xE0,0xE0,0xE0,0xE0,0x00,0x00,0x00,0x00,0x00,0x00,0x00,0x00,0xE0,0xE0},
    {0xE0,0xE0,0x00,0x00,0x00,0x00,0x00,0x00,0x00,0x00,0x00,0x00,0x00,0x00,0xE0,0xE0,0xE0,0xE0,0xE0,0xE0,0x00,0x00,0x00,0x00,0x00,0x00,0x00,0x00,0xE0,0xE0},
    {0xE0,0xE0,0x00,0x00,0x00,0x00,0x00,0x00,0x38,0x38,0x00,0x00,0x00,0x00,0x00,0x00,0x00,0x00,0x00,0x00,0x00,0x00,0x24,0x20,0x00,0x00,0x00,0x00,0xE0,0xE0},
    {0xE0,0xE0,0x00,0x00,0x00,0x00,0xE0,0xE0,0xE0,0xE0,0x00,0x00,0x00,0x00,0x00,0x00,0x00,0x00,0x00,0x00,0x00,0x00,0x20,0x20,0x00,0x00,0x00,0x00,0xE0,0xE0},
    {0xE0,0xE0,0x00,0x00,0x00,0x00,0x00,0x00,0xE0,0xE0,0xE0,0xE0,0x00,0x00,0x00,0x00,0x00,0x00,0x00,0x00,0xE0,0xE0,0xE0,0xE0,0xE0,0xE0,0x00,0x00,0xE0,0xE0},
    {0xE0,0xE0,0x00,0x00,0x00,0x00,0x00,0x00,0x00,0x00,0xE0,0xE0,0xE0,0xE0,0x00,0x00,0x00,0x00,0x00,0x00,0xE0,0xE0,0xE0,0xE0,0xE0,0xE0,0x00,0x00,0xE0,0xE0},
    {0xE0,0xE0,0x00,0x00,0x24,0x20,0x00,0x00,0x00,0x00,0x00,0x00,0x00,0x00,0x00,0x00,0x00,0x00,0x00,0x00,0x00,0x00,0xE0,0xE0,0xE0,0xE0,0x00,0x00,0xE0,0xE0},
    {0xE0,0xE0,0x00,0x00,0x20,0x20,0x00,0x00,0x00,0x00,0x00,0x00,0x00,0x00,0x00,0x00,0x24,0x20,0x00,0x00,0x00,0x00,0xE0,0xE0,0x00,0x00,0x00,0x00,0xE0,0xE0},
    {0xE0,0xE0,0x00,0x00,0xE0,0xE0,0x00,0x00,0x00,0x00,0x00,0x00,0x00,0x00,0x00,0x00,0x20,0x20,0xE0,0xE0,0x00,0x00,0x00,0x00,0x00,0x00,0x00,0x00,0xE0,0xE0},
    {0xE0,0xE0,0x00,0x00,0xE0,0xE0,0xE0,0xE0,0x00,0x00,0x00,0x00,0x00,0x00,0x00,0x00,0xE0,0xE0,0xE0,0xE0,0x00,0x00,0x00,0x00,0x00,0x00,0x00,0x00,0xE0,0xE0},
    {0xE0,0xE0,0x00,0x00,0xE0,0xE0,0xE0,0xE0,0xE0,0xE0,0x00,0x00,0x00,0x00,0xE0,0xE0,0xE0,0xE0,0x00,0x00,0x00,0x00,0x00,0x00,0x00,0x00,0x00,0x00,0xE0,0xE0},
    {0xA0,0xA0,0x00,0x00,0x00,0x00,0x00,0x00,0x00,0x00,0x00,0x00,0x00,0x00,0x00,0x00,0x00,0x00,0x00,0x00,0x00,0x00,0x00,0x00,0x00,0x00,0xE0,0xE0,0xE0,0xE0},
    {0xA2,0xA2,0x00,0x00,0x00,0x00,0x00,0x00,0x00,0x00,0x00,0x00,0x00,0x00,0x00,0x00,0x00,0x00,0x00,0x00,0x00,0x00,0x00,0x00,0xE0,0xE0,0xE0,0xE0,0xE0,0xE0},
    {0xA2,0xA2,0x00,0x00,0x00,0x00,0x00,0x00,0x00,0x00,0x00,0x00,0x00,0x00,0x00,0x00,0x00,0x00,0x00,0x00,0x00,0x00,0xE0,0xE0,0xE0,0xE0,0xE0,0xE0,0xE0,0xE0},
    {0xA0,0xA0,0xE0,0xE0,0xE0,0xE0,0xE0,0xE0,0xE0,0xE0,0xE0,0xE0,0xE0,0xE0,0xE0,0xE0,0xE0,0xE0,0xE0,0xE0,0xE0,0xE0,0xE0,0xE0,0xE0,0xE0,0xE0,0xE0,0xE0,0xE0},
  },
  { /* sala 88 (0x88) */
    {0xE0,0xE0,0x00,0x00,0x00,0x00,0x00,0x00,0x00,0x00,0x00,0x00,0x00,0x00,0x00,0x00,0x00,0x00,0x00,0x00,0x00,0x00,0x00,0x00,0x00,0x00,0x00,0x00,0xE0,0xE0},
    {0xA0,0xA0,0x00,0x00,0x00,0x00,0x00,0x00,0x00,0x00,0x00,0x00,0x00,0x00,0x00,0x00,0x00,0x00,0x00,0x00,0x00,0x00,0x00,0x00,0x00,0x00,0x00,0x00,0xA0,0xA0},
    {0xA2,0xA2,0x00,0x00,0x00,0x00,0x00,0x00,0x00,0x00,0x00,0x00,0x00,0x00,0x38,0x38,0x00,0x00,0x00,0x00,0x00,0x00,0x00,0x00,0x00,0x00,0x00,0x00,0xA2,0xA2},
    {0xA2,0xA2,0x00,0x00,0x00,0x00,0x00,0x00,0x00,0x00,0x00,0x00,0x00,0x00,0x38,0x38,0x00,0x00,0x00,0x00,0x00,0x00,0x00,0x00,0x00,0x00,0x00,0x00,0xA2,0xA2},
    {0xA0,0xA0,0xE0,0xE0,0x00,0x00,0x00,0x00,0xE0,0xE0,0xE0,0xE0,0xE0,0xE0,0xE0,0xE0,0xE0,0xE0,0xE0,0xE0,0x00,0x00,0x00,0x00,0x00,0x00,0xE0,0xE0,0xA0,0xA0},
    {0xE0,0xE0,0x00,0x00,0x00,0x00,0x00,0x00,0xA0,0xA0,0x00,0x00,0x00,0x00,0x00,0x00,0x00,0x00,0x00,0x00,0x00,0x00,0x00,0x00,0x00,0x00,0x00,0x00,0xE0,0xE0},
    {0xE0,0xE0,0x00,0x00,0x00,0x00,0x00,0x00,0xA0,0xA0,0x00,0x00,0x00,0x00,0x00,0x00,0x00,0x00,0x00,0x00,0x00,0x00,0x00,0x00,0x00,0x00,0x00,0x00,0xE0,0xE0},
    {0xE0,0xE0,0x00,0x00,0x00,0x00,0x00,0x00,0xA0,0xA0,0x00,0x00,0x00,0x00,0x00,0x00,0x00,0x00,0x00,0x00,0x00,0x00,0x00,0x00,0x00,0x00,0x00,0x00,0xE0,0xE0},
    {0xE0,0xE0,0x00,0x00,0x00,0x00,0x00,0x00,0xA0,0xA0,0x00,0x00,0x00,0x00,0xA8,0xA8,0x00,0x00,0x00,0x00,0x00,0x00,0x10,0x10,0x10,0x10,0x10,0x10,0xE0,0xE0},
    {0xE0,0xE0,0x00,0x00,0x00,0x00,0x00,0x00,0xA0,0xA0,0x00,0x00,0x00,0x00,0xA8,0xA8,0x00,0x00,0x00,0x00,0x00,0x00,0x10,0x10,0x10,0x10,0x10,0x10,0xE0,0xE0},
    {0xE0,0xE0,0xE0,0xE0,0x00,0x00,0x00,0x00,0xA0,0xA0,0x00,0x00,0xE0,0xE0,0xE0,0xE0,0xE0,0xE0,0x00,0x00,0x00,0x00,0xE0,0xE0,0xE0,0xE0,0xE0,0xE0,0xE0,0xE0},
    {0xE0,0xE0,0x24,0x20,0x00,0x00,0x00,0x00,0xA0,0xA0,0x00,0x00,0x00,0x00,0x00,0x00,0x00,0x00,0x00,0x00,0x00,0x00,0xA0,0xA0,0x00,0x00,0x00,0x00,0xA0,0xA0},
    {0xE0,0xE0,0x20,0x20,0x00,0x00,0x00,0x00,0xA0,0xA0,0x00,0x00,0x00,0x00,0x38,0x38,0x00,0x00,0x00,0x00,0x00,0x00,0xA0,0xA0,0x00,0x00,0x00,0x00,0xA2,0xA2},
    {0xE0,0xE0,0x00,0x00,0x00,0x00,0x00,0x00,0xA0,0xA0,0x00,0x00,0x00,0x00,0x38,0x38,0x00,0x00,0x00,0x00,0x00,0x00,0xA0,0xA0,0x00,0x00,0x00,0x00,0xA2,0xA2},
    {0xE0,0xE0,0xE0,0xE0,0x00,0x00,0x00,0x00,0xE0,0xE0,0xE0,0xE0,0xE0,0xE0,0xE0,0xE0,0xE0,0xE0,0xE0,0xE0,0x00,0x00,0xE0,0xE0,0x00,0x00,0xE0,0xE0,0xA0,0xA0},
    {0xE0,0xE0,0x24,0x20,0x00,0x00,0x00,0x00,0x00,0x00,0x00,0x00,0x00,0x00,0x00,0x00,0x00,0x00,0x00,0x00,0x00,0x00,0x00,0x00,0x00,0x00,0x00,0x00,0xE0,0xE0},
    {0xE0,0xE0,0x20,0x20,0x00,0x00,0x00,0x00,0x00,0x00,0x00,0x00,0x00,0x00,0x00,0x00,0x00,0x00,0x00,0x00,0x00,0x00,0x00,0x00,0x00,0x00,0x00,0x00,0xE0,0xE0},
    {0xE0,0xE0,0x00,0x00,0x00,0x00,0x00,0x00,0x00,0x00,0x00,0x00,0x00,0x00,0x00,0x00,0x00,0x00,0x00,0x00,0x00,0x00,0x00,0x00,0x00,0x00,0x00,0x00,0xE0,0xE0},
    {0xE0,0xE0,0x00,0x00,0x00,0x00,0x00,0x00,0x00,0x00,0x00,0x00,0x00,0x00,0x00,0x00,0x00,0x00,0x00,0x00,0x00,0x00,0x00,0x00,0x00,0x00,0x00,0x00,0xE0,0xE0},
    {0xE0,0xE0,0xE0,0xE0,0xE0,0xE0,0xE0,0xE0,0xE0,0xE0,0xE0,0xE0,0x00,0x00,0x00,0x00,0x00,0x00,0xE0,0xE0,0xE0,0xE0,0xE0,0xE0,0xE0,0xE0,0xE0,0xE0,0xE0,0xE0},
  },
  { /* sala 89 (0x89) */
    {0xE0,0xE0,0xE0,0xE0,0xE0,0xE0,0xE0,0xE0,0xE0,0xE0,0xE0,0xE0,0xE0,0xE0,0xE0,0xE0,0xE0,0xE0,0xE0,0xE0,0xE0,0xE0,0x00,0x00,0x00,0x00,0xE0,0xE0,0xE0,0xE0},
    {0xA0,0xA0,0x00,0x00,0x00,0x00,0x00,0x00,0x00,0x00,0x00,0x00,0x00,0x00,0x00,0x00,0x00,0x00,0x00,0x00,0x00,0x00,0x00,0x00,0x00,0x00,0x00,0x00,0xE0,0xE0},
    {0xA2,0xA2,0x00,0x00,0x00,0x00,0x00,0x00,0x00,0x00,0x00,0x00,0x00,0x00,0x00,0x00,0x00,0x00,0x00,0x00,0x00,0x00,0x00,0x00,0x00,0x00,0x00,0x00,0xE0,0xE0},
    {0xA2,0xA2,0x00,0x00,0x00,0x00,0x00,0x00,0x00,0x00,0x00,0x00,0x00,0x00,0x00,0x00,0x38,0x38,0x00,0x00,0x00,0x00,0x00,0x00,0x00,0x00,0x00,0x00,0xE0,0xE0},
    {0xA0,0xA0,0xE0,0xE0,0x00,0x00,0x00,0x00,0x00,0x00,0x00,0x00,0x00,0x00,0x00,0x00,0x38,0x38,0x00,0x00,0x00,0x00,0x00,0x00,0x00,0x00,0x00,0x00,0xE0,0xE0},
    {0xE0,0xE0,0x24,0x20,0x00,0x00,0x00,0x00,0xE0,0xE0,0xE0,0xE0,0xE0,0xE0,0xE0,0xE0,0xE0,0xE0,0xE0,0xE0,0xE0,0xE0,0x00,0x00,0x00,0x00,0x00,0x00,0xE0,0xE0},
    {0xE0,0xE0,0x20,0x20,0x00,0x00,0x00,0x00,0x00,0x00,0x00,0x00,0x00,0x00,0x00,0x00,0x00,0x00,0x00,0x00,0x00,0x00,0x00,0x00,0x00,0x00,0x00,0x00,0xE0,0xE0},
    {0xE0,0xE0,0x00,0x00,0x00,0x00,0x00,0x00,0x00,0x00,0x00,0x00,0x00,0x00,0x00,0x00,0x00,0x00,0x00,0x00,0x00,0x00,0x00,0x00,0x00,0x00,0x00,0x00,0xE0,0xE0},
    {0xE0,0xE0,0x00,0x00,0x00,0x00,0x00,0x00,0x00,0x00,0x00,0x00,0x00,0x00,0x00,0x00,0x38,0x38,0x00,0x00,0x00,0x00,0x00,0x00,0x00,0x00,0x00,0x00,0xE0,0xE0},
    {0xE0,0xE0,0x00,0x00,0x00,0x00,0x00,0x00,0x00,0x00,0x00,0x00,0x00,0x00,0x00,0x00,0x38,0x38,0x00,0x00,0x00,0x00,0x00,0x00,0x00,0x00,0x00,0x00,0xE0,0xE0},
    {0xE0,0xE0,0xE0,0xE0,0xE0,0xE0,0xE0,0xE0,0x00,0x00,0x00,0x00,0xE0,0xE0,0xE0,0xE0,0xE0,0xE0,0xE0,0xE0,0xE0,0xE0,0x00,0x00,0x00,0x00,0x00,0x00,0xE0,0xE0},
    {0xA0,0xA0,0x00,0x00,0x00,0x00,0xA0,0xA0,0x00,0x00,0x00,0x00,0x24,0x20,0x24,0x20,0x24,0x20,0xA0,0xA0,0x00,0x00,0x00,0x00,0x00,0x00,0x00,0x00,0xE0,0xE0},
    {0xA2,0xA2,0xA8,0xA8,0x00,0x00,0xA0,0xA0,0x00,0x00,0x00,0x00,0x20,0x20,0x20,0x20,0x20,0x20,0xA0,0xA0,0x00,0x00,0x00,0x00,0x00,0x00,0x00,0x00,0xE0,0xE0},
    {0xA2,0xA2,0xA8,0xA8,0x00,0x00,0xA0,0xA0,0x00,0x00,0x00,0x00,0x00,0x00,0x00,0x00,0x00,0x00,0xA0,0xA0,0x00,0x00,0x00,0x00,0x00,0x00,0x00,0x00,0xE0,0xE0},
    {0xA0,0xA0,0xE0,0xE0,0x00,0x00,0xE0,0xE0,0x00,0x00,0x00,0x00,0x00,0x00,0x00,0x00,0x00,0x00,0xA0,0xA0,0x00,0x00,0x00,0x00,0x00,0x00,0x00,0x00,0xE0,0xE0},
    {0xE0,0xE0,0x00,0x00,0x00,0x00,0x00,0x00,0x00,0x00,0x00,0x00,0x00,0x00,0x00,0x00,0x00,0x00,0xA0,0xA0,0x00,0x00,0x00,0x00,0x00,0x00,0x00,0x00,0xE0,0xE0},
    {0xE0,0xE0,0x00,0x00,0x00,0x00,0x00,0x00,0x00,0x00,0x00,0x00,0x00,0x00,0x00,0x00,0x00,0x00,0xA0,0xA0,0x00,0x00,0x00,0x00,0x00,0x00,0x00,0x00,0xE0,0xE0},
    {0xE0,0xE0,0x00,0x00,0x00,0x00,0x00,0x00,0x00,0x00,0x38,0x38,0x00,0x00,0x00,0x00,0x00,0x00,0xA0,0xA0,0x10,0x10,0x00,0x00,0x00,0x00,0x10,0x10,0xE0,0xE0},
    {0xE0,0xE0,0x00,0x00,0x00,0x00,0x00,0x00,0x00,0x00,0x38,0x38,0x00,0x00,0x00,0x00,0x00,0x00,0xA0,0xA0,0x10,0x10,0x00,0x00,0x00,0x00,0x10,0x10,0xE0,0xE0},
    {0xE0,0xE0,0xE0,0xE0,0xE0,0xE0,0xE0,0xE0,0xE0,0xE0,0xE0,0xE0,0xE0,0xE0,0xE0,0xE0,0xE0,0xE0,0xE0,0xE0,0xE0,0xE0,0xA0,0xA0,0xA0,0xA0,0xE0,0xE0,0xE0,0xE0},
  },
  { /* sala 90 (0x90) */
    {0xE0,0xE0,0x00,0x00,0xE0,0xE0,0x24,0x20,0xE0,0xE0,0xE0,0xE0,0xE0,0xE0,0xE0,0xE0,0xE0,0xE0,0xE0,0xE0,0xE0,0xE0,0xE0,0xE0,0xE0,0xE0,0xE0,0xE0,0xE0,0xE0},
    {0xE0,0xE0,0x00,0x00,0xA0,0xA0,0x20,0x20,0x00,0x00,0x00,0x00,0x00,0x00,0x00,0x00,0x00,0x00,0x00,0x00,0x00,0x00,0x00,0x00,0x00,0x00,0x00,0x00,0xE0,0xE0},
    {0xE0,0xE0,0x00,0x00,0xA0,0xA0,0x00,0x00,0x38,0x38,0x00,0x00,0x00,0x00,0x00,0x00,0x00,0x00,0x00,0x00,0x00,0x00,0x00,0x00,0x00,0x00,0x00,0x00,0xE0,0xE0},
    {0xE0,0xE0,0x00,0x00,0xA0,0xA0,0x00,0x00,0x38,0x38,0x00,0x00,0x00,0x00,0x00,0x00,0x00,0x00,0x00,0x00,0x00,0x00,0x00,0x00,0x00,0x00,0x00,0x00,0xE0,0xE0},
    {0xE0,0xE0,0x00,0x00,0xA0,0xA0,0x00,0x00,0xE0,0xE0,0xE0,0xE0,0xE0,0xE0,0xE0,0xE0,0xE0,0xE0,0xE0,0xE0,0xE0,0xE0,0xE0,0xE0,0xA0,0xA0,0xA0,0xA0,0xE0,0xE0},
    {0xE0,0xE0,0x00,0x00,0xA0,0xA0,0x00,0x00,0x00,0x00,0x00,0x00,0x00,0x00,0x00,0x00,0x00,0x00,0x00,0x00,0x00,0x00,0x00,0x00,0x00,0x00,0x00,0x00,0xE0,0xE0},
    {0xE0,0xE0,0x00,0x00,0xA0,0xA0,0x00,0x00,0x00,0x00,0x00,0x00,0x00,0x00,0x00,0x00,0x00,0x00,0x00,0x00,0x00,0x00,0x00,0x00,0x00,0x00,0x00,0x00,0xE0,0xE0},
    {0xE0,0xE0,0x00,0x00,0xA0,0xA0,0x00,0x00,0x00,0x00,0xA8,0xA8,0x00,0x00,0x00,0x00,0x00,0x00,0x00,0x00,0x00,0x00,0x00,0x00,0x00,0x00,0x00,0x00,0xE0,0xE0},
    {0xE0,0xE0,0x00,0x00,0xA0,0xA0,0x00,0x00,0x00,0x00,0xA8,0xA8,0x00,0x00,0x00,0x00,0x00,0x00,0x00,0x00,0x00,0x00,0x00,0x00,0x00,0x00,0x00,0x00,0xE0,0xE0},
    {0xE0,0xE0,0x00,0x00,0xE0,0xE0,0x00,0x00,0xE0,0xE0,0xE0,0xE0,0xE0,0xE0,0xE0,0xE0,0xE0,0xE0,0xE0,0xE0,0xE0,0xE0,0xE0,0xE0,0x10,0x10,0x10,0x10,0xE0,0xE0},
    {0xE0,0xE0,0x00,0x00,0x00,0x00,0x00,0x00,0x00,0x00,0x00,0x00,0x00,0x00,0x00,0x00,0xE0,0xE0,0xE0,0xE0,0xE0,0xE0,0xE0,0xE0,0x10,0x10,0x10,0x10,0xE0,0xE0},
    {0xE0,0xE0,0x00,0x00,0x00,0x00,0x00,0x00,0x00,0x00,0x00,0x00,0x00,0x00,0x00,0x00,0x00,0x00,0xE0,0xE0,0xE0,0xE0,0xE0,0xE0,0xE0,0xE0,0xE0,0xE0,0xE0,0xE0},
    {0xE0,0xE0,0xE0,0xE0,0xE0,0xE0,0x00,0x00,0xE0,0xE0,0xE0,0xE0,0x00,0x00,0x00,0x00,0x00,0x00,0x00,0x00,0xE0,0xE0,0xE0,0xE0,0xE0,0xE0,0xE0,0xE0,0xE0,0xE0},
    {0xE0,0xE0,0xE0,0xE0,0xE0,0xE0,0x00,0x00,0xE0,0xE0,0xE0,0xE0,0xE0,0xE0,0xE0,0xE0,0x00,0x00,0x00,0x00,0x00,0x00,0xE0,0xE0,0xE0,0xE0,0xE0,0xE0,0xE0,0xE0},
    {0xE0,0xE0,0x24,0x20,0x24,0x20,0x00,0x00,0x00,0x00,0xE0,0xE0,0xE0,0xE0,0xE0,0xE0,0xE0,0xE0,0x00,0x00,0x00,0x00,0x00,0x00,0xE0,0xE0,0xE0,0xE0,0xE0,0xE0},
    {0xE0,0xE0,0x20,0x20,0x20,0x20,0x00,0x00,0x00,0x00,0xE0,0xE0,0xE0,0xE0,0xE0,0xE0,0xE0,0xE0,0xE0,0xE0,0x00,0x00,0x00,0x00,0x00,0x00,0xE0,0xE0,0xE0,0xE0},
    {0xE0,0xE0,0xE0,0xE0,0xE0,0xE0,0xE0,0xE0,0x00,0x00,0xE0,0xE0,0xE0,0xE0,0xE0,0xE0,0xE0,0xE0,0xE0,0xE0,0xE0,0xE0,0x00,0x00,0x00,0x00,0x00,0x00,0xA0,0xA0},
    {0xE0,0xE0,0x24,0x20,0x24,0x20,0x24,0x20,0x24,0x20,0x24,0x20,0x24,0x20,0x24,0x20,0x24,0x20,0xE0,0xE0,0xE0,0xE0,0xE0,0xE0,0x00,0x00,0x00,0x00,0xA2,0xA2},
    {0xE0,0xE0,0x20,0x20,0x20,0x20,0x20,0x20,0x20,0x20,0x20,0x20,0x20,0x20,0x20,0x20,0x20,0x20,0xE0,0xE0,0xE0,0xE0,0xE0,0xE0,0xE0,0xE0,0x00,0x00,0xA2,0xA2},
    {0xE0,0xE0,0xE0,0xE0,0xE0,0xE0,0xE0,0xE0,0xE0,0xE0,0xE0,0xE0,0xE0,0xE0,0xE0,0xE0,0xE0,0xE0,0xE0,0xE0,0xE0,0xE0,0xE0,0xE0,0xE0,0xE0,0xE0,0xE0,0xA0,0xA0},
  },
  { /* sala 91 (0x91) */
    {0xE0,0xE0,0x10,0x10,0x00,0x00,0x00,0x00,0xE0,0xE0,0xE0,0xE0,0xE0,0xE0,0xE0,0xE0,0xE0,0xE0,0xE0,0xE0,0xE0,0xE0,0xE0,0xE0,0xE0,0xE0,0xE0,0xE0,0xE0,0xE0},
    {0xE0,0xE0,0x10,0x10,0x00,0x00,0x00,0x00,0x00,0x00,0x00,0x00,0x00,0x00,0x00,0x00,0x00,0x00,0x00,0x00,0x00,0x00,0x00,0x00,0x00,0x00,0x00,0x00,0xA0,0xA0},
    {0xE0,0xE0,0x10,0x10,0x00,0x00,0x00,0x00,0x00,0x00,0x00,0x00,0x38,0x38,0x00,0x00,0x00,0x00,0x00,0x00,0x00,0x00,0x00,0x00,0x00,0x00,0x00,0x00,0xA2,0xA2},
    {0xE0,0xE0,0x10,0x10,0x00,0x00,0x00,0x00,0x00,0x00,0x00,0x00,0x38,0x38,0x00,0x00,0x00,0x00,0x00,0x00,0x00,0x00,0x00,0x00,0x00,0x00,0x00,0x00,0xA2,0xA2},
    {0xE0,0xE0,0x10,0x10,0x00,0x00,0x00,0x00,0xE0,0xE0,0xE0,0xE0,0xE0,0xE0,0xE0,0xE0,0x00,0x00,0x00,0x00,0xE0,0xE0,0x00,0x00,0x00,0x00,0xE0,0xE0,0xA0,0xA0},
    {0xE0,0xE0,0x10,0x10,0x00,0x00,0x00,0x00,0x00,0x00,0x00,0x00,0x00,0x00,0x00,0x00,0x00,0x00,0x00,0x00,0x00,0x00,0x00,0x00,0x00,0x00,0x24,0x20,0xE0,0xE0},
    {0xE0,0xE0,0x10,0x10,0x00,0x00,0x00,0x00,0x00,0x00,0x00,0x00,0x18,0x18,0x00,0x00,0x00,0x00,0x00,0x00,0x38,0x38,0x00,0x00,0x00,0x00,0x20,0x20,0xE0,0xE0},
    {0xE0,0xE0,0x10,0x10,0x00,0x00,0x00,0x00,0x00,0x00,0x00,0x00,0xA8,0xA8,0x00,0x00,0x00,0x00,0x00,0x00,0x38,0x38,0x00,0x00,0x00,0x00,0x00,0x00,0xE0,0xE0},
    {0xE0,0xE0,0x10,0x10,0x00,0x00,0x00,0x00,0xE0,0xE0,0xE0,0xE0,0xE0,0xE0,0xE0,0xE0,0x00,0x00,0x00,0x00,0xE0,0xE0,0x00,0x00,0x00,0x00,0xE0,0xE0,0xE0,0xE0},
    {0xE0,0xE0,0x10,0x10,0x00,0x00,0x00,0x00,0x00,0x00,0x00,0x00,0xA0,0xA0,0x00,0x00,0x00,0x00,0x00,0x00,0x24,0x20,0x00,0x00,0x00,0x00,0x24,0x20,0xE0,0xE0},
    {0xE0,0xE0,0x10,0x10,0xA0,0xA0,0xA0,0xA0,0x00,0x00,0x00,0x00,0xA0,0xA0,0x38,0x38,0x00,0x00,0x00,0x00,0x20,0x20,0x00,0x00,0x00,0x00,0x20,0x20,0xE0,0xE0},
    {0xE0,0xE0,0x10,0x10,0x00,0x20,0x20,0x00,0x00,0x00,0x00,0x00,0xA0,0xA0,0x38,0x38,0x00,0x00,0x00,0x00,0x00,0x00,0x00,0x00,0x00,0x00,0x00,0x00,0xE0,0xE0},
    {0xE0,0xE0,0x10,0x10,0x00,0x20,0x20,0x00,0x00,0x00,0x00,0x00,0xE0,0xE0,0xE0,0xE0,0x00,0x00,0x00,0x00,0xE0,0xE0,0x00,0x00,0x00,0x00,0xE0,0xE0,0xE0,0xE0},
    {0xE0,0xE0,0xE0,0xE0,0x00,0x20,0x20,0x00,0xE0,0xE0,0x00,0x00,0x00,0x00,0x00,0x00,0x00,0x00,0x00,0x00,0x24,0x20,0x00,0x00,0x00,0x00,0x24,0x20,0xE0,0xE0},
    {0xE0,0xE0,0xE0,0xE0,0xE0,0xE0,0xE0,0xE0,0xE0,0xE0,0x00,0x00,0x00,0x00,0x00,0x00,0x00,0x00,0x00,0x00,0x20,0x20,0x00,0x00,0x00,0x00,0x20,0x20,0xE0,0xE0},
    {0xE0,0xE0,0x00,0x00,0x00,0x00,0x00,0x00,0x00,0x00,0xA0,0xA0,0x00,0x00,0x00,0x00,0x00,0x00,0x00,0x00,0x00,0x00,0x00,0x00,0x00,0x00,0x00,0x00,0xE0,0xE0},
    {0xA0,0xA0,0x00,0x00,0x00,0x00,0x00,0x00,0x00,0x00,0xA0,0xA0,0x00,0x00,0x00,0x00,0x00,0x00,0x00,0x00,0xE0,0xE0,0x00,0x00,0x00,0x00,0xE0,0xE0,0xE0,0xE0},
    {0xA2,0xA2,0x00,0x00,0x00,0x00,0x00,0x00,0x00,0x00,0xA0,0xA0,0x00,0x00,0x00,0x00,0x00,0x00,0x00,0x00,0x00,0x00,0x00,0x00,0x00,0x00,0x00,0x00,0xE0,0xE0},
    {0xA2,0xA2,0x00,0x00,0x00,0x00,0x00,0x00,0x00,0x00,0xA0,0xA0,0x00,0x00,0x00,0x00,0x00,0x00,0x00,0x00,0x00,0x00,0x00,0x00,0x00,0x00,0x00,0x00,0xE0,0xE0},
    {0xA0,0xA0,0xE0,0xE0,0xE0,0xE0,0xE0,0xE0,0xE0,0xE0,0xA0,0xA0,0xE0,0xE0,0xE0,0xE0,0xE0,0xE0,0xE0,0xE0,0xE0,0xE0,0xE0,0xE0,0xE0,0xE0,0xE0,0xE0,0xE0,0xE0},
  },
  { /* sala 92 (0x92) */
    {0xE0,0xE0,0x00,0x00,0x00,0x00,0x00,0x00,0x00,0x00,0x00,0x00,0xE0,0xE0,0xE0,0xE0,0xE0,0xE0,0xE0,0xE0,0xE0,0xE0,0xE0,0xE0,0xE0,0xE0,0x00,0x00,0xE0,0xE0},
    {0xA0,0xA0,0x00,0x00,0x00,0x00,0x00,0x00,0x00,0x00,0x00,0x00,0xE0,0xE0,0x00,0x00,0xA0,0xA0,0x00,0x00,0xA0,0xA0,0x00,0x00,0x00,0x00,0x00,0x00,0xA0,0xA0},
    {0xA2,0xA2,0x00,0x00,0x00,0x00,0xE0,0xE0,0xE0,0xE0,0x00,0x00,0xE0,0xE0,0x00,0x00,0xA0,0xA0,0x00,0x00,0xA2,0xA2,0x00,0x00,0x00,0x00,0x00,0x00,0xA2,0xA2},
    {0xA2,0xA2,0x00,0x00,0x00,0x00,0x00,0x00,0xA0,0xA0,0x00,0x00,0xE0,0xE0,0x00,0x00,0xA0,0xA0,0x00,0x00,0xA2,0xA2,0x00,0x00,0x00,0x00,0x00,0x00,0xA2,0xA2},
    {0xA0,0xA0,0xE0,0xE0,0x00,0x00,0x00,0x00,0xA0,0xA0,0x00,0x00,0xA0,0xA0,0x00,0x00,0xA0,0xA0,0x00,0x00,0xE0,0xE0,0xE0,0xE0,0x00,0x00,0xE0,0xE0,0xA0,0xA0},
    {0xE0,0xE0,0x00,0x00,0x00,0x00,0x00,0x00,0xA0,0xA0,0x00,0x00,0xA2,0xA2,0x00,0x00,0xA0,0xA0,0x00,0x00,0xA0,0xA0,0x00,0x00,0x00,0x00,0x00,0x00,0xE0,0xE0},
    {0xE0,0xE0,0x00,0x00,0x00,0x00,0x00,0x00,0xA0,0xA0,0x00,0x00,0xA2,0xA2,0x00,0x00,0xA0,0xA0,0x00,0x00,0xA0,0xA0,0x00,0x00,0x00,0x00,0x00,0x00,0xE0,0xE0},
    {0xE0,0xE0,0xA0,0xA0,0xE0,0xE0,0xE0,0xE0,0xE0,0xE0,0xE0,0xE0,0xE0,0xE0,0x00,0x00,0xA0,0xA0,0x00,0x00,0xA0,0xA0,0x00,0x00,0x00,0x00,0x00,0x00,0xE0,0xE0},
    {0xE0,0xE0,0xA0,0xA0,0xA0,0xA0,0x00,0x00,0x00,0x00,0x00,0x00,0x00,0x00,0x00,0x00,0xA0,0xA0,0xA0,0xA0,0xA0,0xA0,0x00,0x00,0x00,0x00,0x00,0x00,0xE0,0xE0},
    {0xE0,0xE0,0xA0,0xA0,0xA0,0xA0,0x00,0x00,0x00,0x00,0x00,0x00,0x00,0x00,0x00,0x00,0xA0,0xA0,0xA0,0xA0,0xE0,0xE0,0xE0,0xE0,0xE0,0xE0,0x00,0x00,0xE0,0xE0},
    {0xE0,0xE0,0xA0,0xA0,0xA0,0xA0,0x00,0x00,0xE0,0xE0,0xE0,0xE0,0xE0,0xE0,0xE0,0xE0,0xE0,0xE0,0xA0,0xA0,0x00,0x00,0x24,0x20,0xA0,0xA0,0x00,0x00,0xE0,0xE0},
    {0xE0,0xE0,0xA0,0xA0,0xA0,0xA0,0x00,0x00,0xA0,0xA0,0x24,0x20,0x00,0x00,0x24,0x20,0xE0,0xE0,0xA0,0xA0,0x00,0x00,0x20,0x20,0xA0,0xA0,0x00,0x00,0xE0,0xE0},
    {0xE0,0xE0,0xA0,0xA0,0xA0,0xA0,0x00,0x00,0xA2,0xA2,0x20,0x20,0x00,0x00,0x20,0x20,0xE0,0xE0,0xA0,0xA0,0x00,0x00,0x00,0x00,0xA0,0xA0,0x00,0x00,0xE0,0xE0},
    {0xE0,0xE0,0xA0,0xA0,0xE0,0xE0,0x00,0x00,0xA2,0xA2,0x00,0x00,0x00,0x00,0x00,0x00,0xA0,0xA0,0xE0,0xE0,0xE0,0xE0,0x00,0x00,0xA0,0xA0,0x00,0x00,0xE0,0xE0},
    {0xE0,0xE0,0xA0,0xA0,0x00,0xE0,0xE0,0xE0,0xE0,0xE0,0x00,0x00,0x00,0x00,0x00,0x00,0xA2,0xA2,0x00,0x00,0x00,0x00,0x00,0x00,0xA0,0xA0,0x00,0x00,0xE0,0xE0},
    {0xE0,0xE0,0xA0,0xA0,0x00,0x00,0x00,0x00,0xE0,0xE0,0x00,0x00,0x00,0x00,0x00,0x00,0xA2,0xA2,0x00,0x00,0x00,0x00,0x00,0x00,0xE0,0xE0,0x00,0x00,0xE0,0xE0},
    {0xE0,0xE0,0xA0,0xA0,0x00,0x00,0x00,0x00,0x00,0xE0,0xE0,0xE0,0xE0,0xE0,0xE0,0xE0,0xE0,0xE0,0xE0,0xE0,0xE0,0xE0,0xE0,0xE0,0xE0,0x00,0x00,0x00,0xE0,0xE0},
    {0xE0,0xE0,0xA0,0xA0,0x00,0x00,0x00,0x00,0x00,0x00,0x00,0x00,0x00,0x00,0x00,0x00,0x00,0x00,0x00,0x00,0x00,0x00,0x00,0x00,0x00,0x00,0x00,0x00,0xE0,0xE0},
    {0xE0,0xE0,0xA0,0xA0,0x00,0x00,0x00,0x00,0x00,0x00,0x00,0x00,0x00,0x00,0x00,0x00,0x00,0x00,0x00,0x00,0x00,0x00,0x00,0x00,0x00,0x00,0x00,0x00,0xE0,0xE0},
    {0xE0,0xE0,0xE0,0xE0,0xE0,0xE0,0xE0,0xE0,0xE0,0xE0,0xE0,0xE0,0xE0,0xE0,0xE0,0xE0,0xE0,0xE0,0xE0,0xE0,0xE0,0xE0,0xE0,0xE0,0xE0,0xE0,0xE0,0xE0,0xE0,0xE0},
  },
  { /* sala 93 (0x93) */
    {0xE0,0xE0,0x00,0x00,0x00,0x00,0x00,0x00,0x00,0x00,0x00,0x00,0x00,0x00,0x00,0x00,0x00,0x00,0x00,0x00,0x00,0x00,0x00,0x00,0x00,0x00,0x00,0x00,0xE0,0xE0},
    {0xA0,0xA0,0x00,0x00,0x00,0x00,0x00,0x00,0x00,0x00,0x00,0x00,0x00,0x00,0x00,0x00,0x00,0x00,0x00,0x00,0x00,0x00,0x00,0x00,0x00,0x00,0x00,0x00,0xA0,0xA0},
    {0xA2,0xA2,0x00,0x00,0x00,0x00,0x00,0x00,0x00,0x00,0x00,0x00,0x00,0x00,0x00,0x00,0x00,0x00,0x00,0x00,0x00,0x00,0x00,0x00,0x00,0x00,0x00,0x00,0xA2,0xA2},
    {0xA2,0xA2,0x00,0x00,0x00,0x00,0x00,0x00,0x00,0x00,0x00,0x00,0x00,0x00,0x00,0x00,0x00,0x00,0x00,0x00,0x00,0x00,0x00,0x00,0x00,0x00,0x00,0x00,0xA2,0xA2},
    {0xA0,0xA0,0xE0,0xE0,0xE0,0xE0,0xE0,0xE0,0xE0,0xE0,0xE0,0xE0,0x00,0x00,0x24,0x20,0x00,0x00,0xE0,0xE0,0xE0,0xE0,0xE0,0xE0,0xE0,0xE0,0xE0,0xE0,0xA0,0xA0},
    {0xE0,0xE0,0xE0,0xE0,0xE0,0xE0,0xE0,0xE0,0xE0,0xE0,0xE0,0xE0,0x00,0x00,0x20,0x20,0x00,0x00,0xE0,0xE0,0xE0,0xE0,0xE0,0xE0,0xE0,0xE0,0xE0,0xE0,0xE0,0xE0},
    {0xE0,0xE0,0x00,0x00,0x00,0x00,0x00,0x00,0x00,0x00,0xA0,0xA0,0x00,0x00,0x00,0x00,0x00,0x00,0xA0,0xA0,0x00,0x00,0x00,0x00,0x00,0x00,0x00,0x00,0xE0,0xE0},
    {0xE0,0xE0,0x24,0x20,0x00,0x00,0x00,0x00,0x00,0x00,0xA2,0xA2,0x00,0x00,0x00,0x00,0x00,0x00,0xA2,0xA2,0x00,0x00,0x00,0x00,0x00,0x00,0x00,0x00,0xE0,0xE0},
    {0xE0,0xE0,0x20,0x20,0x00,0x00,0x00,0x00,0x00,0x00,0xA2,0xA2,0x00,0x00,0x00,0x00,0x00,0x00,0xA2,0xA2,0x00,0x00,0x00,0x00,0x00,0x00,0x00,0x00,0xE0,0xE0},
    {0xE0,0xE0,0xE0,0xE0,0xE0,0xE0,0x00,0x00,0x00,0x00,0xE0,0xE0,0xE0,0xE0,0xE0,0xE0,0xE0,0xE0,0xE0,0xE0,0x00,0x00,0x00,0x00,0x00,0x00,0x00,0x00,0xE0,0xE0},
    {0xE0,0xE0,0x00,0x00,0x00,0x00,0x00,0x00,0x00,0x00,0x00,0x00,0x00,0x00,0x00,0x00,0x00,0x00,0x00,0x00,0x00,0x00,0x00,0x00,0x00,0x00,0x00,0x00,0xE0,0xE0},
    {0xE0,0xE0,0x00,0x00,0x00,0x00,0x00,0x00,0x00,0x00,0x00,0x00,0x00,0x00,0x00,0x00,0x00,0x00,0x00,0x00,0x00,0x00,0x00,0x00,0x00,0x00,0x00,0x00,0xE0,0xE0},
    {0xE0,0xE0,0x10,0x10,0x10,0x10,0x10,0x10,0x10,0x10,0x10,0x10,0x10,0x10,0x10,0x10,0x10,0x10,0x10,0x10,0x10,0x10,0x10,0x10,0x10,0x10,0x10,0x10,0xE0,0xE0},
    {0xE0,0xE0,0x10,0x10,0x10,0x10,0x10,0x10,0x10,0x10,0x10,0x10,0x10,0x10,0x10,0x10,0x10,0x10,0x10,0x10,0x10,0x10,0x10,0x10,0x10,0x10,0x10,0x10,0xE0,0xE0},
    {0xE0,0xE0,0x10,0x10,0x10,0x10,0x10,0x10,0x10,0x10,0x10,0x10,0x10,0x10,0x10,0x10,0x10,0x10,0x10,0x10,0x10,0x10,0x10,0x10,0x10,0x10,0x10,0x10,0xE0,0xE0},
    {0xE0,0xE0,0xE0,0xE0,0x10,0x10,0x10,0x10,0x10,0x10,0x10,0x10,0x10,0x10,0x10,0x10,0x10,0x10,0x10,0x10,0x10,0x10,0x10,0x10,0x10,0x10,0x10,0x10,0xE0,0xE0},
    {0xE0,0xE0,0xE0,0xE0,0xE0,0xE0,0x10,0x10,0x10,0x10,0x10,0x10,0x10,0x10,0x10,0x10,0x10,0x10,0x10,0x10,0x10,0x10,0x10,0x10,0x10,0x10,0x10,0x10,0xA0,0xA0},
    {0xE0,0xE0,0xE0,0xE0,0xE0,0xE0,0xE0,0xE0,0x10,0x10,0x10,0x10,0x10,0x10,0x10,0x10,0x10,0x10,0x10,0x10,0x10,0x10,0x10,0x10,0x10,0x10,0x10,0x10,0xA2,0xA2},
    {0xE0,0xE0,0xE0,0xE0,0xE0,0xE0,0xE0,0xE0,0xE0,0xE0,0x10,0x10,0x10,0x10,0x10,0x10,0x10,0x10,0x10,0x10,0x10,0x10,0x10,0x10,0x10,0x10,0x10,0x10,0xA2,0xA2},
    {0xE0,0xE0,0xE0,0xE0,0xE0,0xE0,0xE0,0xE0,0xE0,0xE0,0xE0,0xE0,0xE0,0xE0,0xE0,0xE0,0xE0,0xE0,0xE0,0xE0,0xE0,0xE0,0xE0,0xE0,0xE0,0xE0,0xE0,0xE0,0xA0,0xA0},
  },
  { /* sala 94 (0x94) */
    {0xE0,0xE0,0x00,0x00,0x00,0x00,0x00,0x00,0x00,0x00,0x00,0x00,0x00,0x00,0x00,0x00,0x00,0x00,0x00,0x00,0x00,0x00,0x00,0x00,0x00,0x00,0x24,0x20,0xE0,0xE0},
    {0xA0,0xA0,0x00,0x00,0x00,0x00,0x00,0x00,0x00,0x00,0x00,0x00,0x00,0x00,0x00,0x00,0x00,0x00,0x00,0x00,0x00,0x00,0x00,0x00,0x00,0x00,0x20,0x20,0xE0,0xE0},
    {0xA2,0xA2,0x00,0x00,0x00,0x00,0x00,0x00,0x00,0x00,0x00,0x00,0x00,0x00,0x00,0x00,0x00,0x00,0x38,0x38,0x00,0x00,0x00,0x00,0x00,0x00,0x00,0x00,0xE0,0xE0},
    {0xA2,0xA2,0x00,0x00,0x00,0x00,0x00,0x00,0x00,0x00,0x00,0x00,0x00,0x00,0x00,0x00,0x00,0x00,0x38,0x38,0x00,0x00,0x00,0x00,0x00,0x00,0x00,0x00,0xE0,0xE0},
    {0xA0,0xA0,0xE0,0xE0,0x00,0x00,0x00,0x00,0x00,0x00,0xE0,0xE0,0xE0,0xE0,0xE0,0xE0,0xE0,0xE0,0xE0,0xE0,0xE0,0xE0,0xE0,0xE0,0xE0,0xE0,0xE0,0xE0,0xE0,0xE0},
    {0xE0,0xE0,0xE0,0xE0,0xE0,0xE0,0x00,0x00,0x00,0x00,0x00,0x00,0x00,0x00,0x00,0x00,0x00,0x00,0x00,0x00,0x00,0x00,0x00,0x00,0x00,0x00,0x24,0x20,0xE0,0xE0},
    {0xE0,0xE0,0xE0,0xE0,0xE0,0xE0,0xE0,0xE0,0x00,0x00,0x00,0x00,0x00,0x00,0x00,0x00,0x00,0x00,0x00,0x00,0x00,0x00,0x00,0x00,0x00,0x00,0x20,0x20,0xE0,0xE0},
    {0xE0,0xE0,0x24,0x20,0x00,0x00,0xE0,0xE0,0x00,0x00,0x00,0x00,0x00,0x00,0x00,0x00,0x00,0x00,0x38,0x38,0x00,0x00,0x00,0x00,0x00,0x00,0x00,0x00,0xE0,0xE0},
    {0xE0,0xE0,0x20,0x20,0x00,0x00,0xE0,0xE0,0xE0,0xE0,0x00,0x00,0x00,0x00,0x00,0x00,0x00,0x00,0x38,0x38,0x00,0x00,0x00,0x00,0x00,0x00,0x00,0x00,0xE0,0xE0},
    {0xE0,0xE0,0x00,0x00,0x00,0x00,0x00,0x00,0xE0,0xE0,0x00,0x00,0x00,0x00,0x00,0x00,0xE0,0xE0,0xE0,0xE0,0xE0,0xE0,0xE0,0xE0,0xE0,0xE0,0xE0,0xE0,0xE0,0xE0},
    {0xE0,0xE0,0x00,0x00,0x00,0x00,0x00,0x00,0xE0,0xE0,0xE0,0xE0,0x00,0x00,0x00,0x00,0x00,0x00,0x00,0x00,0x00,0x00,0x00,0x00,0x00,0x00,0x00,0x00,0xE0,0xE0},
    {0xE0,0xE0,0xE0,0xE0,0x00,0x00,0x00,0x00,0x00,0x00,0xE0,0xE0,0x00,0x00,0x00,0x00,0x00,0x00,0x00,0x00,0x00,0x00,0x00,0x00,0x00,0x00,0x00,0x00,0xA0,0xA0},
    {0xE0,0xE0,0x10,0x10,0x10,0x10,0x10,0x10,0x10,0x10,0xE0,0xE0,0xE0,0xE0,0x00,0x00,0x00,0x00,0x00,0x00,0x00,0x00,0x00,0x00,0x00,0x00,0x00,0x00,0xA2,0xA2},
    {0xE0,0xE0,0x10,0x10,0x10,0x10,0x10,0x10,0x10,0x10,0x10,0x10,0xE0,0xE0,0x00,0x00,0x00,0x00,0x00,0x00,0x00,0x00,0x00,0x00,0x00,0x00,0x00,0x00,0xA2,0xA2},
    {0xE0,0xE0,0x10,0x10,0x10,0x10,0x10,0x10,0x10,0x10,0x10,0x10,0xE0,0xE0,0xE0,0xE0,0xE0,0xE0,0xE0,0xE0,0xE0,0xE0,0xE0,0xE0,0xE0,0xE0,0xE0,0xE0,0xA0,0xA0},
    {0xE0,0xE0,0xE0,0xE0,0x10,0x10,0x10,0x10,0x10,0x10,0x10,0x10,0x10,0x10,0x10,0x10,0x10,0x10,0x10,0x10,0x10,0x10,0x10,0x10,0x10,0x10,0x10,0x10,0xE0,0xE0},
    {0xA0,0xA0,0x10,0x10,0x10,0x10,0x10,0x10,0x10,0x10,0x10,0x10,0x10,0x10,0x10,0x10,0x10,0x10,0x10,0x10,0x10,0x10,0x10,0x10,0x10,0x10,0x10,0x10,0xA0,0xA0},
    {0xA2,0xA2,0x10,0x10,0x10,0x10,0x10,0x10,0x10,0x10,0x10,0x10,0x10,0x10,0x10,0x10,0x10,0x10,0x10,0x10,0x10,0x10,0x10,0x10,0x10,0x10,0x10,0x10,0xA2,0xA2},
    {0xA2,0xA2,0x10,0x10,0x10,0x10,0x10,0x10,0x10,0x10,0x10,0x10,0x10,0x10,0x10,0x10,0x10,0x10,0x10,0x10,0x10,0x10,0x10,0x10,0x10,0x10,0x10,0x10,0xA2,0xA2},
    {0xA0,0xA0,0xE0,0xE0,0xE0,0xE0,0xE0,0xE0,0xE0,0xE0,0xE0,0xE0,0xE0,0xE0,0xE0,0xE0,0xE0,0xE0,0xE0,0xE0,0xE0,0xE0,0xE0,0xE0,0xE0,0xE0,0xE0,0xE0,0xA0,0xA0},
  },
  { /* sala 95 (0x95) */
    {0xE0,0xE0,0x24,0x20,0x00,0x00,0x00,0x00,0x00,0x00,0x38,0x38,0x00,0x00,0x00,0x00,0x00,0x00,0x00,0x00,0x38,0x38,0x00,0x00,0x00,0x00,0x00,0x00,0xE0,0xE0},
    {0xE0,0xE0,0x20,0x20,0x00,0x00,0x00,0x00,0x00,0x00,0x38,0x38,0x00,0x00,0x00,0x00,0x00,0x00,0x00,0x00,0x38,0x38,0x00,0x00,0x00,0x00,0x00,0x00,0xA0,0xA0},
    {0xE0,0xE0,0x00,0x00,0x00,0x00,0x00,0x00,0x00,0x00,0xE0,0xE0,0x00,0x00,0x00,0x00,0x00,0x00,0x00,0x00,0xE0,0xE0,0x00,0x00,0x00,0x00,0x00,0x00,0xA2,0xA2},
    {0xE0,0xE0,0x00,0x00,0x00,0x00,0x00,0x00,0xE0,0xE0,0x00,0x00,0x00,0x00,0x00,0x00,0x00,0x00,0xE0,0xE0,0x00,0x00,0x00,0x00,0x00,0x00,0x00,0x00,0xA2,0xA2},
    {0xE0,0xE0,0x00,0x00,0x00,0x00,0xE0,0xE0,0x00,0x00,0x00,0x00,0x00,0x00,0x00,0x00,0xE0,0xE0,0x00,0x00,0x00,0x00,0x00,0x00,0x00,0x00,0xE0,0xE0,0xA0,0xA0},
    {0xE0,0xE0,0x00,0x00,0xE0,0xE0,0x00,0x00,0x00,0x00,0x00,0x00,0x00,0x00,0xE0,0xE0,0x00,0x00,0x00,0x00,0x00,0x00,0x00,0x00,0xE0,0xE0,0xE0,0xE0,0xE0,0xE0},
    {0xE0,0xE0,0xE0,0xE0,0x00,0x00,0x00,0x00,0x00,0x00,0x00,0x00,0xE0,0xE0,0x24,0x20,0x00,0x00,0x00,0x00,0x00,0x00,0xE0,0xE0,0xE0,0xE0,0xE0,0xE0,0xE0,0xE0},
    {0xE0,0xE0,0x00,0x00,0x00,0x00,0x00,0x00,0x00,0x00,0xE0,0xE0,0x00,0x00,0x20,0x20,0x00,0x00,0x00,0x00,0xE0,0xE0,0xE0,0xE0,0x00,0x00,0x24,0x20,0xE0,0xE0},
    {0xE0,0xE0,0x00,0x00,0x00,0x00,0x00,0x00,0xE0,0xE0,0x00,0x00,0x00,0x00,0x00,0x00,0x00,0x00,0xE0,0xE0,0xE0,0xE0,0x00,0x00,0x00,0x00,0x20,0x20,0xE0,0xE0},
    {0xE0,0xE0,0x00,0x00,0x00,0x00,0xE0,0xE0,0x00,0x00,0x00,0x00,0x00,0x00,0x00,0x00,0xE0,0xE0,0xE0,0xE0,0x00,0x00,0x00,0x00,0x00,0x00,0x00,0x00,0xE0,0xE0},
    {0xE0,0xE0,0x00,0x00,0xE0,0xE0,0x00,0x00,0x00,0x00,0x00,0x00,0x00,0x00,0xE0,0xE0,0xE0,0xE0,0x00,0x00,0x00,0x00,0x00,0x00,0x00,0x00,0x00,0x00,0xE0,0xE0},
    {0xA0,0xA0,0x00,0x00,0x00,0x00,0x00,0x00,0x00,0x00,0x00,0x00,0xE0,0xE0,0xE0,0xE0,0x00,0x00,0x00,0x00,0x00,0x00,0x00,0x00,0x00,0x00,0x00,0x00,0xE0,0xE0},
    {0xA2,0xA2,0x00,0x00,0x00,0x00,0x00,0x00,0x00,0x00,0xE0,0xE0,0xE0,0xE0,0x24,0x20,0x00,0x00,0x00,0x00,0xE0,0xE0,0xE0,0xE0,0x10,0x10,0x10,0x10,0xE0,0xE0},
    {0xA2,0xA2,0x00,0x00,0x00,0x00,0x00,0x00,0xE0,0xE0,0xE0,0xE0,0xE0,0xE0,0x20,0x20,0x00,0x00,0xE0,0xE0,0xE0,0xE0,0x10,0x10,0x10,0x10,0x10,0x10,0xE0,0xE0},
    {0xA0,0xA0,0xE0,0xE0,0xE0,0xE0,0xE0,0xE0,0xE0,0xE0,0xE0,0xE0,0xE0,0xE0,0xE0,0xE0,0xE0,0xE0,0xE0,0xE0,0x10,0x10,0x10,0x10,0x10,0x10,0x10,0x10,0xE0,0xE0},
    {0xE0,0xE0,0x10,0x10,0x10,0x10,0x10,0x10,0x10,0x10,0x10,0x10,0x10,0x10,0x10,0x10,0x10,0x10,0x10,0x10,0x10,0x10,0x10,0x10,0x10,0x10,0xE0,0xE0,0xE0,0xE0},
    {0xA0,0xA0,0x10,0x10,0x10,0x10,0x10,0x10,0x10,0x10,0x10,0x10,0x10,0x10,0x10,0x10,0x10,0x10,0x10,0x10,0x10,0x10,0x10,0x10,0x10,0x10,0x10,0x10,0xA0,0xA0},
    {0xA2,0xA2,0x10,0x10,0x10,0x10,0x10,0x10,0x10,0x10,0x10,0x10,0x10,0x10,0x10,0x10,0x10,0x10,0x10,0x10,0x10,0x10,0x10,0x10,0x10,0x10,0x10,0x10,0xA2,0xA2},
    {0xA2,0xA2,0x10,0x10,0x10,0x10,0x10,0x10,0x10,0x10,0x10,0x10,0x10,0x10,0x10,0x10,0x10,0x10,0x10,0x10,0x10,0x10,0x10,0x10,0x10,0x10,0x10,0x10,0xA2,0xA2},
    {0xA0,0xA0,0xE0,0xE0,0xE0,0xE0,0xE0,0xE0,0xE0,0xE0,0xE0,0xE0,0xE0,0xE0,0xE0,0xE0,0xE0,0xE0,0xE0,0xE0,0xE0,0xE0,0xE0,0xE0,0xE0,0xE0,0xE0,0xE0,0xA0,0xA0},
  },
  { /* sala 96 (0x96) */
    {0xE0,0xE0,0x00,0x00,0x00,0x00,0xA0,0xA0,0x00,0x00,0x00,0x00,0x00,0x00,0x00,0x00,0x00,0x00,0x00,0x00,0x00,0x00,0xA0,0xA0,0x00,0x00,0x00,0x00,0xE0,0xE0},
    {0xA0,0xA0,0x00,0x00,0x00,0x00,0xA0,0xA0,0x00,0x00,0x00,0x00,0x00,0x00,0x00,0x00,0x00,0x00,0x00,0x00,0x00,0x00,0xA0,0xA0,0x00,0x00,0x00,0x00,0xA0,0xA0},
    {0xA2,0xA2,0x00,0x00,0x00,0x00,0xA0,0xA0,0x00,0x00,0x00,0x00,0x00,0x00,0x00,0x00,0x00,0x00,0x00,0x00,0x00,0x00,0xA0,0xA0,0x00,0x00,0x00,0x00,0xA2,0xA2},
    {0xA2,0xA2,0x00,0x00,0x00,0x00,0xA0,0xA0,0x00,0x00,0x00,0x00,0x00,0x00,0x00,0x00,0x00,0x00,0x00,0x00,0x00,0x00,0xA0,0xA0,0x00,0x00,0x00,0x00,0xA2,0xA2},
    {0xA0,0xA0,0xE0,0xE0,0x00,0x00,0xE0,0xE0,0x00,0x00,0xE0,0xE0,0xE0,0xE0,0x00,0x00,0xE0,0xE0,0xE0,0xE0,0x00,0x00,0xE0,0xE0,0x00,0x00,0xE0,0xE0,0xA0,0xA0},
    {0xE0,0xE0,0x00,0x00,0x00,0x00,0x00,0x00,0x00,0x00,0x00,0x00,0xA0,0xA0,0x00,0x00,0xA0,0xA0,0x00,0x00,0x00,0x00,0x00,0x00,0x00,0x00,0x00,0x00,0xE0,0xE0},
    {0xE0,0xE0,0x24,0x20,0x00,0x00,0x00,0x00,0x00,0x00,0x24,0x20,0xA0,0xA0,0x00,0x00,0xA0,0xA0,0x24,0x20,0x00,0x00,0x00,0x00,0x00,0x00,0x24,0x20,0xE0,0xE0},
    {0xE0,0xE0,0x20,0x20,0x00,0x00,0x00,0x00,0x00,0x00,0x20,0x20,0xA0,0xA0,0x00,0x00,0xA0,0xA0,0x20,0x20,0x00,0x00,0x00,0x00,0x00,0x00,0x20,0x20,0xE0,0xE0},
    {0xE0,0xE0,0xE0,0xE0,0x00,0x00,0xE0,0xE0,0x00,0x00,0xE0,0xE0,0xE0,0xE0,0x00,0x00,0xE0,0xE0,0xE0,0xE0,0x00,0x00,0xE0,0xE0,0x00,0x00,0xE0,0xE0,0xE0,0xE0},
    {0xE0,0xE0,0x00,0x00,0x00,0x00,0x00,0x00,0x00,0x00,0x00,0x00,0xA0,0xA0,0x00,0x00,0xA0,0xA0,0x00,0x00,0x00,0x00,0x00,0x00,0x00,0x00,0x00,0x00,0xE0,0xE0},
    {0xE0,0xE0,0x00,0x00,0x00,0x00,0x38,0x38,0x00,0x00,0x00,0x00,0xA0,0xA0,0x00,0x00,0xA0,0xA0,0x00,0x00,0x00,0x00,0x38,0x38,0x00,0x00,0x00,0x00,0xE0,0xE0},
    {0xE0,0xE0,0x00,0x00,0x00,0x00,0x38,0x38,0x00,0x00,0x00,0x00,0xA0,0xA0,0x00,0x00,0xA0,0xA0,0x00,0x00,0x00,0x00,0x38,0x38,0x00,0x00,0x00,0x00,0xE0,0xE0},
    {0xE0,0xE0,0xE0,0xE0,0xE0,0xE0,0xE0,0xE0,0xE0,0xE0,0xE0,0xE0,0xE0,0xE0,0x10,0x10,0xE0,0xE0,0xE0,0xE0,0xE0,0xE0,0xE0,0xE0,0xE0,0xE0,0xE0,0xE0,0xE0,0xE0},
    {0xE0,0xE0,0x10,0x10,0x10,0x10,0x10,0x10,0x10,0x10,0x10,0x10,0x10,0x10,0x10,0x10,0x10,0x10,0x10,0x10,0x10,0x10,0x10,0x10,0x10,0x10,0x10,0x10,0xE0,0xE0},
    {0xE0,0xE0,0x10,0x10,0x10,0x10,0x10,0x10,0x10,0x10,0x10,0x10,0x10,0x10,0x10,0x10,0x10,0x10,0x10,0x10,0x10,0x10,0x10,0x10,0x10,0x10,0x10,0x10,0xE0,0xE0},
    {0xE0,0xE0,0x10,0x10,0x10,0x10,0x10,0x10,0x10,0x10,0x10,0x10,0x10,0x10,0x10,0x10,0x10,0x10,0x10,0x10,0x10,0x10,0x10,0x10,0x10,0x10,0x10,0x10,0xE0,0xE0},
    {0xA0,0xA0,0x10,0x10,0x10,0x10,0x10,0x10,0x10,0x10,0x10,0x10,0x10,0x10,0x10,0x10,0x10,0x10,0x10,0x10,0x10,0x10,0x10,0x10,0x10,0x10,0x10,0x10,0xA0,0xA0},
    {0xA2,0xA2,0x10,0x10,0x10,0x10,0x10,0x10,0x10,0x10,0x10,0x10,0xE0,0xE0,0xE0,0xE0,0xE0,0xE0,0x10,0x10,0x10,0x10,0x10,0x10,0x10,0x10,0x10,0x10,0xA2,0xA2},
    {0xA2,0xA2,0x10,0x10,0x10,0x10,0x10,0x10,0x10,0x10,0xE0,0xE0,0xE0,0xE0,0xE0,0xE0,0xE0,0xE0,0xE0,0xE0,0x10,0x10,0x10,0x10,0x10,0x10,0x10,0x10,0xA2,0xA2},
    {0xA0,0xA0,0xE0,0xE0,0xE0,0xE0,0xE0,0xE0,0xE0,0xE0,0xE0,0xE0,0xE0,0xE0,0xE0,0xE0,0xE0,0xE0,0xE0,0xE0,0xE0,0xE0,0xE0,0xE0,0xE0,0xE0,0xE0,0xE0,0xA0,0xA0},
  },
  { /* sala 97 (0x97) */
    {0xE0,0xE0,0x00,0x00,0x00,0x00,0x00,0x00,0x10,0x10,0x00,0x00,0x00,0x00,0x00,0x00,0x00,0x00,0x10,0x10,0x10,0x10,0x10,0x10,0xE0,0xE0,0xE0,0xE0,0xE0,0xE0},
    {0xA0,0xA0,0x00,0x00,0x00,0x00,0x00,0x00,0x10,0x10,0x00,0x00,0x00,0x00,0x00,0x00,0x00,0x00,0x10,0x10,0x10,0x10,0x10,0x10,0x00,0x00,0x10,0x10,0xE0,0xE0},
    {0xA2,0xA2,0x00,0x00,0x10,0x10,0x00,0x00,0x00,0x00,0x00,0x00,0x10,0x10,0x10,0x10,0x00,0x00,0x00,0x00,0x00,0x00,0x00,0x00,0x00,0x00,0x10,0x10,0xE0,0xE0},
    {0xA2,0xA2,0x00,0x00,0x10,0x10,0x00,0x00,0x00,0x00,0x00,0x00,0x10,0x10,0x10,0x10,0x00,0x00,0x00,0x00,0x00,0x00,0x00,0x00,0x00,0x00,0x10,0x10,0xE0,0xE0},
    {0xA0,0xA0,0xE0,0xE0,0xE0,0xE0,0xE0,0xE0,0xE0,0xE0,0xE0,0xE0,0xE0,0xE0,0xE0,0xE0,0xE0,0xE0,0xE0,0xE0,0xE0,0xE0,0xE0,0xE0,0x00,0x00,0x10,0x10,0xE0,0xE0},
    {0xE0,0xE0,0x24,0x20,0x24,0x20,0x24,0x20,0x00,0x00,0x00,0x00,0x00,0x00,0x00,0x00,0x24,0x20,0x24,0x20,0x24,0x20,0xE0,0xE0,0x00,0x00,0x10,0x10,0xE0,0xE0},
    {0xE0,0xE0,0x20,0x20,0x20,0x20,0x20,0x20,0x00,0x00,0x00,0x00,0x00,0x00,0x00,0x00,0x20,0x20,0x20,0x20,0x20,0x20,0xE0,0xE0,0x00,0x00,0x10,0x10,0xE0,0xE0},
    {0xE0,0xE0,0xE0,0xE0,0xE0,0xE0,0xE0,0xE0,0xE0,0xE0,0x00,0x00,0x00,0x00,0x00,0x00,0xE0,0xE0,0xE0,0xE0,0xE0,0xE0,0xE0,0xE0,0x00,0x00,0x10,0x10,0xE0,0xE0},
    {0xE0,0xE0,0x24,0x20,0x24,0x20,0x24,0x20,0x00,0x00,0x00,0x00,0x00,0x00,0x00,0x00,0x00,0x00,0x00,0x00,0x24,0x20,0xE0,0xE0,0x00,0x00,0x10,0x10,0xE0,0xE0},
    {0xE0,0xE0,0x20,0x20,0x20,0x20,0x20,0x20,0x00,0x00,0x00,0x00,0x00,0x00,0x00,0x00,0x00,0x00,0x00,0x00,0x20,0x20,0xE0,0xE0,0x00,0x00,0x10,0x10,0xE0,0xE0},
    {0xE0,0xE0,0xE0,0xE0,0xE0,0xE0,0xE0,0xE0,0xE0,0xE0,0x00,0x00,0x00,0x00,0x00,0x00,0x00,0x00,0xE0,0xE0,0xE0,0xE0,0xE0,0xE0,0x00,0x00,0x10,0x10,0xE0,0xE0},
    {0xE0,0xE0,0x00,0x00,0x00,0x00,0x00,0x00,0x00,0x00,0x00,0x00,0x00,0x00,0x00,0x00,0x00,0x00,0x24,0x20,0x24,0x20,0xE0,0xE0,0x00,0x00,0x10,0x10,0xE0,0xE0},
    {0xE0,0xE0,0x10,0x10,0x10,0x10,0x10,0x10,0x10,0x10,0x10,0x10,0x10,0x10,0xE0,0xE0,0x00,0x00,0x20,0x20,0x20,0x20,0xE0,0xE0,0x00,0x00,0x10,0x10,0xE0,0xE0},
    {0xE0,0xE0,0x10,0x10,0x10,0x10,0x10,0x10,0x10,0x10,0x10,0x10,0x10,0x10,0xE0,0xE0,0x00,0x00,0xE0,0xE0,0xE0,0xE0,0xE0,0xE0,0x00,0x00,0x10,0x10,0xE0,0xE0},
    {0xE0,0xE0,0x10,0x10,0x10,0x10,0x10,0x10,0x10,0x10,0x10,0x10,0xE0,0xE0,0xE0,0xE0,0x00,0x00,0x00,0x00,0x00,0x00,0xE0,0xE0,0x00,0x00,0x10,0x10,0xE0,0xE0},
    {0xE0,0xE0,0x10,0x10,0x10,0x10,0x10,0x10,0x10,0x10,0x10,0x10,0xE0,0xE0,0xE0,0xE0,0x00,0x00,0x00,0x00,0x00,0x00,0xA0,0xA0,0xA0,0xA0,0x10,0x10,0xE0,0xE0},
    {0xA0,0xA0,0x10,0x10,0x10,0x10,0x10,0x10,0x10,0x10,0xE0,0xE0,0xE0,0xE0,0xE0,0xE0,0x00,0x00,0x00,0x00,0x00,0x00,0xA2,0xA2,0xA0,0xA0,0x00,0x00,0xA0,0xA0},
    {0xA2,0xA2,0x10,0x10,0x10,0x10,0x10,0x10,0xE0,0xE0,0xE0,0xE0,0xE0,0xE0,0xE0,0xE0,0x00,0x00,0x00,0x00,0x00,0x00,0xA2,0xA2,0xA0,0xA0,0x00,0x00,0xA2,0xA2},
    {0xA2,0xA2,0x10,0x10,0x10,0x10,0xE0,0xE0,0xE0,0xE0,0xE0,0xE0,0xE0,0xE0,0xE0,0xE0,0xE0,0xE0,0xE0,0xE0,0xE0,0xE0,0xE0,0xE0,0xA0,0xA0,0x00,0x00,0xA2,0xA2},
    {0xA0,0xA0,0xE0,0xE0,0xE0,0xE0,0xE0,0xE0,0xE0,0xE0,0xE0,0xE0,0xE0,0xE0,0xE0,0xE0,0xE0,0xE0,0xE0,0xE0,0xE0,0xE0,0xE0,0xE0,0xA0,0xA0,0xE0,0xE0,0xA0,0xA0},
  },
  { /* sala 98 (0x98) */
    {0xE0,0xE0,0x10,0x10,0x00,0x00,0x00,0x00,0x00,0x00,0x00,0x00,0x00,0x00,0x00,0x00,0x00,0x00,0x00,0x00,0x00,0x00,0x00,0x00,0x00,0x00,0x10,0x10,0xE0,0xE0},
    {0xE0,0xE0,0x10,0x10,0x00,0x00,0x00,0x00,0x00,0x00,0x00,0x00,0x00,0x00,0x00,0x00,0x00,0x00,0x00,0x00,0x00,0x00,0x00,0x00,0x00,0x00,0x10,0x10,0xE0,0xE0},
    {0xE0,0xE0,0x10,0x10,0x00,0x00,0x38,0x38,0x00,0x00,0x00,0x00,0x00,0x00,0x00,0x00,0x00,0x00,0x00,0x00,0x00,0x00,0x38,0x38,0x00,0x00,0x10,0x10,0xE0,0xE0},
    {0xE0,0xE0,0x10,0x10,0x00,0x00,0x38,0x38,0x00,0x00,0x00,0x00,0x00,0x00,0x00,0x00,0x00,0x00,0x00,0x00,0x00,0x00,0x38,0x38,0x00,0x00,0x10,0x10,0xE0,0xE0},
    {0xE0,0xE0,0x10,0x10,0x00,0x00,0x00,0x00,0x00,0x00,0x00,0x00,0x00,0x00,0x00,0x00,0x00,0x00,0x00,0x00,0x00,0x00,0x00,0x00,0x00,0x00,0x10,0x10,0xE0,0xE0},
    {0xE0,0xE0,0x10,0x10,0x00,0x00,0x00,0x00,0x00,0x00,0x00,0x00,0x00,0x00,0x00,0x00,0x00,0x00,0x00,0x00,0x00,0x00,0x00,0x00,0x00,0x00,0x10,0x10,0xE0,0xE0},
    {0xE0,0xE0,0x10,0x10,0x00,0x00,0x38,0x38,0x00,0x00,0x00,0x00,0x00,0x00,0x00,0x00,0x00,0x00,0x00,0x00,0x00,0x00,0x38,0x38,0x00,0x00,0x10,0x10,0xE0,0xE0},
    {0xE0,0xE0,0x10,0x10,0x00,0x00,0x38,0x38,0x00,0x00,0x00,0x00,0x00,0x00,0x00,0x00,0x00,0x00,0x00,0x00,0x00,0x00,0x38,0x38,0x00,0x00,0x10,0x10,0xE0,0xE0},
    {0xE0,0xE0,0x10,0x10,0x00,0x00,0x24,0x20,0x00,0x00,0x00,0x00,0x00,0x00,0x00,0x00,0x00,0x00,0x00,0x00,0x00,0x00,0x00,0x00,0x00,0x00,0x10,0x10,0xE0,0xE0},
    {0xE0,0xE0,0x10,0x10,0x00,0x00,0x20,0x20,0x00,0x00,0x00,0x00,0x00,0x00,0x00,0x00,0x00,0x00,0x00,0x00,0x00,0x00,0x00,0x00,0x00,0x00,0x10,0x10,0xE0,0xE0},
    {0xE0,0xE0,0x10,0x10,0x00,0x00,0xE0,0xE0,0x00,0x00,0x00,0x00,0x00,0x00,0x00,0x00,0x00,0x00,0x00,0x00,0x00,0x00,0x00,0x00,0x00,0x00,0x10,0x10,0xE0,0xE0},
    {0xE0,0xE0,0x10,0x10,0x00,0x00,0xE0,0xE0,0xE0,0xE0,0x00,0x00,0x00,0x00,0x00,0x00,0x00,0x00,0x00,0x00,0x00,0x00,0x00,0x00,0x00,0x00,0x10,0x10,0xE0,0xE0},
    {0xE0,0xE0,0x10,0x10,0x00,0x00,0xE0,0xE0,0xE0,0xE0,0xE0,0xE0,0x00,0x00,0x00,0x00,0x00,0x00,0x00,0x00,0x00,0x00,0x00,0x00,0x00,0x00,0x10,0x10,0xE0,0xE0},
    {0xE0,0xE0,0x10,0x10,0x00,0x00,0x00,0x00,0x00,0x00,0x00,0x00,0x00,0x00,0x00,0x00,0x00,0x00,0x00,0x00,0x00,0x00,0x00,0x00,0x00,0x00,0x00,0x00,0x00,0x00},
    {0xE0,0xE0,0x10,0x10,0x00,0x00,0x00,0x00,0x00,0x00,0x00,0x00,0x00,0x00,0x00,0x00,0x00,0x00,0x00,0x00,0x00,0x00,0x00,0x00,0x00,0x00,0x00,0x00,0x00,0x00},
    {0xE0,0xE0,0xE0,0xE0,0xE0,0xE0,0xE0,0xE0,0xE0,0xE0,0xE0,0xE0,0xE0,0xE0,0xE0,0xE0,0xE0,0xE0,0xE0,0xE0,0xE0,0xE0,0xE0,0xE0,0xE0,0xE0,0xE0,0xE0,0xA0,0xA0},
    {0xA0,0xA0,0x00,0x00,0x00,0x00,0x00,0x00,0x00,0x00,0x00,0x00,0x00,0x00,0x00,0x00,0x00,0x00,0x00,0x00,0x00,0x00,0x00,0x00,0x00,0x00,0x00,0x00,0xA0,0xA0},
    {0xA2,0xA2,0x00,0x00,0x00,0x00,0x00,0x00,0x00,0x00,0x00,0x00,0x00,0x00,0x00,0x00,0x00,0x00,0x00,0x00,0x00,0x00,0x00,0x00,0x00,0x00,0x00,0x00,0xA2,0xA2},
    {0xA2,0xA2,0x00,0x00,0x00,0x00,0x00,0x00,0x00,0x00,0x00,0x00,0x00,0x00,0x00,0x00,0x00,0x00,0x00,0x00,0x00,0x00,0x00,0x00,0x00,0x00,0x00,0x00,0xA2,0xA2},
    {0xA0,0xA0,0xE0,0xE0,0xE0,0xE0,0xE0,0xE0,0xE0,0xE0,0xE0,0xE0,0xE0,0xE0,0xE0,0xE0,0xE0,0xE0,0xE0,0xE0,0xE0,0xE0,0xE0,0xE0,0xE0,0xE0,0xE0,0xE0,0xA0,0xA0},
  },
  { /* sala 99 (0x99) */
    {0xE0,0xE0,0xE0,0xE0,0xE0,0xE0,0xE0,0xE0,0xE0,0xE0,0xE0,0xE0,0xE0,0xE0,0xE0,0xE0,0xE0,0xE0,0xE0,0xE0,0xE0,0xE0,0x00,0x00,0x00,0x00,0xE0,0xE0,0xE0,0xE0},
    {0xE0,0xE0,0xE0,0xE0,0xE0,0xE0,0xE0,0xE0,0xE0,0xE0,0xE0,0xE0,0xE0,0xE0,0x00,0x00,0x00,0x00,0x10,0x10,0x10,0x10,0x00,0x00,0x00,0x00,0x10,0x10,0xE0,0xE0},
    {0xE0,0xE0,0x24,0x20,0xA0,0xA0,0x24,0x20,0xA0,0xA0,0x24,0x20,0xA0,0xA0,0x00,0x00,0x00,0x00,0x10,0x10,0x10,0x10,0x00,0x00,0x00,0x00,0x10,0x10,0xE0,0xE0},
    {0xE0,0xE0,0x20,0x20,0xA2,0xA2,0x20,0x20,0xA2,0xA2,0x20,0x20,0xA2,0xA2,0x00,0x00,0x00,0x00,0x00,0x00,0x00,0x00,0x00,0x00,0x00,0x00,0x00,0x00,0xE0,0xE0},
    {0xE0,0xE0,0x24,0x20,0xA2,0xA2,0x00,0x00,0xA2,0xA2,0x00,0x00,0xA2,0xA2,0x00,0x00,0x00,0x00,0x00,0x00,0x00,0x00,0x00,0x00,0x00,0x00,0x00,0x00,0xE0,0xE0},
    {0xE0,0xE0,0x20,0x20,0xE0,0xE0,0xE0,0xE0,0xE0,0xE0,0xE0,0xE0,0xE0,0xE0,0xE0,0xE0,0xE0,0xE0,0x00,0x00,0x00,0x00,0xA0,0xA0,0xA0,0xA0,0x00,0x00,0xE0,0xE0},
    {0xE0,0xE0,0x24,0x20,0xE0,0xE0,0xE0,0xE0,0xE0,0xE0,0xE0,0xE0,0xE0,0xE0,0x00,0x00,0x00,0x00,0x00,0x00,0x00,0x00,0x00,0x20,0x20,0x00,0x00,0x00,0xE0,0xE0},
    {0xE0,0xE0,0x20,0x20,0xE0,0xE0,0xE0,0xE0,0xE0,0xE0,0x00,0x00,0x00,0x00,0x00,0x00,0x00,0x00,0x00,0x00,0x00,0x00,0x00,0x20,0x20,0x00,0x00,0x00,0xE0,0xE0},
    {0xE0,0xE0,0x00,0x00,0xE0,0xE0,0x00,0x00,0x00,0x00,0x00,0x00,0x00,0x00,0x00,0x00,0x00,0x00,0x00,0x00,0x00,0x00,0x00,0x20,0x20,0x00,0x00,0x00,0xE0,0xE0},
    {0xE0,0xE0,0x00,0x00,0xE0,0xE0,0x00,0x00,0x00,0x00,0x00,0x00,0x00,0x00,0x00,0x00,0x00,0x00,0x10,0x10,0x10,0x10,0x00,0x20,0x20,0x00,0x10,0x10,0xE0,0xE0},
    {0xE0,0xE0,0x00,0x00,0x00,0x00,0x00,0x00,0x00,0x00,0x00,0x00,0x00,0x00,0x00,0x00,0x00,0x00,0x10,0x10,0x10,0x10,0x00,0x20,0x20,0x00,0x10,0x10,0xE0,0xE0},
    {0xE0,0xE0,0x00,0x00,0x00,0x00,0x00,0x00,0x00,0x00,0x00,0x00,0x00,0x00,0x00,0x00,0xE0,0xE0,0xE0,0xE0,0xE0,0xE0,0xE0,0xE0,0xE0,0xE0,0xE0,0xE0,0xE0,0xE0},
    {0xE0,0xE0,0x00,0x00,0x00,0x00,0x00,0x00,0x00,0x00,0x00,0x00,0xE0,0xE0,0xE0,0xE0,0xE0,0xE0,0xE0,0xE0,0xE0,0xE0,0xE0,0xE0,0xE0,0xE0,0xE0,0xE0,0xE0,0xE0},
    {0x00,0x00,0x00,0x00,0x00,0x00,0x00,0x00,0xE0,0xE0,0xE0,0xE0,0xE0,0xE0,0xE0,0xE0,0xE0,0xE0,0xE0,0xE0,0x00,0x00,0x00,0x00,0x00,0x00,0x00,0x00,0xE0,0xE0},
    {0x00,0x00,0x00,0x00,0xE0,0xE0,0xE0,0xE0,0xE0,0xE0,0x00,0x00,0x00,0x00,0x00,0x00,0x00,0x00,0xE0,0xE0,0x00,0x00,0x00,0x00,0x24,0x20,0x00,0x00,0xE0,0xE0},
    {0xA0,0xA0,0xE0,0xE0,0xE0,0xE0,0x00,0x00,0x00,0x00,0x00,0x00,0x00,0x00,0x00,0x00,0x00,0x00,0xE0,0xE0,0x00,0x00,0x00,0x00,0x20,0x20,0x00,0x00,0xE0,0xE0},
    {0xA0,0xA0,0x00,0x00,0x00,0x00,0x00,0x00,0x00,0x00,0x00,0x00,0x00,0x00,0x00,0x00,0x00,0x00,0xA0,0xA0,0x00,0x00,0x00,0x00,0x00,0x00,0x00,0x00,0xE0,0xE0},
    {0xA2,0xA2,0x00,0x00,0x00,0x00,0x00,0x00,0x10,0x10,0x00,0x00,0x00,0x00,0x10,0x10,0x00,0x00,0xA2,0xA2,0x00,0x00,0x00,0x00,0x00,0x00,0x00,0x00,0xE0,0xE0},
    {0xA2,0xA2,0x00,0x00,0x00,0x00,0x00,0x00,0x10,0x10,0x00,0x00,0x00,0x00,0x10,0x10,0x00,0x00,0xA2,0xA2,0x00,0x00,0x00,0x00,0x00,0x00,0x00,0x00,0xE0,0xE0},
    {0xA0,0xA0,0xE0,0xE0,0xE0,0xE0,0xE0,0xE0,0xE0,0xE0,0xE0,0xE0,0xE0,0xE0,0xE0,0xE0,0xE0,0xE0,0xE0,0xE0,0xE0,0xE0,0xE0,0xE0,0xE0,0xE0,0xE0,0xE0,0xE0,0xE0},
  },
};
